cost_id,order_id,cost_type,cost_amount
1,1,material,175.47
2,1,shipping,54.4
3,2,material,323.55
4,2,shipping,298.72
5,3,material,1396.62
6,3,shipping,1258.41
7,4,material,1855.26
8,4,shipping,1601.67
9,5,material,713.69
10,5,shipping,194.8
11,6,material,562.43
12,6,shipping,425.11
13,7,material,671.11
14,7,shipping,156.69
15,8,material,1661.65
16,8,shipping,962.17
17,9,material,6528.15
18,9,shipping,1062.13
19,10,material,376.79
20,10,shipping,85.93
21,11,material,66.99
22,11,shipping,22.38
23,12,material,2453.98
24,12,shipping,2116.33
25,13,material,3270.5
26,13,shipping,3137.31
27,14,material,4296.69
28,14,shipping,866.84
29,15,material,590.79
30,15,shipping,668.69
31,16,material,229.78
32,16,shipping,65.26
33,17,material,397.42
34,17,shipping,90.28
35,18,material,149.57
36,18,shipping,53.1
37,19,material,874.31
38,19,shipping,252.88
39,20,material,10435.17
40,20,shipping,1371.66
41,21,material,94.01
42,21,shipping,17.98
43,22,material,603.27
44,22,shipping,181.72
45,23,material,901.44
46,23,shipping,195.32
47,24,material,548.92
48,24,shipping,169.0
49,25,material,166.89
50,25,shipping,42.33
51,26,material,310.37
52,26,shipping,229.41
53,27,material,2564.13
54,27,shipping,2012.08
55,28,material,1994.14
56,28,shipping,1544.31
57,29,material,162.88
58,29,shipping,29.49
59,30,material,654.99
60,30,shipping,90.97
61,31,material,186.41
62,31,shipping,61.57
63,32,material,15149.4
64,32,shipping,3110.28
65,33,material,166.24
66,33,shipping,119.05
67,34,material,105.1
68,34,shipping,32.36
69,35,material,1701.78
70,35,shipping,403.9
71,36,material,616.76
72,36,shipping,160.22
73,37,material,158.21
74,37,shipping,40.7
75,38,material,441.62
76,38,shipping,284.09
77,39,material,961.58
78,39,shipping,145.72
79,40,material,363.89
80,40,shipping,103.07
81,41,material,20847.72
82,41,shipping,4510.64
83,42,material,5297.4
84,42,shipping,864.98
85,43,material,395.86
86,43,shipping,130.92
87,44,material,42.4
88,44,shipping,12.84
89,45,material,2858.99
90,45,shipping,2647.15
91,46,material,1079.87
92,46,shipping,203.93
93,47,material,13135.71
94,47,shipping,1872.5
95,48,material,3903.09
96,48,shipping,2351.15
97,49,material,232.39
98,49,shipping,50.41
99,50,material,274.3
100,50,shipping,69.21
101,51,material,477.43
102,51,shipping,152.98
103,52,material,1827.63
104,52,shipping,1609.37
105,53,material,55.77
106,53,shipping,10.98
107,54,material,6445.75
108,54,shipping,1309.9
109,55,material,3102.32
110,55,shipping,2300.5
111,56,material,391.87
112,56,shipping,126.8
113,57,material,3241.03
114,57,shipping,547.27
115,58,material,448.59
116,58,shipping,141.77
117,59,material,3346.06
118,59,shipping,2107.21
119,60,material,858.28
120,60,shipping,212.15
121,61,material,51.66
122,61,shipping,13.23
123,62,material,292.99
124,62,shipping,61.52
125,63,material,4772.05
126,63,shipping,744.54
127,64,material,153.94
128,64,shipping,50.63
129,65,material,1427.85
130,65,shipping,1011.04
131,66,material,4480.2
132,66,shipping,867.19
133,67,material,785.94
134,67,shipping,665.56
135,68,material,285.57
136,68,shipping,98.47
137,69,material,265.88
138,69,shipping,224.74
139,70,material,1485.57
140,70,shipping,231.09
141,71,material,971.63
142,71,shipping,300.15
143,72,material,20857.91
144,72,shipping,3578.17
145,73,material,3383.85
146,73,shipping,2609.21
147,74,material,2619.34
148,74,shipping,2143.67
149,75,material,194.51
150,75,shipping,217.13
151,76,material,4181.96
152,76,shipping,600.88
153,77,material,642.59
154,77,shipping,184.97
155,78,material,4721.48
156,78,shipping,1135.15
157,79,material,1224.14
158,79,shipping,165.34
159,80,material,6460.74
160,80,shipping,1066.13
161,81,material,1972.14
162,81,shipping,288.57
163,82,material,2429.71
164,82,shipping,1929.5
165,83,material,484.25
166,83,shipping,141.04
167,84,material,167.74
168,84,shipping,50.74
169,85,material,873.96
170,85,shipping,247.95
171,86,material,546.78
172,86,shipping,522.17
173,87,material,2962.88
174,87,shipping,565.6
175,88,material,19262.88
176,88,shipping,2975.63
177,89,material,388.59
178,89,shipping,83.33
179,90,material,516.93
180,90,shipping,165.02
181,91,material,320.04
182,91,shipping,91.78
183,92,material,687.12
184,92,shipping,151.97
185,93,material,6261.89
186,93,shipping,969.35
187,94,material,92.53
188,94,shipping,25.27
189,95,material,139.94
190,95,shipping,31.74
191,96,material,153.72
192,96,shipping,137.54
193,97,material,11318.94
194,97,shipping,2366.31
195,98,material,5591.39
196,98,shipping,880.34
197,99,material,3698.66
198,99,shipping,3762.12
199,100,material,450.44
200,100,shipping,141.76
201,101,material,203.96
202,101,shipping,50.23
203,102,material,2773.44
204,102,shipping,1519.95
205,103,material,115.95
206,103,shipping,117.98
207,104,material,403.71
208,104,shipping,92.3
209,105,material,7465.32
210,105,shipping,1544.06
211,106,material,387.95
212,106,shipping,415.57
213,107,material,17279.23
214,107,shipping,2249.5
215,108,material,11007.89
216,108,shipping,1565.8
217,109,material,144.29
218,109,shipping,49.24
219,110,material,1847.26
220,110,shipping,1149.49
221,111,material,2876.25
222,111,shipping,1902.77
223,112,material,20124.88
224,112,shipping,3774.73
225,113,material,68.92
226,113,shipping,77.54
227,114,material,346.25
228,114,shipping,55.72
229,115,material,533.84
230,115,shipping,298.74
231,116,material,293.99
232,116,shipping,81.62
233,117,material,275.85
234,117,shipping,217.93
235,118,material,52.24
236,118,shipping,11.83
237,119,material,12611.34
238,119,shipping,2258.81
239,120,material,635.55
240,120,shipping,677.47
241,121,material,248.89
242,121,shipping,80.89
243,122,material,2596.63
244,122,shipping,2003.51
245,123,material,315.18
246,123,shipping,61.28
247,124,material,36.95
248,124,shipping,45.21
249,125,material,248.91
250,125,shipping,56.13
251,126,material,2098.44
252,126,shipping,1471.72
253,127,material,349.57
254,127,shipping,90.44
255,128,material,4430.66
256,128,shipping,637.17
257,129,material,656.34
258,129,shipping,160.31
259,130,material,52.94
260,130,shipping,14.4
261,131,material,482.5
262,131,shipping,145.35
263,132,material,379.25
264,132,shipping,101.12
265,133,material,1576.98
266,133,shipping,1501.15
267,134,material,3274.59
268,134,shipping,3315.79
269,135,material,1546.98
270,135,shipping,1260.65
271,136,material,365.74
272,136,shipping,401.31
273,137,material,119.01
274,137,shipping,35.76
275,138,material,259.75
276,138,shipping,75.25
277,139,material,943.24
278,139,shipping,197.15
279,140,material,257.81
280,140,shipping,57.52
281,141,material,3262.58
282,141,shipping,1708.54
283,142,material,423.66
284,142,shipping,112.48
285,143,material,1037.22
286,143,shipping,319.05
287,144,material,708.78
288,144,shipping,542.26
289,145,material,230.32
290,145,shipping,62.7
291,146,material,260.19
292,146,shipping,79.83
293,147,material,411.46
294,147,shipping,143.37
295,148,material,108.21
296,148,shipping,22.16
297,149,material,649.09
298,149,shipping,169.93
299,150,material,100.35
300,150,shipping,28.74
301,151,material,334.66
302,151,shipping,63.67
303,152,material,68.59
304,152,shipping,12.94
305,153,material,51.39
306,153,shipping,15.22
307,154,material,564.77
308,154,shipping,406.77
309,155,material,19657.99
310,155,shipping,2559.09
311,156,material,748.33
312,156,shipping,404.53
313,157,material,1555.21
314,157,shipping,298.76
315,158,material,334.25
316,158,shipping,113.01
317,159,material,427.05
318,159,shipping,110.11
319,160,material,3518.73
320,160,shipping,611.49
321,161,material,965.05
322,161,shipping,148.8
323,162,material,24152.66
324,162,shipping,4653.82
325,163,material,390.87
326,163,shipping,260.82
327,164,material,299.45
328,164,shipping,287.22
329,165,material,488.99
330,165,shipping,150.68
331,166,material,25993.29
332,166,shipping,3898.3
333,167,material,233.07
334,167,shipping,56.13
335,168,material,3566.65
336,168,shipping,622.87
337,169,material,1137.02
338,169,shipping,222.33
339,170,material,2818.12
340,170,shipping,570.02
341,171,material,3696.3
342,171,shipping,786.31
343,172,material,9353.18
344,172,shipping,1201.88
345,173,material,146.83
346,173,shipping,37.26
347,174,material,551.36
348,174,shipping,137.26
349,175,material,171.29
350,175,shipping,117.78
351,176,material,1608.23
352,176,shipping,1120.33
353,177,material,161.91
354,177,shipping,40.66
355,178,material,242.21
356,178,shipping,52.45
357,179,material,387.13
358,179,shipping,109.87
359,180,material,143.58
360,180,shipping,49.14
361,181,material,576.59
362,181,shipping,500.79
363,182,material,564.04
364,182,shipping,142.73
365,183,material,13876.96
366,183,shipping,2443.8
367,184,material,973.53
368,184,shipping,180.75
369,185,material,18951.39
370,185,shipping,2770.72
371,186,material,17200.48
372,186,shipping,2683.97
373,187,material,33.47
374,187,shipping,7.96
375,188,material,572.67
376,188,shipping,152.94
377,189,material,166.6
378,189,shipping,38.85
379,190,material,183.07
380,190,shipping,54.04
381,191,material,953.71
382,191,shipping,600.44
383,192,material,283.7
384,192,shipping,68.5
385,193,material,371.98
386,193,shipping,87.16
387,194,material,5837.01
388,194,shipping,1295.29
389,195,material,332.45
390,195,shipping,99.31
391,196,material,240.72
392,196,shipping,66.8
393,197,material,284.05
394,197,shipping,310.12
395,198,material,1157.58
396,198,shipping,255.93
397,199,material,124.12
398,199,shipping,27.19
399,200,material,5594.4
400,200,shipping,1239.93
401,201,material,239.08
402,201,shipping,65.83
403,202,material,349.57
404,202,shipping,243.51
405,203,material,242.95
406,203,shipping,69.35
407,204,material,186.88
408,204,shipping,182.64
409,205,material,162.85
410,205,shipping,54.23
411,206,material,82.52
412,206,shipping,27.94
413,207,material,733.71
414,207,shipping,690.98
415,208,material,23155.54
416,208,shipping,3383.65
417,209,material,183.44
418,209,shipping,52.79
419,210,material,77.1
420,210,shipping,58.37
421,211,material,477.04
422,211,shipping,135.19
423,212,material,14678.78
424,212,shipping,2077.62
425,213,material,216.86
426,213,shipping,239.18
427,214,material,8589.03
428,214,shipping,1391.66
429,215,material,304.39
430,215,shipping,242.9
431,216,material,473.81
432,216,shipping,177.56
433,217,material,2129.27
434,217,shipping,1559.94
435,218,material,4200.14
436,218,shipping,927.14
437,219,material,3523.28
438,219,shipping,719.54
439,220,material,818.25
440,220,shipping,181.4
441,221,material,3594.85
442,221,shipping,791.08
443,222,material,6326.0
444,222,shipping,1065.53
445,223,material,672.85
446,223,shipping,176.67
447,224,material,893.8
448,224,shipping,225.37
449,225,material,113.14
450,225,shipping,32.43
451,226,material,324.53
452,226,shipping,125.34
453,227,material,54.33
454,227,shipping,15.11
455,228,material,707.48
456,228,shipping,155.87
457,229,material,202.91
458,229,shipping,43.14
459,230,material,14063.87
460,230,shipping,2947.13
461,231,material,972.38
462,231,shipping,196.61
463,232,material,1736.81
464,232,shipping,315.91
465,233,material,90.37
466,233,shipping,16.07
467,234,material,104.45
468,234,shipping,22.91
469,235,material,2850.95
470,235,shipping,453.48
471,236,material,5586.07
472,236,shipping,1095.97
473,237,material,1035.62
474,237,shipping,192.75
475,238,material,162.28
476,238,shipping,50.96
477,239,material,230.4
478,239,shipping,71.25
479,240,material,6985.0
480,240,shipping,1040.84
481,241,material,705.86
482,241,shipping,170.29
483,242,material,135.15
484,242,shipping,99.14
485,243,material,1608.83
486,243,shipping,1328.11
487,244,material,189.83
488,244,shipping,52.09
489,245,material,2960.27
490,245,shipping,2329.96
491,246,material,374.68
492,246,shipping,319.43
493,247,material,1912.94
494,247,shipping,1518.27
495,248,material,3050.83
496,248,shipping,2621.19
497,249,material,71.04
498,249,shipping,15.39
499,250,material,632.93
500,250,shipping,130.89
501,251,material,614.25
502,251,shipping,561.85
503,252,material,251.95
504,252,shipping,53.56
505,253,material,682.99
506,253,shipping,563.34
507,254,material,22.23
508,254,shipping,7.15
509,255,material,61.93
510,255,shipping,18.85
511,256,material,135.7
512,256,shipping,24.99
513,257,material,250.92
514,257,shipping,71.17
515,258,material,5940.45
516,258,shipping,1332.2
517,259,material,276.18
518,259,shipping,63.14
519,260,material,467.72
520,260,shipping,113.86
521,261,material,235.95
522,261,shipping,66.63
523,262,material,214.35
524,262,shipping,56.97
525,263,material,170.04
526,263,shipping,30.63
527,264,material,240.91
528,264,shipping,271.95
529,265,material,244.13
530,265,shipping,54.87
531,266,material,873.13
532,266,shipping,155.17
533,267,material,2783.36
534,267,shipping,2636.88
535,268,material,5928.99
536,268,shipping,1308.12
537,269,material,1101.43
538,269,shipping,1002.31
539,270,material,41.6
540,270,shipping,9.4
541,271,material,189.5
542,271,shipping,176.98
543,272,material,319.04
544,272,shipping,280.08
545,273,material,195.64
546,273,shipping,50.33
547,274,material,659.12
548,274,shipping,453.13
549,275,material,515.64
550,275,shipping,120.99
551,276,material,406.15
552,276,shipping,94.44
553,277,material,95.71
554,277,shipping,24.62
555,278,material,187.44
556,278,shipping,152.52
557,279,material,262.59
558,279,shipping,82.74
559,280,material,174.61
560,280,shipping,53.56
561,281,material,102.61
562,281,shipping,24.15
563,282,material,5127.48
564,282,shipping,813.37
565,283,material,368.98
566,283,shipping,400.79
567,284,material,15372.11
568,284,shipping,3620.31
569,285,material,67.32
570,285,shipping,62.31
571,286,material,2302.94
572,286,shipping,2053.44
573,287,material,207.49
574,287,shipping,55.53
575,288,material,1262.83
576,288,shipping,251.76
577,289,material,242.54
578,289,shipping,57.34
579,290,material,17518.7
580,290,shipping,3610.23
581,291,material,18301.64
582,291,shipping,2398.95
583,292,material,562.82
584,292,shipping,113.21
585,293,material,1114.23
586,293,shipping,247.05
587,294,material,409.48
588,294,shipping,146.59
589,295,material,3390.65
590,295,shipping,2946.23
591,296,material,767.31
592,296,shipping,161.99
593,297,material,322.19
594,297,shipping,90.02
595,298,material,3219.22
596,298,shipping,2068.35
597,299,material,412.9
598,299,shipping,307.68
599,300,material,3443.73
600,300,shipping,668.25
601,301,material,579.58
602,301,shipping,188.59
603,302,material,303.07
604,302,shipping,313.43
605,303,material,294.2
606,303,shipping,75.15
607,304,material,154.33
608,304,shipping,158.15
609,305,material,763.71
610,305,shipping,208.46
611,306,material,1670.97
612,306,shipping,1164.89
613,307,material,531.76
614,307,shipping,149.32
615,308,material,322.43
616,308,shipping,66.41
617,309,material,19164.72
618,309,shipping,4084.26
619,310,material,923.83
620,310,shipping,774.84
621,311,material,117.59
622,311,shipping,30.75
623,312,material,20324.88
624,312,shipping,3851.92
625,313,material,21384.12
626,313,shipping,4351.81
627,314,material,4951.66
628,314,shipping,1199.19
629,315,material,524.06
630,315,shipping,401.71
631,316,material,588.23
632,316,shipping,141.73
633,317,material,52.3
634,317,shipping,14.87
635,318,material,5620.08
636,318,shipping,1335.25
637,319,material,48.77
638,319,shipping,12.2
639,320,material,172.87
640,320,shipping,35.08
641,321,material,2934.05
642,321,shipping,675.57
643,322,material,740.41
644,322,shipping,243.18
645,323,material,103.37
646,323,shipping,20.41
647,324,material,1789.48
648,324,shipping,1703.49
649,325,material,2413.84
650,325,shipping,1640.27
651,326,material,85.4
652,326,shipping,27.14
653,327,material,606.66
654,327,shipping,142.87
655,328,material,49.76
656,328,shipping,12.59
657,329,material,964.53
658,329,shipping,215.92
659,330,material,562.76
660,330,shipping,520.5
661,331,material,997.35
662,331,shipping,743.43
663,332,material,1719.5
664,332,shipping,1138.34
665,333,material,435.52
666,333,shipping,152.06
667,334,material,855.03
668,334,shipping,247.86
669,335,material,1180.05
670,335,shipping,333.41
671,336,material,396.44
672,336,shipping,101.01
673,337,material,235.45
674,337,shipping,77.14
675,338,material,18363.29
676,338,shipping,3900.26
677,339,material,2660.23
678,339,shipping,1721.61
679,340,material,540.84
680,340,shipping,410.39
681,341,material,3140.38
682,341,shipping,2441.85
683,342,material,1349.43
684,342,shipping,232.03
685,343,material,2112.74
686,343,shipping,1143.66
687,344,material,462.74
688,344,shipping,140.23
689,345,material,17497.88
690,345,shipping,3919.26
691,346,material,203.35
692,346,shipping,41.95
693,347,material,513.88
694,347,shipping,561.98
695,348,material,2091.05
696,348,shipping,390.64
697,349,material,2559.62
698,349,shipping,1568.88
699,350,material,24864.95
700,350,shipping,4263.51
701,351,material,70.13
702,351,shipping,20.11
703,352,material,2940.96
704,352,shipping,700.25
705,353,material,3161.41
706,353,shipping,2299.11
707,354,material,462.7
708,354,shipping,118.25
709,355,material,281.97
710,355,shipping,57.03
711,356,material,292.75
712,356,shipping,60.63
713,357,material,54.89
714,357,shipping,13.26
715,358,material,2937.69
716,358,shipping,2070.65
717,359,material,284.33
718,359,shipping,71.13
719,360,material,653.84
720,360,shipping,519.69
721,361,material,18663.07
722,361,shipping,2472.04
723,362,material,43.81
724,362,shipping,15.1
725,363,material,234.24
726,363,shipping,58.65
727,364,material,321.04
728,364,shipping,67.92
729,365,material,443.23
730,365,shipping,145.14
731,366,material,1758.84
732,366,shipping,398.39
733,367,material,86.02
734,367,shipping,24.28
735,368,material,178.01
736,368,shipping,159.23
737,369,material,4057.77
738,369,shipping,974.35
739,370,material,1019.8
740,370,shipping,279.65
741,371,material,176.51
742,371,shipping,55.97
743,372,material,557.17
744,372,shipping,143.2
745,373,material,2266.46
746,373,shipping,382.39
747,374,material,519.62
748,374,shipping,381.5
749,375,material,147.95
750,375,shipping,32.12
751,376,material,33.85
752,376,shipping,9.36
753,377,material,291.0
754,377,shipping,60.57
755,378,material,14272.58
756,378,shipping,2312.07
757,379,material,537.68
758,379,shipping,368.82
759,380,material,82.21
760,380,shipping,25.83
761,381,material,170.57
762,381,shipping,44.91
763,382,material,70.38
764,382,shipping,21.8
765,383,material,65.2
766,383,shipping,20.94
767,384,material,11338.88
768,384,shipping,1652.42
769,385,material,483.52
770,385,shipping,146.78
771,386,material,14553.42
772,386,shipping,3208.3
773,387,material,309.36
774,387,shipping,54.22
775,388,material,2498.05
776,388,shipping,395.62
777,389,material,2191.65
778,389,shipping,1702.71
779,390,material,157.18
780,390,shipping,46.9
781,391,material,3360.97
782,391,shipping,740.85
783,392,material,722.41
784,392,shipping,469.55
785,393,material,335.64
786,393,shipping,50.96
787,394,material,135.05
788,394,shipping,45.91
789,395,material,13277.74
790,395,shipping,1837.22
791,396,material,4987.45
792,396,shipping,959.11
793,397,material,97.0
794,397,shipping,21.81
795,398,material,8616.0
796,398,shipping,1904.94
797,399,material,22696.23
798,399,shipping,4277.2
799,400,material,541.33
800,400,shipping,106.48
801,401,material,604.85
802,401,shipping,121.7
803,402,material,229.3
804,402,shipping,61.9
805,403,material,485.9
806,403,shipping,162.25
807,404,material,144.21
808,404,shipping,34.19
809,405,material,12105.59
810,405,shipping,2517.04
811,406,material,422.39
812,406,shipping,154.44
813,407,material,550.68
814,407,shipping,142.37
815,408,material,214.07
816,408,shipping,50.13
817,409,material,260.61
818,409,shipping,109.88
819,410,material,97.83
820,410,shipping,32.03
821,411,material,504.06
822,411,shipping,443.15
823,412,material,328.25
824,412,shipping,366.39
825,413,material,8535.08
826,413,shipping,1197.26
827,414,material,11877.54
828,414,shipping,1494.96
829,415,material,129.45
830,415,shipping,27.76
831,416,material,148.87
832,416,shipping,45.55
833,417,material,59.41
834,417,shipping,26.75
835,418,material,209.61
836,418,shipping,43.08
837,419,material,2711.98
838,419,shipping,1604.45
839,420,material,340.32
840,420,shipping,110.04
841,421,material,3096.0
842,421,shipping,2216.92
843,422,material,624.78
844,422,shipping,188.99
845,423,material,460.63
846,423,shipping,396.45
847,424,material,34.54
848,424,shipping,7.02
849,425,material,180.25
850,425,shipping,42.59
851,426,material,9993.24
852,426,shipping,1588.42
853,427,material,99.03
854,427,shipping,27.86
855,428,material,1096.29
856,428,shipping,226.04
857,429,material,627.6
858,429,shipping,447.15
859,430,material,35.43
860,430,shipping,37.48
861,431,material,105.74
862,431,shipping,32.17
863,432,material,174.21
864,432,shipping,39.33
865,433,material,108.53
866,433,shipping,28.72
867,434,material,480.76
868,434,shipping,108.8
869,435,material,19.65
870,435,shipping,4.33
871,436,material,7482.32
872,436,shipping,1598.73
873,437,material,167.74
874,437,shipping,147.13
875,438,material,3391.17
876,438,shipping,568.64
877,439,material,293.57
878,439,shipping,53.57
879,440,material,2089.18
880,440,shipping,1577.81
881,441,material,193.75
882,441,shipping,38.57
883,442,material,967.2
884,442,shipping,143.92
885,443,material,3595.72
886,443,shipping,667.94
887,444,material,360.1
888,444,shipping,71.33
889,445,material,208.16
890,445,shipping,59.13
891,446,material,12470.53
892,446,shipping,2715.38
893,447,material,307.68
894,447,shipping,72.54
895,448,material,2921.28
896,448,shipping,1638.13
897,449,material,1958.25
898,449,shipping,1455.11
899,450,material,6227.05
900,450,shipping,841.05
901,451,material,522.88
902,451,shipping,147.22
903,452,material,724.05
904,452,shipping,512.5
905,453,material,74.86
906,453,shipping,22.9
907,454,material,140.27
908,454,shipping,44.29
909,455,material,351.26
910,455,shipping,101.11
911,456,material,3079.37
912,456,shipping,2257.18
913,457,material,685.16
914,457,shipping,545.75
915,458,material,6501.19
916,458,shipping,1439.01
917,459,material,300.83
918,459,shipping,85.19
919,460,material,367.41
920,460,shipping,286.57
921,461,material,256.27
922,461,shipping,64.18
923,462,material,2512.08
924,462,shipping,440.74
925,463,material,3568.88
926,463,shipping,2276.21
927,464,material,109.92
928,464,shipping,25.52
929,465,material,6940.65
930,465,shipping,1410.78
931,466,material,395.34
932,466,shipping,96.01
933,467,material,9313.61
934,467,shipping,1349.13
935,468,material,669.87
936,468,shipping,182.99
937,469,material,343.04
938,469,shipping,313.1
939,470,material,291.68
940,470,shipping,96.04
941,471,material,186.11
942,471,shipping,123.61
943,472,material,196.86
944,472,shipping,52.94
945,473,material,3206.07
946,473,shipping,2556.39
947,474,material,230.39
948,474,shipping,74.24
949,475,material,216.17
950,475,shipping,64.81
951,476,material,68.29
952,476,shipping,19.22
953,477,material,19848.23
954,477,shipping,3447.99
955,478,material,350.2
956,478,shipping,100.93
957,479,material,903.25
958,479,shipping,253.59
959,480,material,191.15
960,480,shipping,176.88
961,481,material,158.21
962,481,shipping,48.92
963,482,material,515.96
964,482,shipping,102.47
965,483,material,5412.42
966,483,shipping,1232.2
967,484,material,5379.14
968,484,shipping,935.12
969,485,material,178.48
970,485,shipping,184.52
971,486,material,187.44
972,486,shipping,42.25
973,487,material,301.83
974,487,shipping,57.26
975,488,material,2695.58
976,488,shipping,1732.76
977,489,material,933.36
978,489,shipping,245.13
979,490,material,527.68
980,490,shipping,139.93
981,491,material,223.07
982,491,shipping,65.29
983,492,material,208.17
984,492,shipping,57.88
985,493,material,176.09
986,493,shipping,100.87
987,494,material,69.74
988,494,shipping,12.56
989,495,material,25822.95
990,495,shipping,5961.06
991,496,material,2660.79
992,496,shipping,1914.94
993,497,material,11160.89
994,497,shipping,2085.3
995,498,material,729.82
996,498,shipping,466.28
997,499,material,313.65
998,499,shipping,75.98
999,500,material,259.09
1000,500,shipping,203.5
1001,501,material,5995.58
1002,501,shipping,914.95
1003,502,material,2919.28
1004,502,shipping,700.83
1005,503,material,36.56
1006,503,shipping,9.94
1007,504,material,1264.01
1008,504,shipping,181.0
1009,505,material,64.85
1010,505,shipping,15.06
1011,506,material,3063.12
1012,506,shipping,2571.79
1013,507,material,6888.44
1014,507,shipping,1162.78
1015,508,material,2278.2
1016,508,shipping,1946.35
1017,509,material,535.54
1018,509,shipping,372.64
1019,510,material,355.23
1020,510,shipping,102.07
1021,511,material,449.58
1022,511,shipping,328.49
1023,512,material,1163.07
1024,512,shipping,254.34
1025,513,material,4864.83
1026,513,shipping,824.95
1027,514,material,2355.17
1028,514,shipping,1748.17
1029,515,material,549.3
1030,515,shipping,544.7
1031,516,material,22055.45
1032,516,shipping,4392.68
1033,517,material,501.21
1034,517,shipping,105.77
1035,518,material,429.67
1036,518,shipping,467.63
1037,519,material,413.17
1038,519,shipping,88.19
1039,520,material,670.66
1040,520,shipping,402.31
1041,521,material,323.0
1042,521,shipping,134.74
1043,522,material,578.95
1044,522,shipping,406.4
1045,523,material,23436.96
1046,523,shipping,3984.46
1047,524,material,326.0
1048,524,shipping,60.55
1049,525,material,1015.47
1050,525,shipping,271.17
1051,526,material,2119.01
1052,526,shipping,1249.08
1053,527,material,435.89
1054,527,shipping,152.91
1055,528,material,276.62
1056,528,shipping,92.67
1057,529,material,237.99
1058,529,shipping,75.39
1059,530,material,330.11
1060,530,shipping,70.65
1061,531,material,285.76
1062,531,shipping,71.87
1063,532,material,155.67
1064,532,shipping,55.37
1065,533,material,559.3
1066,533,shipping,178.51
1067,534,material,15717.02
1068,534,shipping,3358.83
1069,535,material,10465.3
1070,535,shipping,2142.76
1071,536,material,1097.72
1072,536,shipping,312.53
1073,537,material,48.38
1074,537,shipping,15.03
1075,538,material,109.69
1076,538,shipping,22.41
1077,539,material,6351.57
1078,539,shipping,1282.68
1079,540,material,377.24
1080,540,shipping,83.34
1081,541,material,277.88
1082,541,shipping,64.78
1083,542,material,223.15
1084,542,shipping,55.39
1085,543,material,714.35
1086,543,shipping,457.37
1087,544,material,63.88
1088,544,shipping,21.95
1089,545,material,24.66
1090,545,shipping,7.86
1091,546,material,12138.99
1092,546,shipping,2238.86
1093,547,material,3412.32
1094,547,shipping,615.08
1095,548,material,621.39
1096,548,shipping,186.33
1097,549,material,1502.68
1098,549,shipping,208.63
1099,550,material,387.91
1100,550,shipping,133.18
1101,551,material,2418.95
1102,551,shipping,1420.27
1103,552,material,5805.41
1104,552,shipping,981.39
1105,553,material,429.84
1106,553,shipping,117.09
1107,554,material,209.26
1108,554,shipping,187.22
1109,555,material,187.95
1110,555,shipping,51.22
1111,556,material,21658.02
1112,556,shipping,2989.34
1113,557,material,3109.79
1114,557,shipping,646.86
1115,558,material,101.15
1116,558,shipping,21.14
1117,559,material,21166.09
1118,559,shipping,3310.02
1119,560,material,393.58
1120,560,shipping,303.34
1121,561,material,340.86
1122,561,shipping,103.67
1123,562,material,647.97
1124,562,shipping,150.47
1125,563,material,1645.69
1126,563,shipping,1411.83
1127,564,material,544.26
1128,564,shipping,152.85
1129,565,material,307.57
1130,565,shipping,78.54
1131,566,material,23262.43
1132,566,shipping,3389.33
1133,567,material,171.26
1134,567,shipping,185.43
1135,568,material,606.69
1136,568,shipping,562.6
1137,569,material,271.6
1138,569,shipping,71.22
1139,570,material,286.72
1140,570,shipping,83.94
1141,571,material,65.02
1142,571,shipping,20.69
1143,572,material,2491.21
1144,572,shipping,499.9
1145,573,material,415.01
1146,573,shipping,134.59
1147,574,material,5443.68
1148,574,shipping,836.82
1149,575,material,987.49
1150,575,shipping,173.71
1151,576,material,92.94
1152,576,shipping,25.8
1153,577,material,2469.9
1154,577,shipping,376.02
1155,578,material,216.56
1156,578,shipping,57.69
1157,579,material,20402.04
1158,579,shipping,4607.53
1159,580,material,12258.79
1160,580,shipping,2368.44
1161,581,material,462.78
1162,581,shipping,145.23
1163,582,material,137.15
1164,582,shipping,39.31
1165,583,material,818.52
1166,583,shipping,740.01
1167,584,material,327.54
1168,584,shipping,85.28
1169,585,material,917.33
1170,585,shipping,190.85
1171,586,material,3134.41
1172,586,shipping,2454.37
1173,587,material,470.72
1174,587,shipping,511.9
1175,588,material,887.64
1176,588,shipping,775.91
1177,589,material,1571.59
1178,589,shipping,1307.1
1179,590,material,15978.91
1180,590,shipping,2503.29
1181,591,material,211.61
1182,591,shipping,57.2
1183,592,material,448.66
1184,592,shipping,101.18
1185,593,material,423.91
1186,593,shipping,135.7
1187,594,material,517.73
1188,594,shipping,106.55
1189,595,material,7033.22
1190,595,shipping,1435.49
1191,596,material,488.36
1192,596,shipping,284.0
1193,597,material,3611.16
1194,597,shipping,3390.13
1195,598,material,269.77
1196,598,shipping,73.79
1197,599,material,24055.43
1198,599,shipping,4447.79
1199,600,material,6449.47
1200,600,shipping,1106.28
1201,601,material,505.63
1202,601,shipping,167.43
1203,602,material,715.26
1204,602,shipping,193.51
1205,603,material,10051.73
1206,603,shipping,1839.26
1207,604,material,6027.17
1208,604,shipping,1289.82
1209,605,material,3323.47
1210,605,shipping,2282.66
1211,606,material,16916.85
1212,606,shipping,3365.75
1213,607,material,337.69
1214,607,shipping,96.08
1215,608,material,67.82
1216,608,shipping,17.5
1217,609,material,655.24
1218,609,shipping,134.48
1219,610,material,510.87
1220,610,shipping,124.01
1221,611,material,634.66
1222,611,shipping,134.59
1223,612,material,686.84
1224,612,shipping,759.76
1225,613,material,1002.81
1226,613,shipping,306.61
1227,614,material,280.64
1228,614,shipping,61.01
1229,615,material,20230.14
1230,615,shipping,3985.72
1231,616,material,388.07
1232,616,shipping,314.98
1233,617,material,132.0
1234,617,shipping,38.63
1235,618,material,490.31
1236,618,shipping,409.92
1237,619,material,316.15
1238,619,shipping,79.72
1239,620,material,555.93
1240,620,shipping,124.83
1241,621,material,6720.6
1242,621,shipping,1833.76
1243,622,material,884.57
1244,622,shipping,227.91
1245,623,material,8635.17
1246,623,shipping,1644.43
1247,624,material,717.4
1248,624,shipping,149.2
1249,625,material,616.75
1250,625,shipping,137.45
1251,626,material,566.84
1252,626,shipping,464.63
1253,627,material,192.77
1254,627,shipping,44.18
1255,628,material,447.27
1256,628,shipping,149.78
1257,629,material,450.08
1258,629,shipping,400.54
1259,630,material,150.38
1260,630,shipping,39.06
1261,631,material,1229.65
1262,631,shipping,230.64
1263,632,material,1183.03
1264,632,shipping,252.0
1265,633,material,301.43
1266,633,shipping,106.59
1267,634,material,658.58
1268,634,shipping,198.61
1269,635,material,302.5
1270,635,shipping,78.46
1271,636,material,260.93
1272,636,shipping,60.27
1273,637,material,162.13
1274,637,shipping,45.11
1275,638,material,20138.96
1276,638,shipping,2622.39
1277,639,material,30.85
1278,639,shipping,10.58
1279,640,material,2141.33
1280,640,shipping,1751.34
1281,641,material,230.26
1282,641,shipping,58.06
1283,642,material,163.83
1284,642,shipping,39.19
1285,643,material,56.12
1286,643,shipping,9.91
1287,644,material,265.53
1288,644,shipping,65.86
1289,645,material,385.89
1290,645,shipping,129.93
1291,646,material,33.43
1292,646,shipping,8.45
1293,647,material,295.17
1294,647,shipping,101.79
1295,648,material,285.0
1296,648,shipping,268.18
1297,649,material,519.54
1298,649,shipping,169.07
1299,650,material,2799.69
1300,650,shipping,500.62
1301,651,material,2555.88
1302,651,shipping,403.87
1303,652,material,34.25
1304,652,shipping,10.31
1305,653,material,2309.46
1306,653,shipping,486.21
1307,654,material,2220.71
1308,654,shipping,416.21
1309,655,material,1096.29
1310,655,shipping,311.74
1311,656,material,2181.77
1312,656,shipping,1228.7
1313,657,material,255.8
1314,657,shipping,211.01
1315,658,material,52.64
1316,658,shipping,15.19
1317,659,material,1159.89
1318,659,shipping,778.21
1319,660,material,5837.32
1320,660,shipping,1256.69
1321,661,material,238.73
1322,661,shipping,54.86
1323,662,material,108.27
1324,662,shipping,27.06
1325,663,material,2950.12
1326,663,shipping,1838.4
1327,664,material,330.43
1328,664,shipping,64.24
1329,665,material,14884.64
1330,665,shipping,2945.04
1331,666,material,337.96
1332,666,shipping,91.29
1333,667,material,1323.75
1334,667,shipping,207.87
1335,668,material,325.71
1336,668,shipping,63.02
1337,669,material,517.05
1338,669,shipping,404.83
1339,670,material,339.15
1340,670,shipping,76.66
1341,671,material,680.52
1342,671,shipping,197.76
1343,672,material,446.51
1344,672,shipping,101.98
1345,673,material,195.53
1346,673,shipping,175.59
1347,674,material,21.1
1348,674,shipping,7.5
1349,675,material,407.15
1350,675,shipping,121.6
1351,676,material,87.74
1352,676,shipping,17.83
1353,677,material,3734.14
1354,677,shipping,3002.0
1355,678,material,6212.02
1356,678,shipping,1443.05
1357,679,material,717.76
1358,679,shipping,223.02
1359,680,material,14248.68
1360,680,shipping,2273.3
1361,681,material,150.03
1362,681,shipping,37.97
1363,682,material,2591.77
1364,682,shipping,386.11
1365,683,material,19985.86
1366,683,shipping,3703.05
1367,684,material,283.12
1368,684,shipping,75.05
1369,685,material,241.99
1370,685,shipping,58.52
1371,686,material,2389.36
1372,686,shipping,2018.88
1373,687,material,225.03
1374,687,shipping,50.78
1375,688,material,219.92
1376,688,shipping,70.44
1377,689,material,700.05
1378,689,shipping,218.09
1379,690,material,3008.0
1380,690,shipping,503.99
1381,691,material,411.72
1382,691,shipping,93.71
1383,692,material,9820.68
1384,692,shipping,2061.75
1385,693,material,3389.87
1386,693,shipping,733.71
1387,694,material,12652.19
1388,694,shipping,1887.38
1389,695,material,3527.95
1390,695,shipping,513.75
1391,696,material,2266.24
1392,696,shipping,364.5
1393,697,material,652.21
1394,697,shipping,211.34
1395,698,material,11677.19
1396,698,shipping,2850.35
1397,699,material,176.09
1398,699,shipping,53.22
1399,700,material,409.3
1400,700,shipping,146.53
1401,701,material,126.87
1402,701,shipping,41.3
1403,702,material,277.8
1404,702,shipping,52.28
1405,703,material,179.55
1406,703,shipping,34.02
1407,704,material,13620.78
1408,704,shipping,2319.55
1409,705,material,112.5
1410,705,shipping,28.07
1411,706,material,441.02
1412,706,shipping,112.03
1413,707,material,181.95
1414,707,shipping,184.15
1415,708,material,525.95
1416,708,shipping,370.47
1417,709,material,305.08
1418,709,shipping,72.75
1419,710,material,706.25
1420,710,shipping,643.68
1421,711,material,24141.94
1422,711,shipping,3892.68
1423,712,material,18683.43
1424,712,shipping,4015.14
1425,713,material,363.91
1426,713,shipping,348.22
1427,714,material,1838.6
1428,714,shipping,1127.16
1429,715,material,275.81
1430,715,shipping,75.97
1431,716,material,223.89
1432,716,shipping,45.37
1433,717,material,435.13
1434,717,shipping,131.67
1435,718,material,891.75
1436,718,shipping,157.28
1437,719,material,219.5
1438,719,shipping,46.13
1439,720,material,107.93
1440,720,shipping,30.41
1441,721,material,353.24
1442,721,shipping,269.02
1443,722,material,23.06
1444,722,shipping,6.6
1445,723,material,223.8
1446,723,shipping,58.67
1447,724,material,555.67
1448,724,shipping,177.21
1449,725,material,13544.14
1450,725,shipping,2532.28
1451,726,material,626.46
1452,726,shipping,112.61
1453,727,material,269.93
1454,727,shipping,49.98
1455,728,material,581.63
1456,728,shipping,314.51
1457,729,material,248.3
1458,729,shipping,79.36
1459,730,material,5332.67
1460,730,shipping,1158.21
1461,731,material,538.31
1462,731,shipping,118.01
1463,732,material,627.57
1464,732,shipping,473.25
1465,733,material,326.03
1466,733,shipping,67.83
1467,734,material,2301.61
1468,734,shipping,1999.67
1469,735,material,207.09
1470,735,shipping,61.35
1471,736,material,618.21
1472,736,shipping,192.02
1473,737,material,997.42
1474,737,shipping,261.4
1475,738,material,882.43
1476,738,shipping,251.96
1477,739,material,997.57
1478,739,shipping,345.11
1479,740,material,179.06
1480,740,shipping,34.06
1481,741,material,328.49
1482,741,shipping,65.57
1483,742,material,104.85
1484,742,shipping,32.97
1485,743,material,152.45
1486,743,shipping,42.48
1487,744,material,4923.84
1488,744,shipping,1107.0
1489,745,material,583.18
1490,745,shipping,623.94
1491,746,material,126.75
1492,746,shipping,34.73
1493,747,material,24532.76
1494,747,shipping,5366.03
1495,748,material,22.27
1496,748,shipping,7.98
1497,749,material,389.58
1498,749,shipping,89.78
1499,750,material,22827.0
1500,750,shipping,4315.5
1501,751,material,391.07
1502,751,shipping,125.58
1503,752,material,17.78
1504,752,shipping,3.35
1505,753,material,377.8
1506,753,shipping,100.63
1507,754,material,417.87
1508,754,shipping,104.59
1509,755,material,663.84
1510,755,shipping,725.14
1511,756,material,536.05
1512,756,shipping,604.86
1513,757,material,1132.9
1514,757,shipping,946.03
1515,758,material,3465.94
1516,758,shipping,611.0
1517,759,material,288.27
1518,759,shipping,79.35
1519,760,material,404.67
1520,760,shipping,99.54
1521,761,material,422.8
1522,761,shipping,441.47
1523,762,material,1018.98
1524,762,shipping,287.72
1525,763,material,145.58
1526,763,shipping,137.97
1527,764,material,558.66
1528,764,shipping,423.38
1529,765,material,3250.77
1530,765,shipping,624.72
1531,766,material,85.27
1532,766,shipping,22.63
1533,767,material,597.7
1534,767,shipping,128.2
1535,768,material,174.46
1536,768,shipping,52.92
1537,769,material,15738.71
1538,769,shipping,1941.26
1539,770,material,3281.26
1540,770,shipping,709.74
1541,771,material,2306.02
1542,771,shipping,1832.69
1543,772,material,2198.75
1544,772,shipping,2123.34
1545,773,material,311.84
1546,773,shipping,61.86
1547,774,material,270.08
1548,774,shipping,85.75
1549,775,material,623.92
1550,775,shipping,519.34
1551,776,material,22880.03
1552,776,shipping,4426.84
1553,777,material,123.04
1554,777,shipping,33.97
1555,778,material,1655.1
1556,778,shipping,374.44
1557,779,material,5514.17
1558,779,shipping,1074.29
1559,780,material,5892.34
1560,780,shipping,861.05
1561,781,material,539.43
1562,781,shipping,559.26
1563,782,material,216.41
1564,782,shipping,64.72
1565,783,material,46.12
1566,783,shipping,13.77
1567,784,material,11306.79
1568,784,shipping,1602.86
1569,785,material,202.97
1570,785,shipping,48.67
1571,786,material,249.4
1572,786,shipping,72.72
1573,787,material,14606.41
1574,787,shipping,2604.78
1575,788,material,2228.48
1576,788,shipping,1767.42
1577,789,material,119.07
1578,789,shipping,22.95
1579,790,material,382.26
1580,790,shipping,109.84
1581,791,material,316.92
1582,791,shipping,205.55
1583,792,material,947.57
1584,792,shipping,371.93
1585,793,material,3978.43
1586,793,shipping,2563.04
1587,794,material,2888.19
1588,794,shipping,2330.65
1589,795,material,314.22
1590,795,shipping,60.45
1591,796,material,4767.86
1592,796,shipping,764.65
1593,797,material,24947.35
1594,797,shipping,5334.78
1595,798,material,972.37
1596,798,shipping,207.84
1597,799,material,70.61
1598,799,shipping,17.38
1599,800,material,328.95
1600,800,shipping,107.45
1601,801,material,43.26
1602,801,shipping,9.68
1603,802,material,112.48
1604,802,shipping,127.88
1605,803,material,320.2
1606,803,shipping,86.84
1607,804,material,597.56
1608,804,shipping,97.22
1609,805,material,19.07
1610,805,shipping,4.0
1611,806,material,21240.73
1612,806,shipping,3625.34
1613,807,material,5416.81
1614,807,shipping,1146.63
1615,808,material,636.14
1616,808,shipping,172.22
1617,809,material,184.25
1618,809,shipping,48.5
1619,810,material,1206.05
1620,810,shipping,702.45
1621,811,material,230.19
1622,811,shipping,243.78
1623,812,material,5862.88
1624,812,shipping,1393.97
1625,813,material,2256.98
1626,813,shipping,456.11
1627,814,material,616.46
1628,814,shipping,690.55
1629,815,material,20302.88
1630,815,shipping,3060.32
1631,816,material,11879.54
1632,816,shipping,2329.33
1633,817,material,1311.19
1634,817,shipping,249.67
1635,818,material,1894.11
1636,818,shipping,1398.04
1637,819,material,63.08
1638,819,shipping,13.99
1639,820,material,942.13
1640,820,shipping,252.54
1641,821,material,995.0
1642,821,shipping,533.89
1643,822,material,333.05
1644,822,shipping,92.45
1645,823,material,368.26
1646,823,shipping,90.02
1647,824,material,781.69
1648,824,shipping,816.61
1649,825,material,208.29
1650,825,shipping,44.51
1651,826,material,502.38
1652,826,shipping,119.4
1653,827,material,555.46
1654,827,shipping,375.89
1655,828,material,1625.17
1656,828,shipping,1319.51
1657,829,material,109.95
1658,829,shipping,21.28
1659,830,material,769.71
1660,830,shipping,171.11
1661,831,material,2742.07
1662,831,shipping,467.45
1663,832,material,73.78
1664,832,shipping,86.49
1665,833,material,276.11
1666,833,shipping,83.89
1667,834,material,10331.09
1668,834,shipping,1730.66
1669,835,material,436.26
1670,835,shipping,152.97
1671,836,material,93.66
1672,836,shipping,30.78
1673,837,material,296.68
1674,837,shipping,329.6
1675,838,material,669.88
1676,838,shipping,215.33
1677,839,material,568.09
1678,839,shipping,513.27
1679,840,material,555.31
1680,840,shipping,371.49
1681,841,material,206.73
1682,841,shipping,38.68
1683,842,material,677.25
1684,842,shipping,635.75
1685,843,material,1115.44
1686,843,shipping,812.59
1687,844,material,4326.51
1688,844,shipping,621.79
1689,845,material,95.04
1690,845,shipping,32.84
1691,846,material,105.02
1692,846,shipping,28.34
1693,847,material,5748.62
1694,847,shipping,1418.33
1695,848,material,739.31
1696,848,shipping,755.96
1697,849,material,383.39
1698,849,shipping,86.48
1699,850,material,5359.65
1700,850,shipping,1016.58
1701,851,material,2358.72
1702,851,shipping,346.36
1703,852,material,1158.6
1704,852,shipping,225.34
1705,853,material,11828.46
1706,853,shipping,2546.34
1707,854,material,10653.3
1708,854,shipping,2311.94
1709,855,material,817.18
1710,855,shipping,232.63
1711,856,material,503.82
1712,856,shipping,555.16
1713,857,material,477.07
1714,857,shipping,320.68
1715,858,material,382.76
1716,858,shipping,80.89
1717,859,material,96.26
1718,859,shipping,22.19
1719,860,material,118.3
1720,860,shipping,27.3
1721,861,material,318.73
1722,861,shipping,70.88
1723,862,material,391.8
1724,862,shipping,351.66
1725,863,material,399.36
1726,863,shipping,125.73
1727,864,material,417.43
1728,864,shipping,455.62
1729,865,material,22.82
1730,865,shipping,6.2
1731,866,material,619.9
1732,866,shipping,189.96
1733,867,material,115.0
1734,867,shipping,105.98
1735,868,material,14197.11
1736,868,shipping,2368.28
1737,869,material,656.61
1738,869,shipping,170.55
1739,870,material,2688.43
1740,870,shipping,2403.85
1741,871,material,326.61
1742,871,shipping,73.9
1743,872,material,183.73
1744,872,shipping,42.44
1745,873,material,296.42
1746,873,shipping,89.32
1747,874,material,1732.4
1748,874,shipping,1913.33
1749,875,material,252.95
1750,875,shipping,259.16
1751,876,material,153.34
1752,876,shipping,129.14
1753,877,material,29.01
1754,877,shipping,10.36
1755,878,material,660.61
1756,878,shipping,683.52
1757,879,material,952.6
1758,879,shipping,217.4
1759,880,material,168.03
1760,880,shipping,149.02
1761,881,material,11539.47
1762,881,shipping,1553.18
1763,882,material,6654.78
1764,882,shipping,1511.9
1765,883,material,211.68
1766,883,shipping,46.88
1767,884,material,5829.04
1768,884,shipping,1038.86
1769,885,material,2047.02
1770,885,shipping,331.49
1771,886,material,4242.06
1772,886,shipping,986.22
1773,887,material,252.03
1774,887,shipping,92.9
1775,888,material,167.37
1776,888,shipping,33.66
1777,889,material,286.07
1778,889,shipping,76.75
1779,890,material,340.97
1780,890,shipping,47.31
1781,891,material,17252.57
1782,891,shipping,2395.92
1783,892,material,6311.66
1784,892,shipping,952.99
1785,893,material,401.5
1786,893,shipping,120.35
1787,894,material,1374.05
1788,894,shipping,257.91
1789,895,material,297.4
1790,895,shipping,87.55
1791,896,material,431.66
1792,896,shipping,447.22
1793,897,material,2339.28
1794,897,shipping,1391.11
1795,898,material,5231.51
1796,898,shipping,1311.25
1797,899,material,833.88
1798,899,shipping,224.75
1799,900,material,284.4
1800,900,shipping,317.89
1801,901,material,430.27
1802,901,shipping,373.97
1803,902,material,1189.07
1804,902,shipping,239.03
1805,903,material,49.95
1806,903,shipping,10.53
1807,904,material,448.19
1808,904,shipping,171.68
1809,905,material,2173.84
1810,905,shipping,1495.63
1811,906,material,135.15
1812,906,shipping,105.81
1813,907,material,3363.98
1814,907,shipping,630.53
1815,908,material,469.14
1816,908,shipping,143.99
1817,909,material,243.63
1818,909,shipping,223.95
1819,910,material,2636.18
1820,910,shipping,356.98
1821,911,material,483.76
1822,911,shipping,498.1
1823,912,material,272.48
1824,912,shipping,63.77
1825,913,material,672.04
1826,913,shipping,603.58
1827,914,material,1694.84
1828,914,shipping,1262.7
1829,915,material,100.17
1830,915,shipping,31.06
1831,916,material,12612.43
1832,916,shipping,2858.68
1833,917,material,237.52
1834,917,shipping,51.5
1835,918,material,3330.3
1836,918,shipping,470.42
1837,919,material,1491.16
1838,919,shipping,811.0
1839,920,material,1007.85
1840,920,shipping,278.52
1841,921,material,342.08
1842,921,shipping,83.68
1843,922,material,5340.91
1844,922,shipping,922.62
1845,923,material,5565.37
1846,923,shipping,819.74
1847,924,material,403.15
1848,924,shipping,97.41
1849,925,material,382.13
1850,925,shipping,98.79
1851,926,material,21339.76
1852,926,shipping,3168.94
1853,927,material,347.8
1854,927,shipping,337.61
1855,928,material,18985.3
1856,928,shipping,2902.24
1857,929,material,2527.68
1858,929,shipping,1368.06
1859,930,material,130.59
1860,930,shipping,35.5
1861,931,material,316.07
1862,931,shipping,83.39
1863,932,material,145.17
1864,932,shipping,42.38
1865,933,material,18813.25
1866,933,shipping,4248.65
1867,934,material,4822.27
1868,934,shipping,1088.3
1869,935,material,134.77
1870,935,shipping,39.79
1871,936,material,370.82
1872,936,shipping,87.52
1873,937,material,1496.9
1874,937,shipping,887.33
1875,938,material,1637.95
1876,938,shipping,1279.93
1877,939,material,3101.54
1878,939,shipping,2623.64
1879,940,material,548.57
1880,940,shipping,169.08
1881,941,material,8942.46
1882,941,shipping,1726.72
1883,942,material,6285.1
1884,942,shipping,1080.83
1885,943,material,216.26
1886,943,shipping,63.31
1887,944,material,431.25
1888,944,shipping,365.36
1889,945,material,623.33
1890,945,shipping,498.01
1891,946,material,1972.44
1892,946,shipping,343.64
1893,947,material,900.99
1894,947,shipping,236.42
1895,948,material,17.49
1896,948,shipping,3.79
1897,949,material,372.01
1898,949,shipping,79.65
1899,950,material,143.08
1900,950,shipping,46.66
1901,951,material,252.65
1902,951,shipping,71.52
1903,952,material,98.91
1904,952,shipping,31.13
1905,953,material,3319.59
1906,953,shipping,2355.79
1907,954,material,2839.71
1908,954,shipping,2160.06
1909,955,material,230.29
1910,955,shipping,64.93
1911,956,material,153.47
1912,956,shipping,36.18
1913,957,material,287.19
1914,957,shipping,252.59
1915,958,material,776.15
1916,958,shipping,211.59
1917,959,material,5237.88
1918,959,shipping,864.16
1919,960,material,1144.51
1920,960,shipping,179.04
1921,961,material,20521.99
1922,961,shipping,3750.6
1923,962,material,3596.17
1924,962,shipping,596.9
1925,963,material,351.2
1926,963,shipping,272.22
1927,964,material,384.25
1928,964,shipping,96.26
1929,965,material,339.0
1930,965,shipping,94.85
1931,966,material,171.31
1932,966,shipping,53.69
1933,967,material,74.81
1934,967,shipping,67.55
1935,968,material,66.48
1936,968,shipping,14.78
1937,969,material,456.5
1938,969,shipping,136.99
1939,970,material,255.57
1940,970,shipping,64.03
1941,971,material,88.96
1942,971,shipping,31.8
1943,972,material,5109.26
1944,972,shipping,1134.45
1945,973,material,14142.1
1946,973,shipping,3078.1
1947,974,material,133.91
1948,974,shipping,28.01
1949,975,material,514.15
1950,975,shipping,488.42
1951,976,material,184.4
1952,976,shipping,67.49
1953,977,material,384.87
1954,977,shipping,163.33
1955,978,material,239.4
1956,978,shipping,59.44
1957,979,material,579.64
1958,979,shipping,437.86
1959,980,material,19437.5
1960,980,shipping,2940.58
1961,981,material,626.23
1962,981,shipping,507.26
1963,982,material,327.11
1964,982,shipping,379.89
1965,983,material,378.42
1966,983,shipping,86.0
1967,984,material,4932.77
1968,984,shipping,804.17
1969,985,material,4872.6
1970,985,shipping,1003.16
1971,986,material,1785.55
1972,986,shipping,1781.79
1973,987,material,311.12
1974,987,shipping,102.56
1975,988,material,2958.67
1976,988,shipping,1610.63
1977,989,material,3656.57
1978,989,shipping,3202.63
1979,990,material,1619.89
1980,990,shipping,1024.97
1981,991,material,30.58
1982,991,shipping,8.96
1983,992,material,91.44
1984,992,shipping,24.88
1985,993,material,281.98
1986,993,shipping,82.69
1987,994,material,336.51
1988,994,shipping,305.71
1989,995,material,698.26
1990,995,shipping,563.96
1991,996,material,298.72
1992,996,shipping,261.44
1993,997,material,2736.66
1994,997,shipping,2140.63
1995,998,material,181.29
1996,998,shipping,42.95
1997,999,material,1225.21
1998,999,shipping,294.69
1999,1000,material,2700.25
2000,1000,shipping,2195.55
2001,1001,material,340.94
2002,1001,shipping,63.32
2003,1002,material,360.85
2004,1002,shipping,106.4
2005,1003,material,1123.25
2006,1003,shipping,223.87
2007,1004,material,3307.62
2008,1004,shipping,519.4
2009,1005,material,729.67
2010,1005,shipping,183.14
2011,1006,material,676.08
2012,1006,shipping,126.01
2013,1007,material,6712.37
2014,1007,shipping,1173.76
2015,1008,material,77.42
2016,1008,shipping,14.78
2017,1009,material,134.18
2018,1009,shipping,146.41
2019,1010,material,178.0
2020,1010,shipping,115.66
2021,1011,material,789.74
2022,1011,shipping,157.32
2023,1012,material,164.19
2024,1012,shipping,43.29
2025,1013,material,57.76
2026,1013,shipping,15.73
2027,1014,material,631.27
2028,1014,shipping,148.11
2029,1015,material,313.93
2030,1015,shipping,84.56
2031,1016,material,314.55
2032,1016,shipping,92.05
2033,1017,material,62.12
2034,1017,shipping,15.83
2035,1018,material,586.97
2036,1018,shipping,154.5
2037,1019,material,1281.23
2038,1019,shipping,1000.34
2039,1020,material,314.88
2040,1020,shipping,61.2
2041,1021,material,16.7
2042,1021,shipping,4.17
2043,1022,material,2743.01
2044,1022,shipping,1958.35
2045,1023,material,4704.73
2046,1023,shipping,605.05
2047,1024,material,373.14
2048,1024,shipping,118.28
2049,1025,material,3050.89
2050,1025,shipping,2350.18
2051,1026,material,134.85
2052,1026,shipping,118.56
2053,1027,material,256.68
2054,1027,shipping,71.83
2055,1028,material,1664.26
2056,1028,shipping,1530.1
2057,1029,material,980.56
2058,1029,shipping,832.96
2059,1030,material,2109.61
2060,1030,shipping,341.15
2061,1031,material,6465.25
2062,1031,shipping,1185.12
2063,1032,material,3655.3
2064,1032,shipping,623.17
2065,1033,material,377.66
2066,1033,shipping,249.09
2067,1034,material,4540.13
2068,1034,shipping,632.82
2069,1035,material,412.8
2070,1035,shipping,424.87
2071,1036,material,534.99
2072,1036,shipping,571.41
2073,1037,material,2216.54
2074,1037,shipping,1679.37
2075,1038,material,72.67
2076,1038,shipping,21.42
2077,1039,material,5594.69
2078,1039,shipping,1038.03
2079,1040,material,481.47
2080,1040,shipping,151.11
2081,1041,material,153.64
2082,1041,shipping,52.79
2083,1042,material,747.74
2084,1042,shipping,231.37
2085,1043,material,18958.81
2086,1043,shipping,2722.75
2087,1044,material,97.03
2088,1044,shipping,22.13
2089,1045,material,300.9
2090,1045,shipping,73.97
2091,1046,material,517.08
2092,1046,shipping,99.29
2093,1047,material,506.52
2094,1047,shipping,173.36
2095,1048,material,533.65
2096,1048,shipping,337.63
2097,1049,material,2694.77
2098,1049,shipping,488.76
2099,1050,material,162.31
2100,1050,shipping,49.12
2101,1051,material,66.02
2102,1051,shipping,71.64
2103,1052,material,2513.6
2104,1052,shipping,470.61
2105,1053,material,403.15
2106,1053,shipping,92.38
2107,1054,material,63.64
2108,1054,shipping,15.38
2109,1055,material,1340.92
2110,1055,shipping,847.14
2111,1056,material,329.35
2112,1056,shipping,84.69
2113,1057,material,58.31
2114,1057,shipping,18.62
2115,1058,material,7241.48
2116,1058,shipping,1372.98
2117,1059,material,5477.47
2118,1059,shipping,1099.56
2119,1060,material,3404.62
2120,1060,shipping,2957.11
2121,1061,material,459.59
2122,1061,shipping,359.29
2123,1062,material,375.47
2124,1062,shipping,82.85
2125,1063,material,399.7
2126,1063,shipping,407.46
2127,1064,material,767.88
2128,1064,shipping,557.42
2129,1065,material,54.71
2130,1065,shipping,10.4
2131,1066,material,157.77
2132,1066,shipping,60.25
2133,1067,material,39.07
2134,1067,shipping,43.85
2135,1068,material,2472.65
2136,1068,shipping,1748.72
2137,1069,material,60.47
2138,1069,shipping,16.3
2139,1070,material,6659.01
2140,1070,shipping,1023.72
2141,1071,material,205.36
2142,1071,shipping,61.52
2143,1072,material,24453.56
2144,1072,shipping,4929.86
2145,1073,material,119.6
2146,1073,shipping,25.56
2147,1074,material,148.05
2148,1074,shipping,104.21
2149,1075,material,170.18
2150,1075,shipping,51.83
2151,1076,material,483.14
2152,1076,shipping,280.21
2153,1077,material,1567.81
2154,1077,shipping,1455.7
2155,1078,material,3609.84
2156,1078,shipping,3332.51
2157,1079,material,984.64
2158,1079,shipping,269.65
2159,1080,material,564.97
2160,1080,shipping,142.99
2161,1081,material,126.23
2162,1081,shipping,25.76
2163,1082,material,577.57
2164,1082,shipping,116.0
2165,1083,material,289.79
2166,1083,shipping,90.94
2167,1084,material,16837.23
2168,1084,shipping,3069.98
2169,1085,material,546.48
2170,1085,shipping,151.17
2171,1086,material,1079.98
2172,1086,shipping,215.49
2173,1087,material,311.62
2174,1087,shipping,311.43
2175,1088,material,410.31
2176,1088,shipping,360.14
2177,1089,material,3470.7
2178,1089,shipping,492.97
2179,1090,material,118.48
2180,1090,shipping,26.94
2181,1091,material,198.61
2182,1091,shipping,41.55
2183,1092,material,323.14
2184,1092,shipping,68.96
2185,1093,material,309.69
2186,1093,shipping,97.94
2187,1094,material,526.44
2188,1094,shipping,296.95
2189,1095,material,664.56
2190,1095,shipping,136.48
2191,1096,material,530.74
2192,1096,shipping,130.41
2193,1097,material,333.08
2194,1097,shipping,65.96
2195,1098,material,1961.23
2196,1098,shipping,391.55
2197,1099,material,207.2
2198,1099,shipping,212.76
2199,1100,material,436.88
2200,1100,shipping,126.91
2201,1101,material,496.32
2202,1101,shipping,123.33
2203,1102,material,496.14
2204,1102,shipping,99.53
2205,1103,material,17405.81
2206,1103,shipping,3055.85
2207,1104,material,363.48
2208,1104,shipping,338.69
2209,1105,material,3363.04
2210,1105,shipping,686.92
2211,1106,material,1131.55
2212,1106,shipping,188.21
2213,1107,material,193.79
2214,1107,shipping,44.55
2215,1108,material,22.88
2216,1108,shipping,6.2
2217,1109,material,20246.95
2218,1109,shipping,4268.02
2219,1110,material,488.27
2220,1110,shipping,167.06
2221,1111,material,160.03
2222,1111,shipping,47.38
2223,1112,material,577.64
2224,1112,shipping,661.33
2225,1113,material,417.53
2226,1113,shipping,424.95
2227,1114,material,251.74
2228,1114,shipping,53.91
2229,1115,material,1112.18
2230,1115,shipping,291.4
2231,1116,material,377.78
2232,1116,shipping,103.64
2233,1117,material,64.84
2234,1117,shipping,15.2
2235,1118,material,7000.65
2236,1118,shipping,1118.73
2237,1119,material,4446.33
2238,1119,shipping,691.04
2239,1120,material,65.49
2240,1120,shipping,22.3
2241,1121,material,164.18
2242,1121,shipping,54.01
2243,1122,material,414.53
2244,1122,shipping,114.82
2245,1123,material,114.8
2246,1123,shipping,89.76
2247,1124,material,512.04
2248,1124,shipping,382.3
2249,1125,material,575.75
2250,1125,shipping,166.03
2251,1126,material,2692.34
2252,1126,shipping,2153.91
2253,1127,material,9658.0
2254,1127,shipping,2144.42
2255,1128,material,2353.64
2256,1128,shipping,514.7
2257,1129,material,5545.79
2258,1129,shipping,1041.77
2259,1130,material,34.19
2260,1130,shipping,34.93
2261,1131,material,370.93
2262,1131,shipping,116.55
2263,1132,material,548.54
2264,1132,shipping,569.68
2265,1133,material,330.45
2266,1133,shipping,230.89
2267,1134,material,1033.55
2268,1134,shipping,809.92
2269,1135,material,67.39
2270,1135,shipping,17.89
2271,1136,material,4241.64
2272,1136,shipping,852.31
2273,1137,material,241.25
2274,1137,shipping,52.94
2275,1138,material,390.9
2276,1138,shipping,127.76
2277,1139,material,97.74
2278,1139,shipping,27.97
2279,1140,material,555.21
2280,1140,shipping,131.35
2281,1141,material,14917.7
2282,1141,shipping,2346.54
2283,1142,material,420.0
2284,1142,shipping,107.57
2285,1143,material,6251.94
2286,1143,shipping,1180.62
2287,1144,material,794.73
2288,1144,shipping,209.77
2289,1145,material,804.55
2290,1145,shipping,258.83
2291,1146,material,571.32
2292,1146,shipping,127.95
2293,1147,material,190.98
2294,1147,shipping,57.42
2295,1148,material,143.81
2296,1148,shipping,32.09
2297,1149,material,366.02
2298,1149,shipping,395.25
2299,1150,material,1821.43
2300,1150,shipping,1547.31
2301,1151,material,10067.13
2302,1151,shipping,1486.52
2303,1152,material,257.02
2304,1152,shipping,65.39
2305,1153,material,111.72
2306,1153,shipping,35.36
2307,1154,material,4531.28
2308,1154,shipping,981.8
2309,1155,material,303.57
2310,1155,shipping,90.12
2311,1156,material,3633.95
2312,1156,shipping,690.09
2313,1157,material,256.15
2314,1157,shipping,75.6
2315,1158,material,319.41
2316,1158,shipping,78.43
2317,1159,material,107.38
2318,1159,shipping,80.37
2319,1160,material,886.76
2320,1160,shipping,257.09
2321,1161,material,412.03
2322,1161,shipping,145.7
2323,1162,material,133.87
2324,1162,shipping,35.92
2325,1163,material,452.3
2326,1163,shipping,503.47
2327,1164,material,14679.07
2328,1164,shipping,2834.86
2329,1165,material,174.69
2330,1165,shipping,197.57
2331,1166,material,4106.76
2332,1166,shipping,1148.16
2333,1167,material,1108.88
2334,1167,shipping,743.84
2335,1168,material,3285.63
2336,1168,shipping,2930.04
2337,1169,material,265.37
2338,1169,shipping,77.58
2339,1170,material,247.29
2340,1170,shipping,69.93
2341,1171,material,991.97
2342,1171,shipping,601.2
2343,1172,material,4688.81
2344,1172,shipping,766.22
2345,1173,material,317.76
2346,1173,shipping,81.53
2347,1174,material,50.29
2348,1174,shipping,13.33
2349,1175,material,568.3
2350,1175,shipping,412.69
2351,1176,material,4622.87
2352,1176,shipping,742.89
2353,1177,material,351.36
2354,1177,shipping,99.42
2355,1178,material,494.15
2356,1178,shipping,113.47
2357,1179,material,216.73
2358,1179,shipping,49.45
2359,1180,material,22194.59
2360,1180,shipping,4891.59
2361,1181,material,768.87
2362,1181,shipping,685.19
2363,1182,material,60.14
2364,1182,shipping,18.21
2365,1183,material,645.52
2366,1183,shipping,201.17
2367,1184,material,146.32
2368,1184,shipping,114.17
2369,1185,material,5641.95
2370,1185,shipping,1233.38
2371,1186,material,240.15
2372,1186,shipping,208.51
2373,1187,material,51.76
2374,1187,shipping,8.96
2375,1188,material,1510.01
2376,1188,shipping,1366.62
2377,1189,material,322.39
2378,1189,shipping,111.73
2379,1190,material,3508.36
2380,1190,shipping,735.05
2381,1191,material,1323.41
2382,1191,shipping,782.3
2383,1192,material,123.11
2384,1192,shipping,31.59
2385,1193,material,44.08
2386,1193,shipping,12.36
2387,1194,material,308.95
2388,1194,shipping,58.78
2389,1195,material,292.1
2390,1195,shipping,63.11
2391,1196,material,120.6
2392,1196,shipping,39.76
2393,1197,material,3157.49
2394,1197,shipping,579.77
2395,1198,material,381.24
2396,1198,shipping,335.17
2397,1199,material,69.34
2398,1199,shipping,22.17
2399,1200,material,17.4
2400,1200,shipping,4.74
2401,1201,material,530.64
2402,1201,shipping,440.37
2403,1202,material,694.57
2404,1202,shipping,518.6
2405,1203,material,347.28
2406,1203,shipping,96.6
2407,1204,material,224.91
2408,1204,shipping,69.05
2409,1205,material,1635.99
2410,1205,shipping,324.96
2411,1206,material,823.05
2412,1206,shipping,271.83
2413,1207,material,210.5
2414,1207,shipping,50.48
2415,1208,material,249.92
2416,1208,shipping,63.65
2417,1209,material,1645.22
2418,1209,shipping,889.97
2419,1210,material,33.6
2420,1210,shipping,8.71
2421,1211,material,230.86
2422,1211,shipping,53.62
2423,1212,material,5612.87
2424,1212,shipping,761.82
2425,1213,material,109.24
2426,1213,shipping,110.88
2427,1214,material,121.13
2428,1214,shipping,27.23
2429,1215,material,581.42
2430,1215,shipping,92.61
2431,1216,material,3805.7
2432,1216,shipping,624.57
2433,1217,material,9525.41
2434,1217,shipping,1634.96
2435,1218,material,185.78
2436,1218,shipping,169.1
2437,1219,material,123.78
2438,1219,shipping,32.52
2439,1220,material,156.02
2440,1220,shipping,40.77
2441,1221,material,5441.75
2442,1221,shipping,1274.36
2443,1222,material,324.0
2444,1222,shipping,81.54
2445,1223,material,388.72
2446,1223,shipping,106.0
2447,1224,material,815.41
2448,1224,shipping,167.98
2449,1225,material,503.67
2450,1225,shipping,471.17
2451,1226,material,258.88
2452,1226,shipping,90.51
2453,1227,material,1990.66
2454,1227,shipping,381.5
2455,1228,material,1147.37
2456,1228,shipping,302.1
2457,1229,material,1078.66
2458,1229,shipping,1182.85
2459,1230,material,2852.12
2460,1230,shipping,2361.4
2461,1231,material,225.25
2462,1231,shipping,69.24
2463,1232,material,621.1
2464,1232,shipping,165.82
2465,1233,material,216.84
2466,1233,shipping,70.1
2467,1234,material,3077.83
2468,1234,shipping,563.49
2469,1235,material,1853.22
2470,1235,shipping,323.87
2471,1236,material,17683.21
2472,1236,shipping,2410.91
2473,1237,material,3699.24
2474,1237,shipping,854.88
2475,1238,material,497.89
2476,1238,shipping,150.59
2477,1239,material,22580.03
2478,1239,shipping,5115.73
2479,1240,material,49.64
2480,1240,shipping,11.59
2481,1241,material,222.76
2482,1241,shipping,60.75
2483,1242,material,3018.26
2484,1242,shipping,493.02
2485,1243,material,353.2
2486,1243,shipping,93.65
2487,1244,material,71.15
2488,1244,shipping,58.45
2489,1245,material,213.96
2490,1245,shipping,54.24
2491,1246,material,230.62
2492,1246,shipping,45.84
2493,1247,material,2075.65
2494,1247,shipping,1267.35
2495,1248,material,503.31
2496,1248,shipping,451.35
2497,1249,material,114.6
2498,1249,shipping,31.13
2499,1250,material,137.72
2500,1250,shipping,40.66
2501,1251,material,179.58
2502,1251,shipping,193.77
2503,1252,material,810.71
2504,1252,shipping,457.17
2505,1253,material,63.98
2506,1253,shipping,22.52
2507,1254,material,229.53
2508,1254,shipping,55.84
2509,1255,material,307.33
2510,1255,shipping,103.53
2511,1256,material,538.49
2512,1256,shipping,159.39
2513,1257,material,130.57
2514,1257,shipping,28.26
2515,1258,material,23232.7
2516,1258,shipping,3717.48
2517,1259,material,245.66
2518,1259,shipping,68.06
2519,1260,material,255.73
2520,1260,shipping,71.79
2521,1261,material,1119.76
2522,1261,shipping,163.46
2523,1262,material,4422.87
2524,1262,shipping,743.09
2525,1263,material,21292.56
2526,1263,shipping,3624.39
2527,1264,material,451.51
2528,1264,shipping,108.9
2529,1265,material,672.27
2530,1265,shipping,161.97
2531,1266,material,1034.96
2532,1266,shipping,172.97
2533,1267,material,32.74
2534,1267,shipping,9.0
2535,1268,material,690.19
2536,1268,shipping,206.72
2537,1269,material,7317.51
2538,1269,shipping,1015.52
2539,1270,material,411.8
2540,1270,shipping,113.71
2541,1271,material,3351.27
2542,1271,shipping,2172.83
2543,1272,material,642.78
2544,1272,shipping,197.31
2545,1273,material,232.02
2546,1273,shipping,59.9
2547,1274,material,282.4
2548,1274,shipping,97.33
2549,1275,material,9862.22
2550,1275,shipping,1738.2
2551,1276,material,594.7
2552,1276,shipping,149.6
2553,1277,material,269.12
2554,1277,shipping,56.39
2555,1278,material,123.01
2556,1278,shipping,40.63
2557,1279,material,4327.01
2558,1279,shipping,898.96
2559,1280,material,271.62
2560,1280,shipping,274.74
2561,1281,material,296.62
2562,1281,shipping,269.87
2563,1282,material,219.56
2564,1282,shipping,215.9
2565,1283,material,22.58
2566,1283,shipping,9.01
2567,1284,material,51.79
2568,1284,shipping,13.72
2569,1285,material,17.62
2570,1285,shipping,3.22
2571,1286,material,5414.6
2572,1286,shipping,807.0
2573,1287,material,4892.35
2574,1287,shipping,1003.07
2575,1288,material,208.9
2576,1288,shipping,165.08
2577,1289,material,321.67
2578,1289,shipping,56.49
2579,1290,material,17.82
2580,1290,shipping,4.39
2581,1291,material,432.17
2582,1291,shipping,141.83
2583,1292,material,132.67
2584,1292,shipping,28.68
2585,1293,material,626.64
2586,1293,shipping,124.84
2587,1294,material,175.19
2588,1294,shipping,52.72
2589,1295,material,547.57
2590,1295,shipping,103.08
2591,1296,material,84.29
2592,1296,shipping,23.35
2593,1297,material,1348.81
2594,1297,shipping,215.02
2595,1298,material,222.64
2596,1298,shipping,53.9
2597,1299,material,302.1
2598,1299,shipping,64.07
2599,1300,material,634.16
2600,1300,shipping,461.75
2601,1301,material,86.27
2602,1301,shipping,31.69
2603,1302,material,64.27
2604,1302,shipping,18.99
2605,1303,material,328.36
2606,1303,shipping,115.43
2607,1304,material,63.18
2608,1304,shipping,24.39
2609,1305,material,1926.86
2610,1305,shipping,1536.47
2611,1306,material,15.97
2612,1306,shipping,3.49
2613,1307,material,935.38
2614,1307,shipping,552.97
2615,1308,material,519.02
2616,1308,shipping,516.25
2617,1309,material,2315.86
2618,1309,shipping,346.05
2619,1310,material,653.71
2620,1310,shipping,638.23
2621,1311,material,170.27
2622,1311,shipping,52.36
2623,1312,material,9555.25
2624,1312,shipping,2068.72
2625,1313,material,566.71
2626,1313,shipping,603.65
2627,1314,material,1165.6
2628,1314,shipping,823.33
2629,1315,material,287.18
2630,1315,shipping,69.29
2631,1316,material,564.9
2632,1316,shipping,127.86
2633,1317,material,24072.45
2634,1317,shipping,3223.28
2635,1318,material,609.27
2636,1318,shipping,136.9
2637,1319,material,71.01
2638,1319,shipping,16.73
2639,1320,material,23375.93
2640,1320,shipping,4993.17
2641,1321,material,109.99
2642,1321,shipping,117.63
2643,1322,material,113.63
2644,1322,shipping,35.23
2645,1323,material,875.94
2646,1323,shipping,205.61
2647,1324,material,1388.07
2648,1324,shipping,943.56
2649,1325,material,145.62
2650,1325,shipping,166.41
2651,1326,material,4675.12
2652,1326,shipping,1117.4
2653,1327,material,615.94
2654,1327,shipping,182.69
2655,1328,material,332.0
2656,1328,shipping,79.24
2657,1329,material,290.66
2658,1329,shipping,91.33
2659,1330,material,630.21
2660,1330,shipping,154.61
2661,1331,material,24223.69
2662,1331,shipping,5209.72
2663,1332,material,65.53
2664,1332,shipping,15.67
2665,1333,material,105.06
2666,1333,shipping,98.46
2667,1334,material,78.05
2668,1334,shipping,20.98
2669,1335,material,673.03
2670,1335,shipping,187.08
2671,1336,material,19965.37
2672,1336,shipping,3824.65
2673,1337,material,379.81
2674,1337,shipping,271.67
2675,1338,material,16091.76
2676,1338,shipping,2176.99
2677,1339,material,357.16
2678,1339,shipping,112.68
2679,1340,material,4455.21
2680,1340,shipping,673.3
2681,1341,material,644.93
2682,1341,shipping,677.6
2683,1342,material,188.91
2684,1342,shipping,111.37
2685,1343,material,204.53
2686,1343,shipping,54.62
2687,1344,material,6531.95
2688,1344,shipping,1110.37
2689,1345,material,1544.69
2690,1345,shipping,1159.79
2691,1346,material,621.94
2692,1346,shipping,739.89
2693,1347,material,338.9
2694,1347,shipping,104.88
2695,1348,material,14120.01
2696,1348,shipping,3202.09
2697,1349,material,524.68
2698,1349,shipping,575.58
2699,1350,material,241.53
2700,1350,shipping,56.44
2701,1351,material,2295.58
2702,1351,shipping,1819.92
2703,1352,material,962.32
2704,1352,shipping,205.55
2705,1353,material,738.43
2706,1353,shipping,683.62
2707,1354,material,307.7
2708,1354,shipping,89.11
2709,1355,material,4276.96
2710,1355,shipping,741.91
2711,1356,material,198.1
2712,1356,shipping,141.87
2713,1357,material,306.59
2714,1357,shipping,114.21
2715,1358,material,1024.47
2716,1358,shipping,230.77
2717,1359,material,593.09
2718,1359,shipping,181.53
2719,1360,material,952.72
2720,1360,shipping,794.29
2721,1361,material,240.06
2722,1361,shipping,45.76
2723,1362,material,1649.22
2724,1362,shipping,1130.83
2725,1363,material,21377.92
2726,1363,shipping,3837.88
2727,1364,material,6427.51
2728,1364,shipping,1295.61
2729,1365,material,310.75
2730,1365,shipping,92.84
2731,1366,material,45.11
2732,1366,shipping,13.38
2733,1367,material,1277.49
2734,1367,shipping,188.55
2735,1368,material,941.15
2736,1368,shipping,214.4
2737,1369,material,16063.99
2738,1369,shipping,2095.19
2739,1370,material,864.83
2740,1370,shipping,163.68
2741,1371,material,5318.37
2742,1371,shipping,891.29
2743,1372,material,323.11
2744,1372,shipping,63.06
2745,1373,material,125.05
2746,1373,shipping,26.88
2747,1374,material,147.65
2748,1374,shipping,28.93
2749,1375,material,595.55
2750,1375,shipping,642.99
2751,1376,material,280.94
2752,1376,shipping,82.78
2753,1377,material,530.79
2754,1377,shipping,556.38
2755,1378,material,2363.64
2756,1378,shipping,2141.02
2757,1379,material,19051.26
2758,1379,shipping,3604.09
2759,1380,material,660.54
2760,1380,shipping,154.1
2761,1381,material,2255.66
2762,1381,shipping,499.42
2763,1382,material,12441.44
2764,1382,shipping,1979.16
2765,1383,material,415.67
2766,1383,shipping,127.94
2767,1384,material,6379.76
2768,1384,shipping,1389.92
2769,1385,material,66.25
2770,1385,shipping,23.09
2771,1386,material,337.28
2772,1386,shipping,86.9
2773,1387,material,17633.93
2774,1387,shipping,2864.87
2775,1388,material,12680.66
2776,1388,shipping,1831.81
2777,1389,material,254.07
2778,1389,shipping,76.57
2779,1390,material,1848.15
2780,1390,shipping,1620.43
2781,1391,material,1033.71
2782,1391,shipping,381.79
2783,1392,material,1321.89
2784,1392,shipping,1219.76
2785,1393,material,2328.74
2786,1393,shipping,316.44
2787,1394,material,1173.86
2788,1394,shipping,401.66
2789,1395,material,1491.66
2790,1395,shipping,306.68
2791,1396,material,140.75
2792,1396,shipping,130.86
2793,1397,material,276.36
2794,1397,shipping,275.21
2795,1398,material,218.41
2796,1398,shipping,62.54
2797,1399,material,427.05
2798,1399,shipping,342.81
2799,1400,material,595.65
2800,1400,shipping,174.45
2801,1401,material,823.17
2802,1401,shipping,199.95
2803,1402,material,291.29
2804,1402,shipping,103.32
2805,1403,material,1268.92
2806,1403,shipping,192.01
2807,1404,material,433.55
2808,1404,shipping,294.67
2809,1405,material,2961.13
2810,1405,shipping,2029.16
2811,1406,material,1206.61
2812,1406,shipping,939.38
2813,1407,material,751.71
2814,1407,shipping,679.32
2815,1408,material,20598.44
2816,1408,shipping,2989.03
2817,1409,material,2235.47
2818,1409,shipping,1984.72
2819,1410,material,117.31
2820,1410,shipping,30.84
2821,1411,material,387.45
2822,1411,shipping,285.91
2823,1412,material,763.5
2824,1412,shipping,197.87
2825,1413,material,65.37
2826,1413,shipping,13.51
2827,1414,material,19908.23
2828,1414,shipping,2663.15
2829,1415,material,174.09
2830,1415,shipping,42.08
2831,1416,material,837.44
2832,1416,shipping,217.83
2833,1417,material,37.13
2834,1417,shipping,31.58
2835,1418,material,138.97
2836,1418,shipping,136.84
2837,1419,material,147.15
2838,1419,shipping,44.25
2839,1420,material,94.26
2840,1420,shipping,26.67
2841,1421,material,603.98
2842,1421,shipping,487.98
2843,1422,material,214.79
2844,1422,shipping,68.48
2845,1423,material,756.73
2846,1423,shipping,596.18
2847,1424,material,271.5
2848,1424,shipping,58.62
2849,1425,material,328.05
2850,1425,shipping,299.29
2851,1426,material,604.2
2852,1426,shipping,110.84
2853,1427,material,229.73
2854,1427,shipping,54.66
2855,1428,material,2764.89
2856,1428,shipping,493.44
2857,1429,material,19636.85
2858,1429,shipping,4784.49
2859,1430,material,3088.13
2860,1430,shipping,476.69
2861,1431,material,116.95
2862,1431,shipping,24.1
2863,1432,material,632.54
2864,1432,shipping,666.6
2865,1433,material,1054.0
2866,1433,shipping,253.56
2867,1434,material,2510.66
2868,1434,shipping,2287.12
2869,1435,material,179.36
2870,1435,shipping,56.06
2871,1436,material,14634.62
2872,1436,shipping,2501.25
2873,1437,material,3388.7
2874,1437,shipping,629.6
2875,1438,material,417.55
2876,1438,shipping,93.5
2877,1439,material,8314.38
2878,1439,shipping,1839.7
2879,1440,material,183.02
2880,1440,shipping,54.2
2881,1441,material,113.56
2882,1441,shipping,39.06
2883,1442,material,4709.97
2884,1442,shipping,839.53
2885,1443,material,234.83
2886,1443,shipping,260.41
2887,1444,material,4004.39
2888,1444,shipping,641.72
2889,1445,material,493.41
2890,1445,shipping,108.37
2891,1446,material,294.72
2892,1446,shipping,81.2
2893,1447,material,312.37
2894,1447,shipping,95.45
2895,1448,material,75.59
2896,1448,shipping,56.48
2897,1449,material,7149.15
2898,1449,shipping,1226.96
2899,1450,material,2890.3
2900,1450,shipping,1918.39
2901,1451,material,167.77
2902,1451,shipping,49.69
2903,1452,material,507.96
2904,1452,shipping,380.42
2905,1453,material,116.67
2906,1453,shipping,34.95
2907,1454,material,602.62
2908,1454,shipping,95.34
2909,1455,material,432.32
2910,1455,shipping,441.73
2911,1456,material,235.59
2912,1456,shipping,44.26
2913,1457,material,5030.58
2914,1457,shipping,1119.44
2915,1458,material,446.59
2916,1458,shipping,507.84
2917,1459,material,165.01
2918,1459,shipping,57.9
2919,1460,material,4625.2
2920,1460,shipping,966.67
2921,1461,material,3402.76
2922,1461,shipping,772.26
2923,1462,material,631.92
2924,1462,shipping,160.16
2925,1463,material,4662.42
2926,1463,shipping,685.77
2927,1464,material,81.93
2928,1464,shipping,25.72
2929,1465,material,195.43
2930,1465,shipping,69.04
2931,1466,material,574.32
2932,1466,shipping,149.25
2933,1467,material,6273.23
2934,1467,shipping,994.47
2935,1468,material,156.83
2936,1468,shipping,35.53
2937,1469,material,9696.93
2938,1469,shipping,1727.54
2939,1470,material,15900.6
2940,1470,shipping,2844.14
2941,1471,material,165.44
2942,1471,shipping,118.68
2943,1472,material,2887.0
2944,1472,shipping,2571.62
2945,1473,material,571.66
2946,1473,shipping,175.06
2947,1474,material,2396.21
2948,1474,shipping,1699.03
2949,1475,material,643.62
2950,1475,shipping,122.89
2951,1476,material,477.78
2952,1476,shipping,146.7
2953,1477,material,9471.44
2954,1477,shipping,1397.43
2955,1478,material,1133.64
2956,1478,shipping,257.92
2957,1479,material,929.55
2958,1479,shipping,141.79
2959,1480,material,511.8
2960,1480,shipping,155.4
2961,1481,material,254.51
2962,1481,shipping,55.73
2963,1482,material,314.6
2964,1482,shipping,328.55
2965,1483,material,127.74
2966,1483,shipping,27.4
2967,1484,material,137.44
2968,1484,shipping,106.62
2969,1485,material,621.07
2970,1485,shipping,116.22
2971,1486,material,8692.32
2972,1486,shipping,1869.75
2973,1487,material,62.02
2974,1487,shipping,13.77
2975,1488,material,31.81
2976,1488,shipping,8.16
2977,1489,material,4964.59
2978,1489,shipping,1041.47
2979,1490,material,513.34
2980,1490,shipping,472.19
2981,1491,material,164.62
2982,1491,shipping,50.89
2983,1492,material,237.92
2984,1492,shipping,63.31
2985,1493,material,4637.39
2986,1493,shipping,958.15
2987,1494,material,15519.48
2988,1494,shipping,3250.87
2989,1495,material,349.25
2990,1495,shipping,325.26
2991,1496,material,213.59
2992,1496,shipping,165.37
2993,1497,material,94.41
2994,1497,shipping,19.41
2995,1498,material,667.56
2996,1498,shipping,518.35
2997,1499,material,23.88
2998,1499,shipping,6.14
2999,1500,material,210.5
3000,1500,shipping,53.24
3001,1501,material,734.7
3002,1501,shipping,163.14
3003,1502,material,698.52
3004,1502,shipping,156.48
3005,1503,material,6770.8
3006,1503,shipping,1211.14
3007,1504,material,357.98
3008,1504,shipping,96.18
3009,1505,material,412.32
3010,1505,shipping,133.63
3011,1506,material,1075.84
3012,1506,shipping,201.4
3013,1507,material,3477.63
3014,1507,shipping,2501.91
3015,1508,material,394.19
3016,1508,shipping,310.13
3017,1509,material,462.06
3018,1509,shipping,89.07
3019,1510,material,2026.92
3020,1510,shipping,1136.13
3021,1511,material,482.32
3022,1511,shipping,160.7
3023,1512,material,462.27
3024,1512,shipping,132.25
3025,1513,material,941.75
3026,1513,shipping,144.28
3027,1514,material,191.28
3028,1514,shipping,43.85
3029,1515,material,129.08
3030,1515,shipping,119.47
3031,1516,material,329.09
3032,1516,shipping,94.24
3033,1517,material,308.53
3034,1517,shipping,99.33
3035,1518,material,3613.88
3036,1518,shipping,632.47
3037,1519,material,1911.71
3038,1519,shipping,1549.43
3039,1520,material,1708.71
3040,1520,shipping,298.27
3041,1521,material,218.21
3042,1521,shipping,246.38
3043,1522,material,119.24
3044,1522,shipping,29.92
3045,1523,material,693.42
3046,1523,shipping,175.99
3047,1524,material,447.09
3048,1524,shipping,129.72
3049,1525,material,3050.24
3050,1525,shipping,704.39
3051,1526,material,2521.31
3052,1526,shipping,416.68
3053,1527,material,26216.81
3054,1527,shipping,4543.49
3055,1528,material,14052.05
3056,1528,shipping,2480.3
3057,1529,material,392.38
3058,1529,shipping,432.57
3059,1530,material,291.59
3060,1530,shipping,243.85
3061,1531,material,2594.38
3062,1531,shipping,502.62
3063,1532,material,3550.61
3064,1532,shipping,552.12
3065,1533,material,605.49
3066,1533,shipping,119.81
3067,1534,material,341.33
3068,1534,shipping,87.45
3069,1535,material,262.86
3070,1535,shipping,79.83
3071,1536,material,31.24
3072,1536,shipping,9.12
3073,1537,material,443.5
3074,1537,shipping,136.88
3075,1538,material,192.01
3076,1538,shipping,49.38
3077,1539,material,977.47
3078,1539,shipping,200.8
3079,1540,material,331.56
3080,1540,shipping,106.34
3081,1541,material,219.25
3082,1541,shipping,44.14
3083,1542,material,691.04
3084,1542,shipping,576.5
3085,1543,material,357.16
3086,1543,shipping,292.08
3087,1544,material,2150.18
3088,1544,shipping,1637.25
3089,1545,material,11349.78
3090,1545,shipping,2495.8
3091,1546,material,6240.94
3092,1546,shipping,1255.87
3093,1547,material,554.82
3094,1547,shipping,464.24
3095,1548,material,19155.94
3096,1548,shipping,4282.94
3097,1549,material,344.83
3098,1549,shipping,100.91
3099,1550,material,2548.32
3100,1550,shipping,447.26
3101,1551,material,6494.68
3102,1551,shipping,1296.66
3103,1552,material,4085.84
3104,1552,shipping,910.13
3105,1553,material,5752.6
3106,1553,shipping,1014.05
3107,1554,material,74.98
3108,1554,shipping,14.84
3109,1555,material,758.27
3110,1555,shipping,174.52
3111,1556,material,433.96
3112,1556,shipping,520.27
3113,1557,material,378.96
3114,1557,shipping,98.2
3115,1558,material,4782.37
3116,1558,shipping,817.38
3117,1559,material,3194.79
3118,1559,shipping,740.24
3119,1560,material,633.08
3120,1560,shipping,640.16
3121,1561,material,64.27
3122,1561,shipping,16.26
3123,1562,material,1136.17
3124,1562,shipping,239.23
3125,1563,material,677.75
3126,1563,shipping,508.36
3127,1564,material,1205.36
3128,1564,shipping,190.16
3129,1565,material,1885.23
3130,1565,shipping,272.14
3131,1566,material,188.05
3132,1566,shipping,162.16
3133,1567,material,204.84
3134,1567,shipping,54.52
3135,1568,material,668.98
3136,1568,shipping,196.99
3137,1569,material,274.33
3138,1569,shipping,66.18
3139,1570,material,110.76
3140,1570,shipping,118.55
3141,1571,material,374.95
3142,1571,shipping,356.95
3143,1572,material,403.58
3144,1572,shipping,93.34
3145,1573,material,271.74
3146,1573,shipping,68.81
3147,1574,material,5845.31
3148,1574,shipping,953.56
3149,1575,material,2074.79
3150,1575,shipping,1553.56
3151,1576,material,245.38
3152,1576,shipping,277.09
3153,1577,material,86.15
3154,1577,shipping,18.34
3155,1578,material,508.35
3156,1578,shipping,578.62
3157,1579,material,2382.17
3158,1579,shipping,2100.06
3159,1580,material,209.89
3160,1580,shipping,62.3
3161,1581,material,335.54
3162,1581,shipping,295.04
3163,1582,material,874.6
3164,1582,shipping,212.87
3165,1583,material,419.97
3166,1583,shipping,140.61
3167,1584,material,31.49
3168,1584,shipping,10.79
3169,1585,material,23026.53
3170,1585,shipping,4337.2
3171,1586,material,215.52
3172,1586,shipping,70.09
3173,1587,material,559.58
3174,1587,shipping,540.72
3175,1588,material,59.02
3176,1588,shipping,16.07
3177,1589,material,4517.43
3178,1589,shipping,863.14
3179,1590,material,164.65
3180,1590,shipping,42.31
3181,1591,material,340.68
3182,1591,shipping,62.04
3183,1592,material,3446.37
3184,1592,shipping,481.31
3185,1593,material,10983.87
3186,1593,shipping,1817.98
3187,1594,material,11178.17
3188,1594,shipping,1839.18
3189,1595,material,97.22
3190,1595,shipping,104.56
3191,1596,material,7181.87
3192,1596,shipping,1221.5
3193,1597,material,337.8
3194,1597,shipping,111.65
3195,1598,material,166.31
3196,1598,shipping,32.84
3197,1599,material,206.75
3198,1599,shipping,73.94
3199,1600,material,4908.77
3200,1600,shipping,1084.07
3201,1601,material,37.95
3202,1601,shipping,7.47
3203,1602,material,2250.69
3204,1602,shipping,1434.17
3205,1603,material,65.45
3206,1603,shipping,16.51
3207,1604,material,266.92
3208,1604,shipping,60.18
3209,1605,material,13541.37
3210,1605,shipping,2849.6
3211,1606,material,613.58
3212,1606,shipping,195.79
3213,1607,material,17.58
3214,1607,shipping,4.47
3215,1608,material,273.09
3216,1608,shipping,231.13
3217,1609,material,499.76
3218,1609,shipping,121.04
3219,1610,material,276.79
3220,1610,shipping,72.68
3221,1611,material,92.64
3222,1611,shipping,16.65
3223,1612,material,202.21
3224,1612,shipping,37.22
3225,1613,material,203.63
3226,1613,shipping,50.75
3227,1614,material,55.67
3228,1614,shipping,13.91
3229,1615,material,502.97
3230,1615,shipping,516.56
3231,1616,material,247.6
3232,1616,shipping,68.36
3233,1617,material,3014.42
3234,1617,shipping,2503.4
3235,1618,material,135.26
3236,1618,shipping,39.53
3237,1619,material,2324.97
3238,1619,shipping,383.45
3239,1620,material,227.59
3240,1620,shipping,62.12
3241,1621,material,1040.49
3242,1621,shipping,885.98
3243,1622,material,4128.79
3244,1622,shipping,741.94
3245,1623,material,37.57
3246,1623,shipping,31.16
3247,1624,material,93.92
3248,1624,shipping,25.67
3249,1625,material,1056.13
3250,1625,shipping,226.58
3251,1626,material,1532.24
3252,1626,shipping,309.62
3253,1627,material,457.39
3254,1627,shipping,340.15
3255,1628,material,513.6
3256,1628,shipping,144.56
3257,1629,material,264.05
3258,1629,shipping,68.37
3259,1630,material,21449.09
3260,1630,shipping,3017.95
3261,1631,material,527.39
3262,1631,shipping,479.79
3263,1632,material,66.27
3264,1632,shipping,49.67
3265,1633,material,4241.32
3266,1633,shipping,717.05
3267,1634,material,175.11
3268,1634,shipping,140.47
3269,1635,material,759.17
3270,1635,shipping,702.04
3271,1636,material,61.76
3272,1636,shipping,19.45
3273,1637,material,150.81
3274,1637,shipping,36.49
3275,1638,material,16154.07
3276,1638,shipping,3026.45
3277,1639,material,206.46
3278,1639,shipping,49.04
3279,1640,material,681.76
3280,1640,shipping,633.05
3281,1641,material,625.9
3282,1641,shipping,122.79
3283,1642,material,208.98
3284,1642,shipping,63.89
3285,1643,material,170.18
3286,1643,shipping,37.68
3287,1644,material,34.31
3288,1644,shipping,33.3
3289,1645,material,11869.14
3290,1645,shipping,1802.77
3291,1646,material,1216.28
3292,1646,shipping,228.24
3293,1647,material,3272.8
3294,1647,shipping,2236.73
3295,1648,material,237.36
3296,1648,shipping,62.48
3297,1649,material,1521.94
3298,1649,shipping,1094.69
3299,1650,material,221.15
3300,1650,shipping,49.01
3301,1651,material,4158.21
3302,1651,shipping,759.69
3303,1652,material,160.83
3304,1652,shipping,34.1
3305,1653,material,12739.17
3306,1653,shipping,2498.21
3307,1654,material,25377.7
3308,1654,shipping,4560.07
3309,1655,material,267.39
3310,1655,shipping,51.84
3311,1656,material,285.23
3312,1656,shipping,57.64
3313,1657,material,315.94
3314,1657,shipping,276.57
3315,1658,material,333.91
3316,1658,shipping,62.5
3317,1659,material,3422.22
3318,1659,shipping,1854.35
3319,1660,material,6540.55
3320,1660,shipping,915.07
3321,1661,material,313.68
3322,1661,shipping,66.52
3323,1662,material,506.28
3324,1662,shipping,574.73
3325,1663,material,1898.97
3326,1663,shipping,285.35
3327,1664,material,88.93
3328,1664,shipping,24.68
3329,1665,material,237.22
3330,1665,shipping,79.88
3331,1666,material,5437.84
3332,1666,shipping,835.65
3333,1667,material,231.95
3334,1667,shipping,74.6
3335,1668,material,118.74
3336,1668,shipping,27.21
3337,1669,material,33.65
3338,1669,shipping,7.42
3339,1670,material,2837.87
3340,1670,shipping,1969.16
3341,1671,material,980.08
3342,1671,shipping,234.48
3343,1672,material,284.14
3344,1672,shipping,90.8
3345,1673,material,156.63
3346,1673,shipping,48.52
3347,1674,material,758.79
3348,1674,shipping,792.35
3349,1675,material,206.26
3350,1675,shipping,63.6
3351,1676,material,448.39
3352,1676,shipping,128.03
3353,1677,material,668.98
3354,1677,shipping,731.34
3355,1678,material,259.33
3356,1678,shipping,53.67
3357,1679,material,2408.68
3358,1679,shipping,535.66
3359,1680,material,248.79
3360,1680,shipping,65.85
3361,1681,material,12973.54
3362,1681,shipping,2375.95
3363,1682,material,5870.66
3364,1682,shipping,982.26
3365,1683,material,4836.05
3366,1683,shipping,1103.84
3367,1684,material,11139.78
3368,1684,shipping,1948.69
3369,1685,material,216.44
3370,1685,shipping,57.04
3371,1686,material,161.9
3372,1686,shipping,141.12
3373,1687,material,521.28
3374,1687,shipping,481.02
3375,1688,material,406.3
3376,1688,shipping,306.79
3377,1689,material,310.4
3378,1689,shipping,88.37
3379,1690,material,606.04
3380,1690,shipping,141.14
3381,1691,material,353.85
3382,1691,shipping,88.82
3383,1692,material,1512.93
3384,1692,shipping,1405.67
3385,1693,material,263.98
3386,1693,shipping,81.16
3387,1694,material,185.75
3388,1694,shipping,172.7
3389,1695,material,305.2
3390,1695,shipping,230.59
3391,1696,material,56.74
3392,1696,shipping,12.47
3393,1697,material,654.83
3394,1697,shipping,136.59
3395,1698,material,712.77
3396,1698,shipping,469.46
3397,1699,material,280.83
3398,1699,shipping,237.35
3399,1700,material,411.87
3400,1700,shipping,90.11
3401,1701,material,867.13
3402,1701,shipping,219.2
3403,1702,material,281.37
3404,1702,shipping,279.23
3405,1703,material,5877.81
3406,1703,shipping,1259.89
3407,1704,material,859.84
3408,1704,shipping,199.7
3409,1705,material,280.04
3410,1705,shipping,55.6
3411,1706,material,3117.44
3412,1706,shipping,1682.02
3413,1707,material,400.9
3414,1707,shipping,313.16
3415,1708,material,177.82
3416,1708,shipping,55.59
3417,1709,material,6530.02
3418,1709,shipping,1554.35
3419,1710,material,1673.84
3420,1710,shipping,1500.07
3421,1711,material,325.8
3422,1711,shipping,87.76
3423,1712,material,14724.36
3424,1712,shipping,3240.03
3425,1713,material,841.3
3426,1713,shipping,694.94
3427,1714,material,666.48
3428,1714,shipping,197.02
3429,1715,material,114.33
3430,1715,shipping,29.64
3431,1716,material,294.97
3432,1716,shipping,110.51
3433,1717,material,313.66
3434,1717,shipping,70.24
3435,1718,material,6520.01
3436,1718,shipping,879.87
3437,1719,material,378.83
3438,1719,shipping,106.86
3439,1720,material,1027.67
3440,1720,shipping,203.09
3441,1721,material,138.57
3442,1721,shipping,34.34
3443,1722,material,97.96
3444,1722,shipping,28.88
3445,1723,material,15888.98
3446,1723,shipping,3402.63
3447,1724,material,4848.55
3448,1724,shipping,772.07
3449,1725,material,2780.25
3450,1725,shipping,2192.44
3451,1726,material,184.43
3452,1726,shipping,52.2
3453,1727,material,25591.24
3454,1727,shipping,4764.45
3455,1728,material,242.98
3456,1728,shipping,71.36
3457,1729,material,214.65
3458,1729,shipping,44.55
3459,1730,material,496.25
3460,1730,shipping,96.53
3461,1731,material,225.07
3462,1731,shipping,58.69
3463,1732,material,14413.54
3464,1732,shipping,3375.89
3465,1733,material,3323.65
3466,1733,shipping,2750.54
3467,1734,material,109.36
3468,1734,shipping,39.39
3469,1735,material,632.5
3470,1735,shipping,476.08
3471,1736,material,1289.27
3472,1736,shipping,324.08
3473,1737,material,253.96
3474,1737,shipping,77.45
3475,1738,material,107.65
3476,1738,shipping,25.45
3477,1739,material,395.02
3478,1739,shipping,203.2
3479,1740,material,177.36
3480,1740,shipping,50.74
3481,1741,material,2899.21
3482,1741,shipping,2268.86
3483,1742,material,652.84
3484,1742,shipping,153.88
3485,1743,material,145.54
3486,1743,shipping,136.96
3487,1744,material,19381.72
3488,1744,shipping,3453.08
3489,1745,material,116.5
3490,1745,shipping,33.19
3491,1746,material,249.08
3492,1746,shipping,71.95
3493,1747,material,8424.58
3494,1747,shipping,1600.35
3495,1748,material,20168.37
3496,1748,shipping,4574.34
3497,1749,material,2021.81
3498,1749,shipping,314.89
3499,1750,material,1271.12
3500,1750,shipping,1109.47
3501,1751,material,2761.0
3502,1751,shipping,2603.35
3503,1752,material,169.46
3504,1752,shipping,60.66
3505,1753,material,303.1
3506,1753,shipping,84.27
3507,1754,material,234.01
3508,1754,shipping,85.12
3509,1755,material,114.66
3510,1755,shipping,39.0
3511,1756,material,189.78
3512,1756,shipping,151.65
3513,1757,material,6440.65
3514,1757,shipping,1070.29
3515,1758,material,175.66
3516,1758,shipping,188.07
3517,1759,material,15739.08
3518,1759,shipping,3060.55
3519,1760,material,330.48
3520,1760,shipping,401.08
3521,1761,material,488.85
3522,1761,shipping,142.31
3523,1762,material,3093.01
3524,1762,shipping,853.8
3525,1763,material,241.08
3526,1763,shipping,84.82
3527,1764,material,1559.97
3528,1764,shipping,1239.29
3529,1765,material,3764.48
3530,1765,shipping,2478.42
3531,1766,material,5921.93
3532,1766,shipping,920.05
3533,1767,material,2310.3
3534,1767,shipping,1918.42
3535,1768,material,16278.78
3536,1768,shipping,3283.47
3537,1769,material,17.61
3538,1769,shipping,3.88
3539,1770,material,322.46
3540,1770,shipping,266.91
3541,1771,material,13496.19
3542,1771,shipping,2424.85
3543,1772,material,789.36
3544,1772,shipping,157.61
3545,1773,material,1177.0
3546,1773,shipping,358.1
3547,1774,material,4014.43
3548,1774,shipping,631.21
3549,1775,material,418.11
3550,1775,shipping,356.53
3551,1776,material,4390.96
3552,1776,shipping,796.74
3553,1777,material,222.62
3554,1777,shipping,44.22
3555,1778,material,1503.76
3556,1778,shipping,1031.3
3557,1779,material,434.49
3558,1779,shipping,167.01
3559,1780,material,141.96
3560,1780,shipping,39.48
3561,1781,material,232.87
3562,1781,shipping,273.11
3563,1782,material,533.89
3564,1782,shipping,387.91
3565,1783,material,3806.7
3566,1783,shipping,3022.54
3567,1784,material,319.66
3568,1784,shipping,110.18
3569,1785,material,214.1
3570,1785,shipping,43.02
3571,1786,material,647.98
3572,1786,shipping,608.99
3573,1787,material,471.86
3574,1787,shipping,122.81
3575,1788,material,1755.35
3576,1788,shipping,362.07
3577,1789,material,51.83
3578,1789,shipping,14.83
3579,1790,material,23993.15
3580,1790,shipping,5179.11
3581,1791,material,368.54
3582,1791,shipping,367.63
3583,1792,material,983.4
3584,1792,shipping,720.73
3585,1793,material,14719.67
3586,1793,shipping,1947.0
3587,1794,material,119.11
3588,1794,shipping,32.89
3589,1795,material,134.44
3590,1795,shipping,121.69
3591,1796,material,2326.29
3592,1796,shipping,1618.64
3593,1797,material,1568.82
3594,1797,shipping,1124.07
3595,1798,material,3334.47
3596,1798,shipping,572.07
3597,1799,material,12555.72
3598,1799,shipping,3617.08
3599,1800,material,23.66
3600,1800,shipping,6.34
3601,1801,material,227.55
3602,1801,shipping,155.34
3603,1802,material,1016.63
3604,1802,shipping,303.92
3605,1803,material,38.3
3606,1803,shipping,40.77
3607,1804,material,213.97
3608,1804,shipping,63.82
3609,1805,material,603.9
3610,1805,shipping,149.65
3611,1806,material,2940.6
3612,1806,shipping,1618.02
3613,1807,material,251.76
3614,1807,shipping,183.64
3615,1808,material,5137.18
3616,1808,shipping,1174.98
3617,1809,material,3242.17
3618,1809,shipping,1947.19
3619,1810,material,2219.01
3620,1810,shipping,1257.13
3621,1811,material,1850.84
3622,1811,shipping,1166.33
3623,1812,material,8660.49
3624,1812,shipping,1641.51
3625,1813,material,108.98
3626,1813,shipping,25.47
3627,1814,material,17153.47
3628,1814,shipping,2503.31
3629,1815,material,121.59
3630,1815,shipping,29.28
3631,1816,material,257.75
3632,1816,shipping,175.68
3633,1817,material,2855.76
3634,1817,shipping,651.17
3635,1818,material,1458.1
3636,1818,shipping,777.5
3637,1819,material,329.73
3638,1819,shipping,113.99
3639,1820,material,320.72
3640,1820,shipping,89.22
3641,1821,material,333.36
3642,1821,shipping,284.55
3643,1822,material,93.16
3644,1822,shipping,32.49
3645,1823,material,355.84
3646,1823,shipping,100.18
3647,1824,material,231.3
3648,1824,shipping,95.59
3649,1825,material,95.61
3650,1825,shipping,20.95
3651,1826,material,1258.97
3652,1826,shipping,191.3
3653,1827,material,447.78
3654,1827,shipping,99.76
3655,1828,material,218.7
3656,1828,shipping,46.32
3657,1829,material,127.36
3658,1829,shipping,40.99
3659,1830,material,343.32
3660,1830,shipping,85.52
3661,1831,material,115.09
3662,1831,shipping,92.35
3663,1832,material,101.83
3664,1832,shipping,26.88
3665,1833,material,656.15
3666,1833,shipping,173.56
3667,1834,material,15356.76
3668,1834,shipping,2406.72
3669,1835,material,339.4
3670,1835,shipping,76.57
3671,1836,material,2801.75
3672,1836,shipping,2099.1
3673,1837,material,593.33
3674,1837,shipping,574.64
3675,1838,material,255.78
3676,1838,shipping,55.89
3677,1839,material,35.61
3678,1839,shipping,8.72
3679,1840,material,422.05
3680,1840,shipping,101.58
3681,1841,material,2595.11
3682,1841,shipping,1829.95
3683,1842,material,233.64
3684,1842,shipping,69.19
3685,1843,material,705.6
3686,1843,shipping,585.54
3687,1844,material,144.3
3688,1844,shipping,162.24
3689,1845,material,337.12
3690,1845,shipping,304.75
3691,1846,material,1101.51
3692,1846,shipping,712.36
3693,1847,material,237.84
3694,1847,shipping,45.69
3695,1848,material,284.34
3696,1848,shipping,70.7
3697,1849,material,848.12
3698,1849,shipping,202.59
3699,1850,material,626.09
3700,1850,shipping,136.8
3701,1851,material,1142.11
3702,1851,shipping,319.38
3703,1852,material,79.85
3704,1852,shipping,24.83
3705,1853,material,347.32
3706,1853,shipping,385.5
3707,1854,material,144.43
3708,1854,shipping,128.48
3709,1855,material,23776.23
3710,1855,shipping,5049.38
3711,1856,material,20318.98
3712,1856,shipping,4334.27
3713,1857,material,1762.97
3714,1857,shipping,321.38
3715,1858,material,345.89
3716,1858,shipping,106.86
3717,1859,material,37.03
3718,1859,shipping,42.67
3719,1860,material,386.46
3720,1860,shipping,105.84
3721,1861,material,198.79
3722,1861,shipping,43.41
3723,1862,material,100.19
3724,1862,shipping,115.91
3725,1863,material,12016.2
3726,1863,shipping,2336.2
3727,1864,material,1940.24
3728,1864,shipping,1803.69
3729,1865,material,219.13
3730,1865,shipping,52.96
3731,1866,material,3851.86
3732,1866,shipping,519.88
3733,1867,material,85.99
3734,1867,shipping,25.69
3735,1868,material,337.59
3736,1868,shipping,57.13
3737,1869,material,397.81
3738,1869,shipping,367.64
3739,1870,material,1866.32
3740,1870,shipping,247.01
3741,1871,material,3511.73
3742,1871,shipping,512.17
3743,1872,material,741.47
3744,1872,shipping,767.9
3745,1873,material,207.17
3746,1873,shipping,249.51
3747,1874,material,124.97
3748,1874,shipping,29.76
3749,1875,material,235.24
3750,1875,shipping,60.13
3751,1876,material,1744.22
3752,1876,shipping,1270.5
3753,1877,material,223.17
3754,1877,shipping,51.43
3755,1878,material,577.16
3756,1878,shipping,395.02
3757,1879,material,1171.91
3758,1879,shipping,311.71
3759,1880,material,250.6
3760,1880,shipping,70.07
3761,1881,material,1069.1
3762,1881,shipping,288.94
3763,1882,material,540.37
3764,1882,shipping,597.92
3765,1883,material,522.12
3766,1883,shipping,438.31
3767,1884,material,806.22
3768,1884,shipping,188.01
3769,1885,material,86.24
3770,1885,shipping,16.96
3771,1886,material,362.96
3772,1886,shipping,81.9
3773,1887,material,225.66
3774,1887,shipping,58.48
3775,1888,material,14514.6
3776,1888,shipping,2967.39
3777,1889,material,592.77
3778,1889,shipping,150.99
3779,1890,material,200.7
3780,1890,shipping,46.31
3781,1891,material,263.34
3782,1891,shipping,88.65
3783,1892,material,313.1
3784,1892,shipping,50.39
3785,1893,material,955.06
3786,1893,shipping,247.46
3787,1894,material,203.21
3788,1894,shipping,60.38
3789,1895,material,530.67
3790,1895,shipping,126.16
3791,1896,material,341.98
3792,1896,shipping,99.62
3793,1897,material,68.57
3794,1897,shipping,22.38
3795,1898,material,18314.78
3796,1898,shipping,2904.5
3797,1899,material,169.23
3798,1899,shipping,37.23
3799,1900,material,629.49
3800,1900,shipping,163.92
3801,1901,material,186.26
3802,1901,shipping,63.78
3803,1902,material,164.63
3804,1902,shipping,45.32
3805,1903,material,270.04
3806,1903,shipping,69.01
3807,1904,material,330.93
3808,1904,shipping,91.47
3809,1905,material,4296.42
3810,1905,shipping,766.03
3811,1906,material,2974.32
3812,1906,shipping,1984.68
3813,1907,material,11735.76
3814,1907,shipping,1520.03
3815,1908,material,249.92
3816,1908,shipping,51.72
3817,1909,material,103.32
3818,1909,shipping,24.74
3819,1910,material,472.54
3820,1910,shipping,465.52
3821,1911,material,2125.52
3822,1911,shipping,513.33
3823,1912,material,2456.12
3824,1912,shipping,422.37
3825,1913,material,86.21
3826,1913,shipping,24.45
3827,1914,material,338.49
3828,1914,shipping,91.47
3829,1915,material,7878.24
3830,1915,shipping,1284.01
3831,1916,material,218.45
3832,1916,shipping,65.26
3833,1917,material,979.42
3834,1917,shipping,269.77
3835,1918,material,267.82
3836,1918,shipping,58.87
3837,1919,material,1141.62
3838,1919,shipping,1023.2
3839,1920,material,610.5
3840,1920,shipping,189.07
3841,1921,material,271.44
3842,1921,shipping,66.02
3843,1922,material,472.07
3844,1922,shipping,161.01
3845,1923,material,1945.17
3846,1923,shipping,2003.14
3847,1924,material,160.67
3848,1924,shipping,35.22
3849,1925,material,11103.11
3850,1925,shipping,1879.44
3851,1926,material,13068.02
3852,1926,shipping,2292.23
3853,1927,material,166.07
3854,1927,shipping,123.53
3855,1928,material,138.18
3856,1928,shipping,40.77
3857,1929,material,190.97
3858,1929,shipping,156.2
3859,1930,material,187.55
3860,1930,shipping,41.1
3861,1931,material,2163.44
3862,1931,shipping,1872.97
3863,1932,material,3934.5
3864,1932,shipping,749.76
3865,1933,material,24.1
3866,1933,shipping,5.53
3867,1934,material,23418.27
3868,1934,shipping,5213.25
3869,1935,material,11630.6
3870,1935,shipping,1994.7
3871,1936,material,1009.91
3872,1936,shipping,276.62
3873,1937,material,941.79
3874,1937,shipping,185.24
3875,1938,material,2223.53
3876,1938,shipping,1471.96
3877,1939,material,582.25
3878,1939,shipping,420.77
3879,1940,material,346.65
3880,1940,shipping,94.79
3881,1941,material,380.2
3882,1941,shipping,83.09
3883,1942,material,5811.91
3884,1942,shipping,1151.22
3885,1943,material,872.26
3886,1943,shipping,247.64
3887,1944,material,1494.16
3888,1944,shipping,1178.52
3889,1945,material,197.12
3890,1945,shipping,176.02
3891,1946,material,4599.27
3892,1946,shipping,1134.98
3893,1947,material,607.63
3894,1947,shipping,132.93
3895,1948,material,203.14
3896,1948,shipping,41.91
3897,1949,material,686.73
3898,1949,shipping,155.48
3899,1950,material,743.84
3900,1950,shipping,844.15
3901,1951,material,375.04
3902,1951,shipping,112.18
3903,1952,material,968.27
3904,1952,shipping,306.85
3905,1953,material,367.61
3906,1953,shipping,128.89
3907,1954,material,1989.94
3908,1954,shipping,1038.38
3909,1955,material,246.19
3910,1955,shipping,258.79
3911,1956,material,19841.61
3912,1956,shipping,3448.87
3913,1957,material,10954.57
3914,1957,shipping,1896.52
3915,1958,material,33.35
3916,1958,shipping,7.96
3917,1959,material,479.55
3918,1959,shipping,159.6
3919,1960,material,338.97
3920,1960,shipping,306.62
3921,1961,material,129.96
3922,1961,shipping,139.79
3923,1962,material,574.93
3924,1962,shipping,381.6
3925,1963,material,4340.95
3926,1963,shipping,868.2
3927,1964,material,268.14
3928,1964,shipping,66.7
3929,1965,material,6390.15
3930,1965,shipping,1191.52
3931,1966,material,343.54
3932,1966,shipping,80.06
3933,1967,material,201.06
3934,1967,shipping,63.71
3935,1968,material,4617.34
3936,1968,shipping,852.81
3937,1969,material,494.74
3938,1969,shipping,99.68
3939,1970,material,1901.27
3940,1970,shipping,363.88
3941,1971,material,288.75
3942,1971,shipping,67.95
3943,1972,material,142.01
3944,1972,shipping,45.65
3945,1973,material,357.42
3946,1973,shipping,247.77
3947,1974,material,756.58
3948,1974,shipping,155.51
3949,1975,material,1037.5
3950,1975,shipping,758.04
3951,1976,material,556.48
3952,1976,shipping,460.34
3953,1977,material,285.46
3954,1977,shipping,103.02
3955,1978,material,598.07
3956,1978,shipping,148.97
3957,1979,material,278.71
3958,1979,shipping,84.18
3959,1980,material,3051.98
3960,1980,shipping,668.13
3961,1981,material,451.92
3962,1981,shipping,102.6
3963,1982,material,1546.94
3964,1982,shipping,1242.33
3965,1983,material,169.89
3966,1983,shipping,45.5
3967,1984,material,659.93
3968,1984,shipping,705.44
3969,1985,material,372.86
3970,1985,shipping,84.25
3971,1986,material,616.07
3972,1986,shipping,443.79
3973,1987,material,172.74
3974,1987,shipping,106.42
3975,1988,material,373.66
3976,1988,shipping,84.21
3977,1989,material,4949.26
3978,1989,shipping,768.56
3979,1990,material,2430.22
3980,1990,shipping,452.65
3981,1991,material,1185.96
3982,1991,shipping,650.49
3983,1992,material,215.71
3984,1992,shipping,68.31
3985,1993,material,431.08
3986,1993,shipping,96.48
3987,1994,material,1207.2
3988,1994,shipping,757.86
3989,1995,material,328.61
3990,1995,shipping,92.62
3991,1996,material,128.72
3992,1996,shipping,36.2
3993,1997,material,2473.23
3994,1997,shipping,1458.46
3995,1998,material,3565.8
3996,1998,shipping,3142.88
3997,1999,material,2839.82
3998,1999,shipping,2196.39
3999,2000,material,342.52
4000,2000,shipping,116.42
4001,2001,material,1185.48
4002,2001,shipping,773.6
4003,2002,material,3993.43
4004,2002,shipping,3084.33
4005,2003,material,4702.98
4006,2003,shipping,973.34
4007,2004,material,2758.67
4008,2004,shipping,1827.62
4009,2005,material,329.57
4010,2005,shipping,102.74
4011,2006,material,67.12
4012,2006,shipping,21.37
4013,2007,material,6271.92
4014,2007,shipping,959.7
4015,2008,material,115.9
4016,2008,shipping,42.1
4017,2009,material,2731.54
4018,2009,shipping,532.13
4019,2010,material,184.66
4020,2010,shipping,52.54
4021,2011,material,625.22
4022,2011,shipping,140.65
4023,2012,material,4754.0
4024,2012,shipping,753.6
4025,2013,material,14052.22
4026,2013,shipping,2446.0
4027,2014,material,13761.03
4028,2014,shipping,2077.05
4029,2015,material,1123.06
4030,2015,shipping,274.9
4031,2016,material,349.48
4032,2016,shipping,83.32
4033,2017,material,482.44
4034,2017,shipping,524.16
4035,2018,material,1188.07
4036,2018,shipping,272.46
4037,2019,material,303.65
4038,2019,shipping,57.61
4039,2020,material,90.38
4040,2020,shipping,24.61
4041,2021,material,30.99
4042,2021,shipping,9.43
4043,2022,material,166.42
4044,2022,shipping,51.4
4045,2023,material,2756.11
4046,2023,shipping,2095.53
4047,2024,material,175.14
4048,2024,shipping,41.05
4049,2025,material,2301.48
4050,2025,shipping,2025.08
4051,2026,material,102.22
4052,2026,shipping,118.91
4053,2027,material,289.79
4054,2027,shipping,62.96
4055,2028,material,2066.33
4056,2028,shipping,1622.4
4057,2029,material,4940.72
4058,2029,shipping,950.5
4059,2030,material,1681.61
4060,2030,shipping,351.15
4061,2031,material,110.07
4062,2031,shipping,23.8
4063,2032,material,2383.94
4064,2032,shipping,337.18
4065,2033,material,241.49
4066,2033,shipping,74.25
4067,2034,material,11296.88
4068,2034,shipping,1649.83
4069,2035,material,133.78
4070,2035,shipping,182.94
4071,2036,material,329.57
4072,2036,shipping,366.48
4073,2037,material,928.34
4074,2037,shipping,254.86
4075,2038,material,263.78
4076,2038,shipping,63.95
4077,2039,material,378.33
4078,2039,shipping,413.79
4079,2040,material,261.46
4080,2040,shipping,90.06
4081,2041,material,818.81
4082,2041,shipping,187.37
4083,2042,material,117.56
4084,2042,shipping,78.38
4085,2043,material,3048.89
4086,2043,shipping,2112.9
4087,2044,material,470.13
4088,2044,shipping,518.0
4089,2045,material,179.37
4090,2045,shipping,41.62
4091,2046,material,5920.57
4092,2046,shipping,817.44
4093,2047,material,31.26
4094,2047,shipping,6.32
4095,2048,material,973.54
4096,2048,shipping,275.34
4097,2049,material,669.34
4098,2049,shipping,102.34
4099,2050,material,135.75
4100,2050,shipping,150.44
4101,2051,material,54.17
4102,2051,shipping,10.4
4103,2052,material,673.3
4104,2052,shipping,594.15
4105,2053,material,528.26
4106,2053,shipping,429.36
4107,2054,material,315.01
4108,2054,shipping,87.33
4109,2055,material,22877.49
4110,2055,shipping,5350.46
4111,2056,material,256.04
4112,2056,shipping,82.3
4113,2057,material,169.48
4114,2057,shipping,44.73
4115,2058,material,2558.68
4116,2058,shipping,414.04
4117,2059,material,2026.06
4118,2059,shipping,1632.99
4119,2060,material,17.96
4120,2060,shipping,3.92
4121,2061,material,253.55
4122,2061,shipping,66.21
4123,2062,material,192.18
4124,2062,shipping,55.15
4125,2063,material,573.7
4126,2063,shipping,169.09
4127,2064,material,919.78
4128,2064,shipping,236.13
4129,2065,material,472.16
4130,2065,shipping,95.03
4131,2066,material,433.74
4132,2066,shipping,111.28
4133,2067,material,5318.97
4134,2067,shipping,996.96
4135,2068,material,1006.37
4136,2068,shipping,312.68
4137,2069,material,281.38
4138,2069,shipping,60.85
4139,2070,material,186.15
4140,2070,shipping,185.5
4141,2071,material,188.2
4142,2071,shipping,153.26
4143,2072,material,19729.47
4144,2072,shipping,3920.7
4145,2073,material,407.68
4146,2073,shipping,116.87
4147,2074,material,3745.01
4148,2074,shipping,502.14
4149,2075,material,140.28
4150,2075,shipping,38.08
4151,2076,material,205.55
4152,2076,shipping,52.66
4153,2077,material,1067.46
4154,2077,shipping,232.75
4155,2078,material,125.58
4156,2078,shipping,28.99
4157,2079,material,584.66
4158,2079,shipping,463.34
4159,2080,material,324.06
4160,2080,shipping,103.91
4161,2081,material,889.38
4162,2081,shipping,173.45
4163,2082,material,54.7
4164,2082,shipping,15.76
4165,2083,material,1207.42
4166,2083,shipping,866.94
4167,2084,material,508.1
4168,2084,shipping,126.71
4169,2085,material,16898.34
4170,2085,shipping,2192.87
4171,2086,material,785.69
4172,2086,shipping,185.77
4173,2087,material,6559.34
4174,2087,shipping,1273.16
4175,2088,material,220.75
4176,2088,shipping,68.48
4177,2089,material,1601.62
4178,2089,shipping,1515.42
4179,2090,material,307.84
4180,2090,shipping,108.49
4181,2091,material,174.29
4182,2091,shipping,40.4
4183,2092,material,58.17
4184,2092,shipping,14.4
4185,2093,material,2934.36
4186,2093,shipping,549.59
4187,2094,material,2319.02
4188,2094,shipping,511.99
4189,2095,material,6357.69
4190,2095,shipping,1191.93
4191,2096,material,4108.78
4192,2096,shipping,1003.36
4193,2097,material,40.52
4194,2097,shipping,15.19
4195,2098,material,19585.08
4196,2098,shipping,2755.61
4197,2099,material,89.38
4198,2099,shipping,31.17
4199,2100,material,18363.84
4200,2100,shipping,2616.07
4201,2101,material,408.32
4202,2101,shipping,98.18
4203,2102,material,487.0
4204,2102,shipping,118.01
4205,2103,material,265.38
4206,2103,shipping,69.81
4207,2104,material,4328.21
4208,2104,shipping,591.42
4209,2105,material,117.04
4210,2105,shipping,34.29
4211,2106,material,10418.8
4212,2106,shipping,2478.92
4213,2107,material,307.58
4214,2107,shipping,90.91
4215,2108,material,14993.11
4216,2108,shipping,2208.96
4217,2109,material,663.88
4218,2109,shipping,169.74
4219,2110,material,116.91
4220,2110,shipping,32.17
4221,2111,material,312.81
4222,2111,shipping,345.66
4223,2112,material,17204.24
4224,2112,shipping,2477.1
4225,2113,material,255.59
4226,2113,shipping,71.62
4227,2114,material,181.26
4228,2114,shipping,45.2
4229,2115,material,279.1
4230,2115,shipping,48.3
4231,2116,material,594.41
4232,2116,shipping,123.32
4233,2117,material,3036.76
4234,2117,shipping,515.47
4235,2118,material,2642.71
4236,2118,shipping,442.26
4237,2119,material,287.24
4238,2119,shipping,92.37
4239,2120,material,3326.83
4240,2120,shipping,2027.5
4241,2121,material,1632.71
4242,2121,shipping,1024.41
4243,2122,material,225.45
4244,2122,shipping,67.52
4245,2123,material,948.86
4246,2123,shipping,235.56
4247,2124,material,1240.24
4248,2124,shipping,232.19
4249,2125,material,1372.93
4250,2125,shipping,240.59
4251,2126,material,346.1
4252,2126,shipping,119.81
4253,2127,material,245.59
4254,2127,shipping,229.14
4255,2128,material,61.55
4256,2128,shipping,14.17
4257,2129,material,274.15
4258,2129,shipping,189.16
4259,2130,material,21.82
4260,2130,shipping,5.91
4261,2131,material,5108.11
4262,2131,shipping,981.94
4263,2132,material,63.56
4264,2132,shipping,15.17
4265,2133,material,279.72
4266,2133,shipping,302.14
4267,2134,material,283.55
4268,2134,shipping,104.61
4269,2135,material,116.22
4270,2135,shipping,34.64
4271,2136,material,86.04
4272,2136,shipping,20.99
4273,2137,material,844.74
4274,2137,shipping,204.79
4275,2138,material,1131.57
4276,2138,shipping,708.97
4277,2139,material,8016.42
4278,2139,shipping,1468.04
4279,2140,material,1648.42
4280,2140,shipping,356.41
4281,2141,material,502.67
4282,2141,shipping,629.93
4283,2142,material,144.64
4284,2142,shipping,49.79
4285,2143,material,3373.73
4286,2143,shipping,580.06
4287,2144,material,17014.41
4288,2144,shipping,2346.17
4289,2145,material,5078.67
4290,2145,shipping,927.63
4291,2146,material,787.69
4292,2146,shipping,239.58
4293,2147,material,1273.53
4294,2147,shipping,170.82
4295,2148,material,982.1
4296,2148,shipping,217.7
4297,2149,material,121.69
4298,2149,shipping,31.38
4299,2150,material,780.55
4300,2150,shipping,189.97
4301,2151,material,51.17
4302,2151,shipping,14.15
4303,2152,material,1549.23
4304,2152,shipping,286.5
4305,2153,material,71.85
4306,2153,shipping,49.65
4307,2154,material,394.29
4308,2154,shipping,101.85
4309,2155,material,2301.14
4310,2155,shipping,1401.71
4311,2156,material,689.35
4312,2156,shipping,205.31
4313,2157,material,22193.49
4314,2157,shipping,2940.82
4315,2158,material,738.38
4316,2158,shipping,740.47
4317,2159,material,79.74
4318,2159,shipping,15.02
4319,2160,material,6258.14
4320,2160,shipping,1008.5
4321,2161,material,338.51
4322,2161,shipping,102.21
4323,2162,material,544.38
4324,2162,shipping,129.96
4325,2163,material,3786.14
4326,2163,shipping,2747.32
4327,2164,material,289.16
4328,2164,shipping,106.11
4329,2165,material,1234.56
4330,2165,shipping,748.32
4331,2166,material,1953.67
4332,2166,shipping,1149.27
4333,2167,material,43.82
4334,2167,shipping,16.86
4335,2168,material,172.94
4336,2168,shipping,45.88
4337,2169,material,340.48
4338,2169,shipping,95.78
4339,2170,material,9638.28
4340,2170,shipping,1785.84
4341,2171,material,246.17
4342,2171,shipping,78.41
4343,2172,material,111.23
4344,2172,shipping,34.8
4345,2173,material,245.53
4346,2173,shipping,54.5
4347,2174,material,4422.36
4348,2174,shipping,949.57
4349,2175,material,631.76
4350,2175,shipping,443.48
4351,2176,material,571.18
4352,2176,shipping,153.69
4353,2177,material,69.45
4354,2177,shipping,20.69
4355,2178,material,409.85
4356,2178,shipping,489.94
4357,2179,material,1218.34
4358,2179,shipping,165.15
4359,2180,material,717.58
4360,2180,shipping,196.21
4361,2181,material,2011.2
4362,2181,shipping,1536.45
4363,2182,material,4936.86
4364,2182,shipping,990.43
4365,2183,material,288.55
4366,2183,shipping,79.59
4367,2184,material,87.77
4368,2184,shipping,24.66
4369,2185,material,241.06
4370,2185,shipping,46.46
4371,2186,material,49.33
4372,2186,shipping,11.24
4373,2187,material,11116.88
4374,2187,shipping,2437.63
4375,2188,material,12948.0
4376,2188,shipping,2115.69
4377,2189,material,1314.16
4378,2189,shipping,298.54
4379,2190,material,20953.55
4380,2190,shipping,3559.75
4381,2191,material,14394.43
4382,2191,shipping,2313.9
4383,2192,material,116.14
4384,2192,shipping,21.8
4385,2193,material,3246.44
4386,2193,shipping,2332.12
4387,2194,material,335.58
4388,2194,shipping,71.29
4389,2195,material,319.4
4390,2195,shipping,93.81
4391,2196,material,181.68
4392,2196,shipping,53.15
4393,2197,material,7791.38
4394,2197,shipping,1916.47
4395,2198,material,34.95
4396,2198,shipping,31.15
4397,2199,material,236.72
4398,2199,shipping,73.36
4399,2200,material,242.4
4400,2200,shipping,61.98
4401,2201,material,1921.98
4402,2201,shipping,1586.46
4403,2202,material,112.38
4404,2202,shipping,107.19
4405,2203,material,147.61
4406,2203,shipping,31.23
4407,2204,material,193.56
4408,2204,shipping,65.65
4409,2205,material,243.38
4410,2205,shipping,73.25
4411,2206,material,170.29
4412,2206,shipping,185.66
4413,2207,material,220.34
4414,2207,shipping,311.9
4415,2208,material,360.72
4416,2208,shipping,90.79
4417,2209,material,339.94
4418,2209,shipping,101.49
4419,2210,material,806.67
4420,2210,shipping,589.24
4421,2211,material,228.18
4422,2211,shipping,62.03
4423,2212,material,3322.19
4424,2212,shipping,1886.14
4425,2213,material,487.2
4426,2213,shipping,522.45
4427,2214,material,1094.8
4428,2214,shipping,208.17
4429,2215,material,3084.81
4430,2215,shipping,2576.66
4431,2216,material,1198.39
4432,2216,shipping,305.35
4433,2217,material,3673.29
4434,2217,shipping,1974.99
4435,2218,material,2792.09
4436,2218,shipping,1779.56
4437,2219,material,2491.07
4438,2219,shipping,339.16
4439,2220,material,3222.86
4440,2220,shipping,508.29
4441,2221,material,491.11
4442,2221,shipping,437.54
4443,2222,material,523.36
4444,2222,shipping,400.12
4445,2223,material,235.65
4446,2223,shipping,46.39
4447,2224,material,5450.19
4448,2224,shipping,1231.89
4449,2225,material,2762.5
4450,2225,shipping,549.82
4451,2226,material,210.55
4452,2226,shipping,48.28
4453,2227,material,125.32
4454,2227,shipping,28.1
4455,2228,material,9049.93
4456,2228,shipping,1261.26
4457,2229,material,14716.68
4458,2229,shipping,2183.19
4459,2230,material,265.0
4460,2230,shipping,58.87
4461,2231,material,5414.61
4462,2231,shipping,793.06
4463,2232,material,105.88
4464,2232,shipping,26.9
4465,2233,material,235.58
4466,2233,shipping,71.69
4467,2234,material,585.63
4468,2234,shipping,545.6
4469,2235,material,101.42
4470,2235,shipping,25.81
4471,2236,material,69.93
4472,2236,shipping,21.62
4473,2237,material,967.22
4474,2237,shipping,229.33
4475,2238,material,524.41
4476,2238,shipping,151.24
4477,2239,material,176.62
4478,2239,shipping,125.06
4479,2240,material,2526.72
4480,2240,shipping,1720.91
4481,2241,material,307.01
4482,2241,shipping,328.04
4483,2242,material,14765.1
4484,2242,shipping,3954.17
4485,2243,material,314.62
4486,2243,shipping,95.7
4487,2244,material,146.89
4488,2244,shipping,110.02
4489,2245,material,54.66
4490,2245,shipping,14.38
4491,2246,material,22086.19
4492,2246,shipping,3332.91
4493,2247,material,446.69
4494,2247,shipping,98.52
4495,2248,material,23614.42
4496,2248,shipping,5108.71
4497,2249,material,415.83
4498,2249,shipping,105.55
4499,2250,material,917.74
4500,2250,shipping,179.26
4501,2251,material,17206.18
4502,2251,shipping,2505.77
4503,2252,material,265.55
4504,2252,shipping,192.73
4505,2253,material,554.73
4506,2253,shipping,455.03
4507,2254,material,487.96
4508,2254,shipping,449.45
4509,2255,material,85.88
4510,2255,shipping,20.76
4511,2256,material,900.57
4512,2256,shipping,244.03
4513,2257,material,23.85
4514,2257,shipping,7.59
4515,2258,material,820.42
4516,2258,shipping,171.17
4517,2259,material,635.05
4518,2259,shipping,166.08
4519,2260,material,224.07
4520,2260,shipping,44.88
4521,2261,material,298.34
4522,2261,shipping,110.18
4523,2262,material,3366.79
4524,2262,shipping,720.01
4525,2263,material,899.69
4526,2263,shipping,246.82
4527,2264,material,249.12
4528,2264,shipping,91.1
4529,2265,material,5847.23
4530,2265,shipping,832.93
4531,2266,material,3183.56
4532,2266,shipping,2631.67
4533,2267,material,162.03
4534,2267,shipping,51.04
4535,2268,material,1371.47
4536,2268,shipping,210.47
4537,2269,material,1063.2
4538,2269,shipping,199.91
4539,2270,material,3254.05
4540,2270,shipping,757.14
4541,2271,material,208.49
4542,2271,shipping,50.16
4543,2272,material,2655.09
4544,2272,shipping,455.78
4545,2273,material,69.6
4546,2273,shipping,12.84
4547,2274,material,3796.8
4548,2274,shipping,2936.01
4549,2275,material,255.04
4550,2275,shipping,54.08
4551,2276,material,672.72
4552,2276,shipping,158.42
4553,2277,material,2300.82
4554,2277,shipping,1973.09
4555,2278,material,629.08
4556,2278,shipping,481.8
4557,2279,material,505.97
4558,2279,shipping,134.75
4559,2280,material,1096.92
4560,2280,shipping,244.94
4561,2281,material,4576.08
4562,2281,shipping,1126.1
4563,2282,material,167.27
4564,2282,shipping,45.4
4565,2283,material,76.27
4566,2283,shipping,13.76
4567,2284,material,19321.43
4568,2284,shipping,3485.5
4569,2285,material,237.38
4570,2285,shipping,64.17
4571,2286,material,186.29
4572,2286,shipping,209.13
4573,2287,material,355.35
4574,2287,shipping,246.67
4575,2288,material,212.6
4576,2288,shipping,38.06
4577,2289,material,1447.1
4578,2289,shipping,240.06
4579,2290,material,11477.97
4580,2290,shipping,2407.27
4581,2291,material,1569.41
4582,2291,shipping,1220.13
4583,2292,material,450.02
4584,2292,shipping,419.96
4585,2293,material,537.47
4586,2293,shipping,444.93
4587,2294,material,994.34
4588,2294,shipping,631.81
4589,2295,material,500.6
4590,2295,shipping,513.58
4591,2296,material,286.75
4592,2296,shipping,56.86
4593,2297,material,273.35
4594,2297,shipping,309.54
4595,2298,material,325.19
4596,2298,shipping,83.62
4597,2299,material,74.99
4598,2299,shipping,19.33
4599,2300,material,558.3
4600,2300,shipping,129.01
4601,2301,material,637.12
4602,2301,shipping,157.39
4603,2302,material,5258.44
4604,2302,shipping,1383.51
4605,2303,material,1644.19
4606,2303,shipping,1150.96
4607,2304,material,716.26
4608,2304,shipping,829.21
4609,2305,material,33.08
4610,2305,shipping,23.99
4611,2306,material,666.48
4612,2306,shipping,504.67
4613,2307,material,373.46
4614,2307,shipping,88.3
4615,2308,material,1649.65
4616,2308,shipping,366.22
4617,2309,material,36.38
4618,2309,shipping,9.38
4619,2310,material,634.6
4620,2310,shipping,542.44
4621,2311,material,918.08
4622,2311,shipping,240.22
4623,2312,material,7968.71
4624,2312,shipping,1155.22
4625,2313,material,222.14
4626,2313,shipping,67.84
4627,2314,material,337.38
4628,2314,shipping,51.64
4629,2315,material,51.46
4630,2315,shipping,11.65
4631,2316,material,25784.96
4632,2316,shipping,4577.34
4633,2317,material,105.65
4634,2317,shipping,116.03
4635,2318,material,2184.02
4636,2318,shipping,491.96
4637,2319,material,33.83
4638,2319,shipping,10.75
4639,2320,material,1619.61
4640,2320,shipping,342.55
4641,2321,material,1048.51
4642,2321,shipping,209.87
4643,2322,material,11827.57
4644,2322,shipping,1925.43
4645,2323,material,361.03
4646,2323,shipping,394.3
4647,2324,material,23.89
4648,2324,shipping,7.26
4649,2325,material,24067.18
4650,2325,shipping,3296.23
4651,2326,material,403.07
4652,2326,shipping,105.2
4653,2327,material,8584.78
4654,2327,shipping,1384.99
4655,2328,material,4484.37
4656,2328,shipping,643.18
4657,2329,material,980.58
4658,2329,shipping,307.79
4659,2330,material,1543.37
4660,2330,shipping,344.51
4661,2331,material,268.57
4662,2331,shipping,49.93
4663,2332,material,4445.24
4664,2332,shipping,795.53
4665,2333,material,3555.48
4666,2333,shipping,524.97
4667,2334,material,10078.53
4668,2334,shipping,1284.95
4669,2335,material,796.89
4670,2335,shipping,226.93
4671,2336,material,414.8
4672,2336,shipping,132.43
4673,2337,material,1128.25
4674,2337,shipping,1228.02
4675,2338,material,442.75
4676,2338,shipping,323.04
4677,2339,material,625.59
4678,2339,shipping,129.98
4679,2340,material,471.24
4680,2340,shipping,411.15
4681,2341,material,19150.87
4682,2341,shipping,3080.0
4683,2342,material,3603.9
4684,2342,shipping,572.06
4685,2343,material,61.11
4686,2343,shipping,13.31
4687,2344,material,1034.17
4688,2344,shipping,216.34
4689,2345,material,28.97
4690,2345,shipping,7.36
4691,2346,material,525.41
4692,2346,shipping,476.04
4693,2347,material,442.12
4694,2347,shipping,123.48
4695,2348,material,354.85
4696,2348,shipping,302.29
4697,2349,material,5000.72
4698,2349,shipping,1173.88
4699,2350,material,275.99
4700,2350,shipping,104.33
4701,2351,material,1192.56
4702,2351,shipping,244.55
4703,2352,material,10788.62
4704,2352,shipping,2364.66
4705,2353,material,382.28
4706,2353,shipping,144.3
4707,2354,material,10785.84
4708,2354,shipping,2234.52
4709,2355,material,490.64
4710,2355,shipping,446.69
4711,2356,material,651.61
4712,2356,shipping,591.95
4713,2357,material,4965.24
4714,2357,shipping,727.95
4715,2358,material,567.88
4716,2358,shipping,630.39
4717,2359,material,557.04
4718,2359,shipping,158.6
4719,2360,material,34.59
4720,2360,shipping,26.76
4721,2361,material,16.0
4722,2361,shipping,4.01
4723,2362,material,973.73
4724,2362,shipping,194.24
4725,2363,material,98.5
4726,2363,shipping,28.1
4727,2364,material,1159.16
4728,2364,shipping,423.73
4729,2365,material,65.16
4730,2365,shipping,11.84
4731,2366,material,363.8
4732,2366,shipping,78.14
4733,2367,material,217.81
4734,2367,shipping,51.75
4735,2368,material,677.35
4736,2368,shipping,165.62
4737,2369,material,1080.77
4738,2369,shipping,198.04
4739,2370,material,115.5
4740,2370,shipping,30.99
4741,2371,material,1913.79
4742,2371,shipping,425.76
4743,2372,material,3328.76
4744,2372,shipping,2841.62
4745,2373,material,69.93
4746,2373,shipping,54.16
4747,2374,material,5889.06
4748,2374,shipping,851.48
4749,2375,material,281.78
4750,2375,shipping,73.17
4751,2376,material,2111.43
4752,2376,shipping,1550.01
4753,2377,material,996.71
4754,2377,shipping,809.5
4755,2378,material,2409.47
4756,2378,shipping,2139.58
4757,2379,material,99.2
4758,2379,shipping,31.19
4759,2380,material,1159.88
4760,2380,shipping,266.53
4761,2381,material,286.91
4762,2381,shipping,78.72
4763,2382,material,149.88
4764,2382,shipping,48.06
4765,2383,material,4254.08
4766,2383,shipping,605.84
4767,2384,material,6751.32
4768,2384,shipping,1052.6
4769,2385,material,122.09
4770,2385,shipping,26.21
4771,2386,material,350.04
4772,2386,shipping,79.41
4773,2387,material,59.64
4774,2387,shipping,18.88
4775,2388,material,90.7
4776,2388,shipping,28.61
4777,2389,material,23.26
4778,2389,shipping,8.07
4779,2390,material,4967.07
4780,2390,shipping,985.46
4781,2391,material,15290.02
4782,2391,shipping,2105.51
4783,2392,material,2718.74
4784,2392,shipping,625.83
4785,2393,material,3737.35
4786,2393,shipping,3322.33
4787,2394,material,380.21
4788,2394,shipping,316.62
4789,2395,material,1017.9
4790,2395,shipping,343.95
4791,2396,material,38.08
4792,2396,shipping,11.5
4793,2397,material,13220.77
4794,2397,shipping,2252.19
4795,2398,material,1212.84
4796,2398,shipping,1149.17
4797,2399,material,230.85
4798,2399,shipping,69.38
4799,2400,material,113.6
4800,2400,shipping,27.13
4801,2401,material,1734.76
4802,2401,shipping,1280.73
4803,2402,material,13228.09
4804,2402,shipping,1767.26
4805,2403,material,2144.28
4806,2403,shipping,1613.84
4807,2404,material,256.81
4808,2404,shipping,76.97
4809,2405,material,361.04
4810,2405,shipping,93.75
4811,2406,material,1952.45
4812,2406,shipping,1413.99
4813,2407,material,60.75
4814,2407,shipping,15.36
4815,2408,material,170.91
4816,2408,shipping,48.37
4817,2409,material,363.66
4818,2409,shipping,344.85
4819,2410,material,156.71
4820,2410,shipping,37.13
4821,2411,material,428.62
4822,2411,shipping,155.3
4823,2412,material,4698.0
4824,2412,shipping,784.99
4825,2413,material,125.95
4826,2413,shipping,33.49
4827,2414,material,11024.24
4828,2414,shipping,2160.41
4829,2415,material,489.7
4830,2415,shipping,305.3
4831,2416,material,372.92
4832,2416,shipping,364.01
4833,2417,material,18657.43
4834,2417,shipping,3394.16
4835,2418,material,167.89
4836,2418,shipping,44.63
4837,2419,material,295.35
4838,2419,shipping,71.27
4839,2420,material,224.75
4840,2420,shipping,65.3
4841,2421,material,1163.52
4842,2421,shipping,281.61
4843,2422,material,782.99
4844,2422,shipping,812.84
4845,2423,material,263.22
4846,2423,shipping,95.52
4847,2424,material,582.93
4848,2424,shipping,184.84
4849,2425,material,20386.81
4850,2425,shipping,4513.16
4851,2426,material,10445.91
4852,2426,shipping,1362.97
4853,2427,material,359.9
4854,2427,shipping,79.77
4855,2428,material,301.74
4856,2428,shipping,95.98
4857,2429,material,4102.19
4858,2429,shipping,783.62
4859,2430,material,158.06
4860,2430,shipping,46.31
4861,2431,material,614.66
4862,2431,shipping,163.65
4863,2432,material,330.56
4864,2432,shipping,75.58
4865,2433,material,1675.15
4866,2433,shipping,305.79
4867,2434,material,3612.03
4868,2434,shipping,2794.34
4869,2435,material,12467.27
4870,2435,shipping,2350.58
4871,2436,material,337.52
4872,2436,shipping,85.56
4873,2437,material,1479.28
4874,2437,shipping,944.23
4875,2438,material,211.07
4876,2438,shipping,230.36
4877,2439,material,36.5
4878,2439,shipping,40.28
4879,2440,material,21924.46
4880,2440,shipping,3231.14
4881,2441,material,126.49
4882,2441,shipping,24.78
4883,2442,material,636.23
4884,2442,shipping,580.72
4885,2443,material,441.77
4886,2443,shipping,472.9
4887,2444,material,3027.38
4888,2444,shipping,683.38
4889,2445,material,98.61
4890,2445,shipping,30.57
4891,2446,material,118.12
4892,2446,shipping,36.81
4893,2447,material,599.94
4894,2447,shipping,141.18
4895,2448,material,17.73
4896,2448,shipping,5.22
4897,2449,material,109.32
4898,2449,shipping,72.48
4899,2450,material,2323.31
4900,2450,shipping,2172.72
4901,2451,material,1025.1
4902,2451,shipping,232.25
4903,2452,material,623.37
4904,2452,shipping,826.4
4905,2453,material,68.76
4906,2453,shipping,92.85
4907,2454,material,314.84
4908,2454,shipping,98.44
4909,2455,material,3403.14
4910,2455,shipping,2242.31
4911,2456,material,5211.69
4912,2456,shipping,1045.32
4913,2457,material,14707.64
4914,2457,shipping,2431.78
4915,2458,material,180.68
4916,2458,shipping,100.62
4917,2459,material,910.76
4918,2459,shipping,234.22
4919,2460,material,12741.39
4920,2460,shipping,1642.5
4921,2461,material,312.44
4922,2461,shipping,70.2
4923,2462,material,4666.39
4924,2462,shipping,701.87
4925,2463,material,3273.08
4926,2463,shipping,2564.06
4927,2464,material,150.78
4928,2464,shipping,34.18
4929,2465,material,89.0
4930,2465,shipping,21.95
4931,2466,material,249.45
4932,2466,shipping,88.19
4933,2467,material,71.87
4934,2467,shipping,51.03
4935,2468,material,976.3
4936,2468,shipping,214.97
4937,2469,material,1599.28
4938,2469,shipping,1072.5
4939,2470,material,157.96
4940,2470,shipping,53.15
4941,2471,material,451.05
4942,2471,shipping,118.89
4943,2472,material,110.84
4944,2472,shipping,22.76
4945,2473,material,3561.92
4946,2473,shipping,2361.7
4947,2474,material,1071.25
4948,2474,shipping,198.37
4949,2475,material,22253.63
4950,2475,shipping,4626.68
4951,2476,material,344.94
4952,2476,shipping,63.2
4953,2477,material,72.94
4954,2477,shipping,52.12
4955,2478,material,52.18
4956,2478,shipping,15.96
4957,2479,material,425.52
4958,2479,shipping,102.79
4959,2480,material,515.25
4960,2480,shipping,562.28
4961,2481,material,222.28
4962,2481,shipping,59.72
4963,2482,material,262.36
4964,2482,shipping,66.74
4965,2483,material,584.33
4966,2483,shipping,106.71
4967,2484,material,183.44
4968,2484,shipping,40.95
4969,2485,material,839.76
4970,2485,shipping,240.67
4971,2486,material,2947.8
4972,2486,shipping,2631.27
4973,2487,material,248.38
4974,2487,shipping,262.09
4975,2488,material,533.13
4976,2488,shipping,176.31
4977,2489,material,312.06
4978,2489,shipping,81.67
4979,2490,material,43.85
4980,2490,shipping,11.61
4981,2491,material,126.96
4982,2491,shipping,22.23
4983,2492,material,213.13
4984,2492,shipping,47.14
4985,2493,material,2284.88
4986,2493,shipping,353.55
4987,2494,material,6533.81
4988,2494,shipping,1180.02
4989,2495,material,358.79
4990,2495,shipping,291.74
4991,2496,material,381.05
4992,2496,shipping,111.33
4993,2497,material,3511.21
4994,2497,shipping,784.17
4995,2498,material,108.4
4996,2498,shipping,29.86
4997,2499,material,229.15
4998,2499,shipping,68.26
4999,2500,material,347.53
5000,2500,shipping,90.34
5001,2501,material,153.17
5002,2501,shipping,163.45
5003,2502,material,1124.43
5004,2502,shipping,339.61
5005,2503,material,1241.38
5006,2503,shipping,246.81
5007,2504,material,8559.32
5008,2504,shipping,1098.24
5009,2505,material,414.81
5010,2505,shipping,141.88
5011,2506,material,499.56
5012,2506,shipping,175.32
5013,2507,material,316.81
5014,2507,shipping,64.92
5015,2508,material,32.85
5016,2508,shipping,6.37
5017,2509,material,1149.84
5018,2509,shipping,251.87
5019,2510,material,2567.63
5020,2510,shipping,2183.2
5021,2511,material,121.28
5022,2511,shipping,36.55
5023,2512,material,414.74
5024,2512,shipping,102.44
5025,2513,material,555.7
5026,2513,shipping,131.88
5027,2514,material,1978.29
5028,2514,shipping,1154.37
5029,2515,material,300.33
5030,2515,shipping,94.27
5031,2516,material,295.01
5032,2516,shipping,62.19
5033,2517,material,334.33
5034,2517,shipping,295.11
5035,2518,material,171.8
5036,2518,shipping,37.87
5037,2519,material,366.82
5038,2519,shipping,100.59
5039,2520,material,432.55
5040,2520,shipping,389.41
5041,2521,material,51.06
5042,2521,shipping,14.0
5043,2522,material,257.12
5044,2522,shipping,56.61
5045,2523,material,408.66
5046,2523,shipping,335.23
5047,2524,material,17.97
5048,2524,shipping,5.32
5049,2525,material,6847.36
5050,2525,shipping,1190.07
5051,2526,material,53.52
5052,2526,shipping,14.52
5053,2527,material,14182.12
5054,2527,shipping,2909.88
5055,2528,material,603.04
5056,2528,shipping,164.94
5057,2529,material,214.0
5058,2529,shipping,210.71
5059,2530,material,464.55
5060,2530,shipping,125.44
5061,2531,material,3858.22
5062,2531,shipping,3602.93
5063,2532,material,259.82
5064,2532,shipping,57.99
5065,2533,material,253.79
5066,2533,shipping,66.75
5067,2534,material,156.52
5068,2534,shipping,38.55
5069,2535,material,169.65
5070,2535,shipping,56.37
5071,2536,material,1062.82
5072,2536,shipping,200.82
5073,2537,material,5290.75
5074,2537,shipping,729.97
5075,2538,material,147.75
5076,2538,shipping,37.74
5077,2539,material,2419.2
5078,2539,shipping,576.18
5079,2540,material,2082.87
5080,2540,shipping,1454.19
5081,2541,material,14753.8
5082,2541,shipping,3208.12
5083,2542,material,3210.83
5084,2542,shipping,1875.01
5085,2543,material,333.95
5086,2543,shipping,93.85
5087,2544,material,294.33
5088,2544,shipping,135.38
5089,2545,material,129.01
5090,2545,shipping,32.11
5091,2546,material,67.81
5092,2546,shipping,16.06
5093,2547,material,4448.99
5094,2547,shipping,782.43
5095,2548,material,2384.07
5096,2548,shipping,2068.75
5097,2549,material,54.86
5098,2549,shipping,12.04
5099,2550,material,228.44
5100,2550,shipping,64.03
5101,2551,material,251.54
5102,2551,shipping,62.69
5103,2552,material,164.85
5104,2552,shipping,44.2
5105,2553,material,149.44
5106,2553,shipping,29.57
5107,2554,material,504.09
5108,2554,shipping,132.31
5109,2555,material,22977.17
5110,2555,shipping,4101.65
5111,2556,material,940.73
5112,2556,shipping,824.68
5113,2557,material,1556.82
5114,2557,shipping,1323.7
5115,2558,material,350.47
5116,2558,shipping,97.06
5117,2559,material,235.89
5118,2559,shipping,78.36
5119,2560,material,4045.7
5120,2560,shipping,725.7
5121,2561,material,879.57
5122,2561,shipping,245.35
5123,2562,material,493.24
5124,2562,shipping,505.54
5125,2563,material,378.35
5126,2563,shipping,90.26
5127,2564,material,2525.11
5128,2564,shipping,1837.18
5129,2565,material,258.77
5130,2565,shipping,79.22
5131,2566,material,22506.53
5132,2566,shipping,4111.53
5133,2567,material,358.15
5134,2567,shipping,80.13
5135,2568,material,1838.7
5136,2568,shipping,1661.2
5137,2569,material,110.4
5138,2569,shipping,32.6
5139,2570,material,3005.86
5140,2570,shipping,488.74
5141,2571,material,253.01
5142,2571,shipping,56.79
5143,2572,material,17349.07
5144,2572,shipping,3633.65
5145,2573,material,1205.87
5146,2573,shipping,166.72
5147,2574,material,89.87
5148,2574,shipping,25.81
5149,2575,material,229.86
5150,2575,shipping,84.74
5151,2576,material,3128.65
5152,2576,shipping,2792.1
5153,2577,material,4774.65
5154,2577,shipping,681.94
5155,2578,material,19417.34
5156,2578,shipping,3962.53
5157,2579,material,504.65
5158,2579,shipping,512.1
5159,2580,material,4343.74
5160,2580,shipping,949.91
5161,2581,material,310.93
5162,2581,shipping,56.75
5163,2582,material,2100.19
5164,2582,shipping,562.52
5165,2583,material,132.76
5166,2583,shipping,47.0
5167,2584,material,196.49
5168,2584,shipping,44.34
5169,2585,material,5721.48
5170,2585,shipping,871.06
5171,2586,material,281.51
5172,2586,shipping,86.93
5173,2587,material,286.96
5174,2587,shipping,322.89
5175,2588,material,230.24
5176,2588,shipping,72.52
5177,2589,material,528.3
5178,2589,shipping,132.75
5179,2590,material,352.63
5180,2590,shipping,95.72
5181,2591,material,417.69
5182,2591,shipping,505.1
5183,2592,material,154.7
5184,2592,shipping,162.33
5185,2593,material,17523.44
5186,2593,shipping,2891.73
5187,2594,material,592.71
5188,2594,shipping,133.04
5189,2595,material,1589.47
5190,2595,shipping,1130.99
5191,2596,material,110.81
5192,2596,shipping,38.36
5193,2597,material,112.46
5194,2597,shipping,29.49
5195,2598,material,216.25
5196,2598,shipping,58.8
5197,2599,material,107.65
5198,2599,shipping,20.25
5199,2600,material,371.62
5200,2600,shipping,91.43
5201,2601,material,271.99
5202,2601,shipping,249.93
5203,2602,material,295.5
5204,2602,shipping,276.02
5205,2603,material,90.26
5206,2603,shipping,19.54
5207,2604,material,1015.89
5208,2604,shipping,900.47
5209,2605,material,416.23
5210,2605,shipping,341.46
5211,2606,material,383.93
5212,2606,shipping,122.79
5213,2607,material,64.38
5214,2607,shipping,19.87
5215,2608,material,6321.7
5216,2608,shipping,1001.03
5217,2609,material,326.2
5218,2609,shipping,92.58
5219,2610,material,16.94
5220,2610,shipping,3.99
5221,2611,material,158.64
5222,2611,shipping,34.38
5223,2612,material,2753.78
5224,2612,shipping,1888.07
5225,2613,material,89.64
5226,2613,shipping,24.46
5227,2614,material,85.92
5228,2614,shipping,24.3
5229,2615,material,622.93
5230,2615,shipping,630.38
5231,2616,material,141.27
5232,2616,shipping,48.91
5233,2617,material,314.44
5234,2617,shipping,66.33
5235,2618,material,13925.77
5236,2618,shipping,3174.03
5237,2619,material,315.55
5238,2619,shipping,76.88
5239,2620,material,231.73
5240,2620,shipping,65.24
5241,2621,material,366.46
5242,2621,shipping,410.74
5243,2622,material,10680.05
5244,2622,shipping,1886.52
5245,2623,material,238.94
5246,2623,shipping,269.34
5247,2624,material,522.91
5248,2624,shipping,478.14
5249,2625,material,1335.77
5250,2625,shipping,953.57
5251,2626,material,640.49
5252,2626,shipping,156.41
5253,2627,material,101.3
5254,2627,shipping,33.8
5255,2628,material,1163.0
5256,2628,shipping,265.87
5257,2629,material,565.4
5258,2629,shipping,120.02
5259,2630,material,3207.39
5260,2630,shipping,758.23
5261,2631,material,272.85
5262,2631,shipping,64.15
5263,2632,material,22.91
5264,2632,shipping,7.08
5265,2633,material,21581.5
5266,2633,shipping,4081.79
5267,2634,material,82.67
5268,2634,shipping,18.23
5269,2635,material,34.78
5270,2635,shipping,8.74
5271,2636,material,391.84
5272,2636,shipping,91.38
5273,2637,material,77.27
5274,2637,shipping,17.71
5275,2638,material,515.27
5276,2638,shipping,387.29
5277,2639,material,205.59
5278,2639,shipping,60.28
5279,2640,material,986.07
5280,2640,shipping,226.21
5281,2641,material,36.07
5282,2641,shipping,38.85
5283,2642,material,2975.71
5284,2642,shipping,466.22
5285,2643,material,92.15
5286,2643,shipping,24.96
5287,2644,material,124.88
5288,2644,shipping,34.55
5289,2645,material,303.91
5290,2645,shipping,81.91
5291,2646,material,486.11
5292,2646,shipping,152.57
5293,2647,material,2469.77
5294,2647,shipping,524.56
5295,2648,material,348.49
5296,2648,shipping,90.09
5297,2649,material,4936.38
5298,2649,shipping,938.84
5299,2650,material,314.27
5300,2650,shipping,103.08
5301,2651,material,111.82
5302,2651,shipping,23.8
5303,2652,material,312.28
5304,2652,shipping,102.88
5305,2653,material,16.36
5306,2653,shipping,5.12
5307,2654,material,29.44
5308,2654,shipping,8.16
5309,2655,material,2725.19
5310,2655,shipping,1871.29
5311,2656,material,614.18
5312,2656,shipping,123.15
5313,2657,material,2083.71
5314,2657,shipping,397.94
5315,2658,material,30.82
5316,2658,shipping,10.34
5317,2659,material,327.84
5318,2659,shipping,94.65
5319,2660,material,3388.12
5320,2660,shipping,507.87
5321,2661,material,116.68
5322,2661,shipping,26.78
5323,2662,material,151.28
5324,2662,shipping,149.32
5325,2663,material,758.49
5326,2663,shipping,666.27
5327,2664,material,2148.12
5328,2664,shipping,1948.38
5329,2665,material,181.9
5330,2665,shipping,122.54
5331,2666,material,727.84
5332,2666,shipping,202.38
5333,2667,material,141.85
5334,2667,shipping,33.33
5335,2668,material,63.31
5336,2668,shipping,12.16
5337,2669,material,10184.56
5338,2669,shipping,1773.41
5339,2670,material,3348.41
5340,2670,shipping,732.17
5341,2671,material,573.06
5342,2671,shipping,206.31
5343,2672,material,353.94
5344,2672,shipping,95.32
5345,2673,material,308.28
5346,2673,shipping,63.49
5347,2674,material,14412.66
5348,2674,shipping,2090.53
5349,2675,material,446.51
5350,2675,shipping,163.47
5351,2676,material,21603.16
5352,2676,shipping,3497.68
5353,2677,material,11799.81
5354,2677,shipping,2099.41
5355,2678,material,300.15
5356,2678,shipping,107.55
5357,2679,material,179.83
5358,2679,shipping,35.99
5359,2680,material,229.05
5360,2680,shipping,44.9
5361,2681,material,1379.94
5362,2681,shipping,1015.7
5363,2682,material,1010.35
5364,2682,shipping,308.26
5365,2683,material,18.11
5366,2683,shipping,5.42
5367,2684,material,3910.47
5368,2684,shipping,813.29
5369,2685,material,663.15
5370,2685,shipping,153.85
5371,2686,material,235.67
5372,2686,shipping,50.6
5373,2687,material,2216.86
5374,2687,shipping,1707.34
5375,2688,material,220.78
5376,2688,shipping,45.83
5377,2689,material,11098.75
5378,2689,shipping,1616.33
5379,2690,material,1935.82
5380,2690,shipping,550.58
5381,2691,material,406.06
5382,2691,shipping,126.25
5383,2692,material,3207.82
5384,2692,shipping,2885.91
5385,2693,material,492.68
5386,2693,shipping,115.46
5387,2694,material,2386.28
5388,2694,shipping,539.62
5389,2695,material,303.92
5390,2695,shipping,319.86
5391,2696,material,311.41
5392,2696,shipping,69.49
5393,2697,material,121.63
5394,2697,shipping,45.09
5395,2698,material,178.28
5396,2698,shipping,36.18
5397,2699,material,121.8
5398,2699,shipping,33.75
5399,2700,material,961.77
5400,2700,shipping,146.24
5401,2701,material,421.26
5402,2701,shipping,103.57
5403,2702,material,2233.72
5404,2702,shipping,379.39
5405,2703,material,2263.0
5406,2703,shipping,436.76
5407,2704,material,1268.94
5408,2704,shipping,1049.54
5409,2705,material,574.36
5410,2705,shipping,114.47
5411,2706,material,3505.38
5412,2706,shipping,2865.65
5413,2707,material,1164.86
5414,2707,shipping,1029.85
5415,2708,material,540.34
5416,2708,shipping,212.35
5417,2709,material,513.92
5418,2709,shipping,546.15
5419,2710,material,1020.33
5420,2710,shipping,751.01
5421,2711,material,3411.87
5422,2711,shipping,690.14
5423,2712,material,74.66
5424,2712,shipping,19.86
5425,2713,material,713.71
5426,2713,shipping,675.48
5427,2714,material,16385.41
5428,2714,shipping,2730.59
5429,2715,material,1034.75
5430,2715,shipping,315.72
5431,2716,material,189.38
5432,2716,shipping,53.19
5433,2717,material,621.76
5434,2717,shipping,607.96
5435,2718,material,577.55
5436,2718,shipping,161.02
5437,2719,material,228.04
5438,2719,shipping,64.27
5439,2720,material,1094.23
5440,2720,shipping,275.8
5441,2721,material,189.6
5442,2721,shipping,50.16
5443,2722,material,385.3
5444,2722,shipping,371.02
5445,2723,material,349.18
5446,2723,shipping,107.53
5447,2724,material,2527.6
5448,2724,shipping,2250.17
5449,2725,material,333.14
5450,2725,shipping,357.15
5451,2726,material,685.52
5452,2726,shipping,143.69
5453,2727,material,645.18
5454,2727,shipping,567.62
5455,2728,material,4036.07
5456,2728,shipping,563.62
5457,2729,material,324.73
5458,2729,shipping,69.27
5459,2730,material,7270.02
5460,2730,shipping,923.0
5461,2731,material,1201.58
5462,2731,shipping,224.41
5463,2732,material,32.01
5464,2732,shipping,9.03
5465,2733,material,907.54
5466,2733,shipping,226.09
5467,2734,material,89.68
5468,2734,shipping,31.4
5469,2735,material,439.84
5470,2735,shipping,356.16
5471,2736,material,757.61
5472,2736,shipping,563.97
5473,2737,material,717.55
5474,2737,shipping,204.35
5475,2738,material,297.36
5476,2738,shipping,102.95
5477,2739,material,5342.87
5478,2739,shipping,1101.62
5479,2740,material,441.51
5480,2740,shipping,89.77
5481,2741,material,118.91
5482,2741,shipping,31.06
5483,2742,material,3414.41
5484,2742,shipping,3103.57
5485,2743,material,906.18
5486,2743,shipping,623.93
5487,2744,material,173.38
5488,2744,shipping,132.03
5489,2745,material,12939.63
5490,2745,shipping,2900.88
5491,2746,material,361.6
5492,2746,shipping,89.86
5493,2747,material,1078.03
5494,2747,shipping,222.5
5495,2748,material,330.71
5496,2748,shipping,110.58
5497,2749,material,123.58
5498,2749,shipping,40.07
5499,2750,material,964.02
5500,2750,shipping,835.64
5501,2751,material,311.81
5502,2751,shipping,302.37
5503,2752,material,422.32
5504,2752,shipping,127.14
5505,2753,material,961.34
5506,2753,shipping,271.09
5507,2754,material,173.79
5508,2754,shipping,44.24
5509,2755,material,104.48
5510,2755,shipping,93.41
5511,2756,material,2787.27
5512,2756,shipping,530.66
5513,2757,material,284.87
5514,2757,shipping,77.33
5515,2758,material,137.88
5516,2758,shipping,183.58
5517,2759,material,419.99
5518,2759,shipping,122.85
5519,2760,material,4953.25
5520,2760,shipping,1134.0
5521,2761,material,263.2
5522,2761,shipping,64.46
5523,2762,material,3993.0
5524,2762,shipping,748.56
5525,2763,material,1002.35
5526,2763,shipping,635.16
5527,2764,material,434.15
5528,2764,shipping,105.1
5529,2765,material,5254.3
5530,2765,shipping,994.71
5531,2766,material,2684.38
5532,2766,shipping,2233.37
5533,2767,material,3834.52
5534,2767,shipping,2278.44
5535,2768,material,295.4
5536,2768,shipping,108.27
5537,2769,material,2215.76
5538,2769,shipping,403.42
5539,2770,material,335.61
5540,2770,shipping,92.43
5541,2771,material,136.24
5542,2771,shipping,45.01
5543,2772,material,647.79
5544,2772,shipping,751.63
5545,2773,material,407.43
5546,2773,shipping,422.27
5547,2774,material,5415.46
5548,2774,shipping,1030.83
5549,2775,material,1547.19
5550,2775,shipping,314.46
5551,2776,material,4329.5
5552,2776,shipping,872.2
5553,2777,material,244.57
5554,2777,shipping,49.87
5555,2778,material,2775.42
5556,2778,shipping,1778.35
5557,2779,material,806.62
5558,2779,shipping,161.92
5559,2780,material,631.35
5560,2780,shipping,504.67
5561,2781,material,70.12
5562,2781,shipping,15.81
5563,2782,material,3365.4
5564,2782,shipping,2225.98
5565,2783,material,18038.23
5566,2783,shipping,3981.44
5567,2784,material,180.01
5568,2784,shipping,142.86
5569,2785,material,538.66
5570,2785,shipping,144.99
5571,2786,material,216.12
5572,2786,shipping,56.63
5573,2787,material,5345.1
5574,2787,shipping,962.49
5575,2788,material,258.05
5576,2788,shipping,342.78
5577,2789,material,412.32
5578,2789,shipping,113.77
5579,2790,material,3232.5
5580,2790,shipping,2797.49
5581,2791,material,1029.65
5582,2791,shipping,282.15
5583,2792,material,330.92
5584,2792,shipping,110.9
5585,2793,material,639.67
5586,2793,shipping,718.02
5587,2794,material,3214.42
5588,2794,shipping,2457.54
5589,2795,material,38.22
5590,2795,shipping,33.39
5591,2796,material,13526.19
5592,2796,shipping,2478.42
5593,2797,material,4319.29
5594,2797,shipping,841.25
5595,2798,material,401.21
5596,2798,shipping,103.82
5597,2799,material,14474.03
5598,2799,shipping,2941.12
5599,2800,material,30.37
5600,2800,shipping,7.03
5601,2801,material,2978.76
5602,2801,shipping,541.0
5603,2802,material,427.64
5604,2802,shipping,110.46
5605,2803,material,466.28
5606,2803,shipping,96.57
5607,2804,material,460.97
5608,2804,shipping,156.31
5609,2805,material,363.43
5610,2805,shipping,77.06
5611,2806,material,32.07
5612,2806,shipping,9.14
5613,2807,material,4504.06
5614,2807,shipping,952.12
5615,2808,material,163.36
5616,2808,shipping,56.17
5617,2809,material,545.33
5618,2809,shipping,510.34
5619,2810,material,367.54
5620,2810,shipping,80.21
5621,2811,material,3751.76
5622,2811,shipping,829.41
5623,2812,material,209.71
5624,2812,shipping,52.41
5625,2813,material,150.92
5626,2813,shipping,40.95
5627,2814,material,10555.22
5628,2814,shipping,1484.15
5629,2815,material,87.53
5630,2815,shipping,24.39
5631,2816,material,663.14
5632,2816,shipping,110.34
5633,2817,material,158.51
5634,2817,shipping,40.73
5635,2818,material,1727.5
5636,2818,shipping,1054.93
5637,2819,material,365.05
5638,2819,shipping,253.91
5639,2820,material,179.81
5640,2820,shipping,60.69
5641,2821,material,3083.28
5642,2821,shipping,1874.56
5643,2822,material,2692.09
5644,2822,shipping,2525.19
5645,2823,material,459.66
5646,2823,shipping,125.01
5647,2824,material,3122.34
5648,2824,shipping,2361.53
5649,2825,material,4804.22
5650,2825,shipping,1077.15
5651,2826,material,246.11
5652,2826,shipping,326.57
5653,2827,material,49.56
5654,2827,shipping,11.28
5655,2828,material,4006.52
5656,2828,shipping,581.24
5657,2829,material,344.95
5658,2829,shipping,74.93
5659,2830,material,5342.91
5660,2830,shipping,910.42
5661,2831,material,143.21
5662,2831,shipping,41.33
5663,2832,material,51.28
5664,2832,shipping,14.69
5665,2833,material,1778.52
5666,2833,shipping,352.93
5667,2834,material,603.73
5668,2834,shipping,414.46
5669,2835,material,608.53
5670,2835,shipping,143.6
5671,2836,material,390.38
5672,2836,shipping,86.38
5673,2837,material,1043.23
5674,2837,shipping,202.82
5675,2838,material,3771.57
5676,2838,shipping,876.77
5677,2839,material,1923.41
5678,2839,shipping,1656.54
5679,2840,material,848.44
5680,2840,shipping,478.22
5681,2841,material,323.68
5682,2841,shipping,79.85
5683,2842,material,5406.86
5684,2842,shipping,953.43
5685,2843,material,1652.49
5686,2843,shipping,1685.77
5687,2844,material,427.52
5688,2844,shipping,91.59
5689,2845,material,286.52
5690,2845,shipping,68.86
5691,2846,material,70.22
5692,2846,shipping,19.03
5693,2847,material,6354.41
5694,2847,shipping,1321.18
5695,2848,material,16.86
5696,2848,shipping,5.06
5697,2849,material,1171.92
5698,2849,shipping,244.19
5699,2850,material,295.6
5700,2850,shipping,195.37
5701,2851,material,1211.69
5702,2851,shipping,169.05
5703,2852,material,4285.31
5704,2852,shipping,643.06
5705,2853,material,496.4
5706,2853,shipping,137.76
5707,2854,material,14519.54
5708,2854,shipping,2279.51
5709,2855,material,5946.15
5710,2855,shipping,1008.7
5711,2856,material,165.6
5712,2856,shipping,38.87
5713,2857,material,1225.41
5714,2857,shipping,188.57
5715,2858,material,253.06
5716,2858,shipping,89.43
5717,2859,material,303.19
5718,2859,shipping,62.72
5719,2860,material,307.76
5720,2860,shipping,83.46
5721,2861,material,442.34
5722,2861,shipping,124.19
5723,2862,material,627.03
5724,2862,shipping,131.32
5725,2863,material,4926.75
5726,2863,shipping,822.75
5727,2864,material,21.99
5728,2864,shipping,4.93
5729,2865,material,4814.9
5730,2865,shipping,744.89
5731,2866,material,448.42
5732,2866,shipping,100.12
5733,2867,material,61.02
5734,2867,shipping,25.79
5735,2868,material,233.09
5736,2868,shipping,70.88
5737,2869,material,673.48
5738,2869,shipping,206.41
5739,2870,material,17443.61
5740,2870,shipping,2775.26
5741,2871,material,292.07
5742,2871,shipping,57.34
5743,2872,material,127.42
5744,2872,shipping,36.5
5745,2873,material,162.55
5746,2873,shipping,42.55
5747,2874,material,490.05
5748,2874,shipping,570.86
5749,2875,material,209.98
5750,2875,shipping,76.71
5751,2876,material,562.45
5752,2876,shipping,443.67
5753,2877,material,3310.03
5754,2877,shipping,712.36
5755,2878,material,369.44
5756,2878,shipping,100.6
5757,2879,material,3203.52
5758,2879,shipping,3129.87
5759,2880,material,222.68
5760,2880,shipping,195.65
5761,2881,material,2374.65
5762,2881,shipping,2111.62
5763,2882,material,7014.21
5764,2882,shipping,1485.17
5765,2883,material,432.15
5766,2883,shipping,96.79
5767,2884,material,346.73
5768,2884,shipping,118.89
5769,2885,material,372.78
5770,2885,shipping,318.83
5771,2886,material,12661.66
5772,2886,shipping,2464.21
5773,2887,material,51.98
5774,2887,shipping,14.88
5775,2888,material,208.19
5776,2888,shipping,36.45
5777,2889,material,67.33
5778,2889,shipping,22.63
5779,2890,material,4979.04
5780,2890,shipping,1157.31
5781,2891,material,1128.35
5782,2891,shipping,338.08
5783,2892,material,448.16
5784,2892,shipping,164.02
5785,2893,material,15384.46
5786,2893,shipping,3357.16
5787,2894,material,553.49
5788,2894,shipping,104.24
5789,2895,material,4647.91
5790,2895,shipping,915.82
5791,2896,material,486.84
5792,2896,shipping,172.29
5793,2897,material,8186.96
5794,2897,shipping,1158.29
5795,2898,material,3226.21
5796,2898,shipping,725.5
5797,2899,material,141.48
5798,2899,shipping,126.27
5799,2900,material,361.31
5800,2900,shipping,295.47
5801,2901,material,1281.93
5802,2901,shipping,342.45
5803,2902,material,347.54
5804,2902,shipping,94.8
5805,2903,material,454.42
5806,2903,shipping,103.86
5807,2904,material,328.99
5808,2904,shipping,75.19
5809,2905,material,766.13
5810,2905,shipping,675.48
5811,2906,material,20988.63
5812,2906,shipping,5024.84
5813,2907,material,676.24
5814,2907,shipping,284.74
5815,2908,material,5366.68
5816,2908,shipping,880.27
5817,2909,material,295.78
5818,2909,shipping,42.15
5819,2910,material,901.46
5820,2910,shipping,165.7
5821,2911,material,158.43
5822,2911,shipping,57.37
5823,2912,material,4317.21
5824,2912,shipping,909.64
5825,2913,material,832.27
5826,2913,shipping,151.07
5827,2914,material,171.76
5828,2914,shipping,36.3
5829,2915,material,253.36
5830,2915,shipping,52.38
5831,2916,material,212.14
5832,2916,shipping,38.06
5833,2917,material,126.09
5834,2917,shipping,42.67
5835,2918,material,567.89
5836,2918,shipping,137.95
5837,2919,material,94.04
5838,2919,shipping,31.5
5839,2920,material,58.85
5840,2920,shipping,12.56
5841,2921,material,1824.58
5842,2921,shipping,1109.13
5843,2922,material,422.24
5844,2922,shipping,80.24
5845,2923,material,363.68
5846,2923,shipping,83.25
5847,2924,material,681.56
5848,2924,shipping,467.19
5849,2925,material,1535.88
5850,2925,shipping,295.72
5851,2926,material,146.25
5852,2926,shipping,34.78
5853,2927,material,244.44
5854,2927,shipping,67.36
5855,2928,material,371.43
5856,2928,shipping,92.48
5857,2929,material,502.65
5858,2929,shipping,101.46
5859,2930,material,17373.05
5860,2930,shipping,2925.88
5861,2931,material,716.98
5862,2931,shipping,634.45
5863,2932,material,373.34
5864,2932,shipping,258.9
5865,2933,material,3129.89
5866,2933,shipping,590.71
5867,2934,material,190.3
5868,2934,shipping,49.96
5869,2935,material,225.18
5870,2935,shipping,253.89
5871,2936,material,18.08
5872,2936,shipping,4.68
5873,2937,material,332.98
5874,2937,shipping,112.05
5875,2938,material,1109.11
5876,2938,shipping,256.78
5877,2939,material,17867.67
5878,2939,shipping,3614.05
5879,2940,material,3404.32
5880,2940,shipping,2852.9
5881,2941,material,20.83
5882,2941,shipping,6.42
5883,2942,material,261.31
5884,2942,shipping,292.17
5885,2943,material,1660.25
5886,2943,shipping,1363.59
5887,2944,material,19557.98
5888,2944,shipping,3342.0
5889,2945,material,567.35
5890,2945,shipping,344.83
5891,2946,material,265.16
5892,2946,shipping,77.5
5893,2947,material,6793.52
5894,2947,shipping,1176.68
5895,2948,material,442.02
5896,2948,shipping,429.2
5897,2949,material,35.41
5898,2949,shipping,13.22
5899,2950,material,3287.96
5900,2950,shipping,2082.04
5901,2951,material,8609.1
5902,2951,shipping,1229.13
5903,2952,material,5282.45
5904,2952,shipping,746.71
5905,2953,material,599.07
5906,2953,shipping,91.4
5907,2954,material,8282.69
5908,2954,shipping,1888.49
5909,2955,material,59.5
5910,2955,shipping,12.69
5911,2956,material,166.41
5912,2956,shipping,34.98
5913,2957,material,319.83
5914,2957,shipping,99.16
5915,2958,material,549.81
5916,2958,shipping,230.04
5917,2959,material,1214.08
5918,2959,shipping,302.21
5919,2960,material,151.67
5920,2960,shipping,49.27
5921,2961,material,309.55
5922,2961,shipping,70.18
5923,2962,material,336.07
5924,2962,shipping,237.32
5925,2963,material,280.02
5926,2963,shipping,60.8
5927,2964,material,470.29
5928,2964,shipping,99.88
5929,2965,material,1875.65
5930,2965,shipping,1383.09
5931,2966,material,6228.77
5932,2966,shipping,1298.21
5933,2967,material,315.31
5934,2967,shipping,61.25
5935,2968,material,178.76
5936,2968,shipping,54.13
5937,2969,material,99.59
5938,2969,shipping,21.09
5939,2970,material,162.65
5940,2970,shipping,48.17
5941,2971,material,4908.66
5942,2971,shipping,1078.59
5943,2972,material,10035.04
5944,2972,shipping,2067.8
5945,2973,material,617.59
5946,2973,shipping,137.58
5947,2974,material,1055.61
5948,2974,shipping,940.37
5949,2975,material,124.38
5950,2975,shipping,28.57
5951,2976,material,18915.92
5952,2976,shipping,3082.37
5953,2977,material,32.11
5954,2977,shipping,8.04
5955,2978,material,403.05
5956,2978,shipping,147.55
5957,2979,material,70.7
5958,2979,shipping,17.98
5959,2980,material,99.15
5960,2980,shipping,26.32
5961,2981,material,998.18
5962,2981,shipping,619.79
5963,2982,material,1652.86
5964,2982,shipping,938.05
5965,2983,material,4876.13
5966,2983,shipping,693.67
5967,2984,material,255.4
5968,2984,shipping,62.92
5969,2985,material,333.33
5970,2985,shipping,81.7
5971,2986,material,3154.72
5972,2986,shipping,584.06
5973,2987,material,174.94
5974,2987,shipping,126.39
5975,2988,material,94.38
5976,2988,shipping,19.75
5977,2989,material,1078.98
5978,2989,shipping,301.73
5979,2990,material,533.35
5980,2990,shipping,558.55
5981,2991,material,201.64
5982,2991,shipping,50.86
5983,2992,material,7032.74
5984,2992,shipping,1331.57
5985,2993,material,994.81
5986,2993,shipping,312.33
5987,2994,material,203.41
5988,2994,shipping,48.11
5989,2995,material,295.24
5990,2995,shipping,96.93
5991,2996,material,640.8
5992,2996,shipping,130.14
5993,2997,material,59.27
5994,2997,shipping,13.58
5995,2998,material,1179.37
5996,2998,shipping,800.82
5997,2999,material,132.03
5998,2999,shipping,49.54
5999,3000,material,65.45
6000,3000,shipping,19.77
6001,3001,material,2259.46
6002,3001,shipping,1217.4
6003,3002,material,120.24
6004,3002,shipping,25.4
6005,3003,material,1232.25
6006,3003,shipping,163.08
6007,3004,material,396.69
6008,3004,shipping,89.56
6009,3005,material,995.54
6010,3005,shipping,231.51
6011,3006,material,18847.29
6012,3006,shipping,2503.43
6013,3007,material,356.21
6014,3007,shipping,209.81
6015,3008,material,51.44
6016,3008,shipping,12.82
6017,3009,material,535.3
6018,3009,shipping,518.54
6019,3010,material,421.06
6020,3010,shipping,132.38
6021,3011,material,1644.66
6022,3011,shipping,971.52
6023,3012,material,92.74
6024,3012,shipping,22.83
6025,3013,material,1012.09
6026,3013,shipping,276.89
6027,3014,material,438.86
6028,3014,shipping,94.34
6029,3015,material,4875.16
6030,3015,shipping,945.56
6031,3016,material,710.48
6032,3016,shipping,598.79
6033,3017,material,378.02
6034,3017,shipping,128.09
6035,3018,material,285.16
6036,3018,shipping,88.6
6037,3019,material,357.0
6038,3019,shipping,80.48
6039,3020,material,456.88
6040,3020,shipping,106.34
6041,3021,material,204.2
6042,3021,shipping,209.61
6043,3022,material,22942.62
6044,3022,shipping,3708.73
6045,3023,material,128.57
6046,3023,shipping,31.12
6047,3024,material,23322.16
6048,3024,shipping,3191.93
6049,3025,material,512.32
6050,3025,shipping,467.91
6051,3026,material,154.24
6052,3026,shipping,42.05
6053,3027,material,757.11
6054,3027,shipping,187.52
6055,3028,material,427.12
6056,3028,shipping,142.81
6057,3029,material,5312.24
6058,3029,shipping,1065.49
6059,3030,material,594.63
6060,3030,shipping,669.39
6061,3031,material,118.86
6062,3031,shipping,34.67
6063,3032,material,388.15
6064,3032,shipping,76.64
6065,3033,material,452.9
6066,3033,shipping,153.87
6067,3034,material,230.52
6068,3034,shipping,236.71
6069,3035,material,108.39
6070,3035,shipping,39.48
6071,3036,material,70.35
6072,3036,shipping,19.31
6073,3037,material,569.4
6074,3037,shipping,179.75
6075,3038,material,580.64
6076,3038,shipping,190.68
6077,3039,material,447.23
6078,3039,shipping,460.93
6079,3040,material,414.49
6080,3040,shipping,128.49
6081,3041,material,538.54
6082,3041,shipping,447.43
6083,3042,material,36.22
6084,3042,shipping,7.3
6085,3043,material,18463.13
6086,3043,shipping,3318.35
6087,3044,material,6629.88
6088,3044,shipping,1199.27
6089,3045,material,403.6
6090,3045,shipping,80.5
6091,3046,material,1771.74
6092,3046,shipping,1407.37
6093,3047,material,94.89
6094,3047,shipping,24.27
6095,3048,material,4670.5
6096,3048,shipping,855.06
6097,3049,material,3455.41
6098,3049,shipping,2941.21
6099,3050,material,471.25
6100,3050,shipping,114.18
6101,3051,material,192.02
6102,3051,shipping,62.92
6103,3052,material,4755.85
6104,3052,shipping,923.81
6105,3053,material,1691.89
6106,3053,shipping,1360.47
6107,3054,material,4780.89
6108,3054,shipping,990.43
6109,3055,material,265.02
6110,3055,shipping,84.53
6111,3056,material,25123.61
6112,3056,shipping,4002.24
6113,3057,material,19471.71
6114,3057,shipping,3902.49
6115,3058,material,213.23
6116,3058,shipping,205.6
6117,3059,material,232.38
6118,3059,shipping,85.13
6119,3060,material,301.09
6120,3060,shipping,66.6
6121,3061,material,300.23
6122,3061,shipping,202.12
6123,3062,material,680.26
6124,3062,shipping,470.75
6125,3063,material,16.18
6126,3063,shipping,3.12
6127,3064,material,1344.29
6128,3064,shipping,835.88
6129,3065,material,1086.19
6130,3065,shipping,819.67
6131,3066,material,3429.53
6132,3066,shipping,528.05
6133,3067,material,136.17
6134,3067,shipping,37.92
6135,3068,material,135.96
6136,3068,shipping,28.19
6137,3069,material,341.34
6138,3069,shipping,289.52
6139,3070,material,169.33
6140,3070,shipping,58.24
6141,3071,material,464.98
6142,3071,shipping,117.2
6143,3072,material,441.28
6144,3072,shipping,304.52
6145,3073,material,369.36
6146,3073,shipping,133.85
6147,3074,material,549.07
6148,3074,shipping,136.76
6149,3075,material,137.13
6150,3075,shipping,39.6
6151,3076,material,1756.94
6152,3076,shipping,1397.48
6153,3077,material,95.36
6154,3077,shipping,18.48
6155,3078,material,3315.18
6156,3078,shipping,2440.32
6157,3079,material,1010.35
6158,3079,shipping,797.88
6159,3080,material,359.25
6160,3080,shipping,108.32
6161,3081,material,470.49
6162,3081,shipping,431.76
6163,3082,material,169.86
6164,3082,shipping,129.56
6165,3083,material,451.82
6166,3083,shipping,114.01
6167,3084,material,1700.44
6168,3084,shipping,242.06
6169,3085,material,18208.9
6170,3085,shipping,4346.26
6171,3086,material,196.51
6172,3086,shipping,61.77
6173,3087,material,312.8
6174,3087,shipping,57.4
6175,3088,material,168.44
6176,3088,shipping,147.24
6177,3089,material,142.07
6178,3089,shipping,44.8
6179,3090,material,34.27
6180,3090,shipping,10.16
6181,3091,material,2640.82
6182,3091,shipping,2005.63
6183,3092,material,966.38
6184,3092,shipping,886.91
6185,3093,material,13395.49
6186,3093,shipping,1800.35
6187,3094,material,17823.99
6188,3094,shipping,3951.09
6189,3095,material,190.26
6190,3095,shipping,193.6
6191,3096,material,11795.36
6192,3096,shipping,2433.33
6193,3097,material,97.0
6194,3097,shipping,28.45
6195,3098,material,18237.58
6196,3098,shipping,3337.35
6197,3099,material,9536.5
6198,3099,shipping,1885.01
6199,3100,material,1189.44
6200,3100,shipping,330.64
6201,3101,material,212.96
6202,3101,shipping,68.08
6203,3102,material,208.43
6204,3102,shipping,65.31
6205,3103,material,18429.99
6206,3103,shipping,3909.11
6207,3104,material,327.22
6208,3104,shipping,56.18
6209,3105,material,78.96
6210,3105,shipping,84.73
6211,3106,material,202.51
6212,3106,shipping,51.84
6213,3107,material,43.65
6214,3107,shipping,15.32
6215,3108,material,1278.66
6216,3108,shipping,204.0
6217,3109,material,443.83
6218,3109,shipping,108.98
6219,3110,material,2293.75
6220,3110,shipping,489.73
6221,3111,material,520.92
6222,3111,shipping,98.22
6223,3112,material,98.64
6224,3112,shipping,26.39
6225,3113,material,33.2
6226,3113,shipping,9.66
6227,3114,material,23.07
6228,3114,shipping,4.89
6229,3115,material,180.95
6230,3115,shipping,50.57
6231,3116,material,244.4
6232,3116,shipping,56.68
6233,3117,material,329.78
6234,3117,shipping,388.16
6235,3118,material,2727.9
6236,3118,shipping,2069.66
6237,3119,material,38.61
6238,3119,shipping,9.74
6239,3120,material,162.25
6240,3120,shipping,57.83
6241,3121,material,1212.3
6242,3121,shipping,214.48
6243,3122,material,1315.69
6244,3122,shipping,1054.45
6245,3123,material,199.99
6246,3123,shipping,197.06
6247,3124,material,309.9
6248,3124,shipping,287.38
6249,3125,material,117.47
6250,3125,shipping,24.79
6251,3126,material,456.02
6252,3126,shipping,133.25
6253,3127,material,229.07
6254,3127,shipping,65.03
6255,3128,material,29.42
6256,3128,shipping,9.26
6257,3129,material,656.12
6258,3129,shipping,773.11
6259,3130,material,14508.51
6260,3130,shipping,2230.37
6261,3131,material,303.77
6262,3131,shipping,83.08
6263,3132,material,339.66
6264,3132,shipping,67.08
6265,3133,material,28.71
6266,3133,shipping,10.59
6267,3134,material,445.29
6268,3134,shipping,371.22
6269,3135,material,214.03
6270,3135,shipping,52.62
6271,3136,material,481.46
6272,3136,shipping,522.54
6273,3137,material,435.94
6274,3137,shipping,116.78
6275,3138,material,226.12
6276,3138,shipping,70.39
6277,3139,material,2211.15
6278,3139,shipping,1425.74
6279,3140,material,767.33
6280,3140,shipping,198.45
6281,3141,material,4957.39
6282,3141,shipping,1091.31
6283,3142,material,781.54
6284,3142,shipping,496.7
6285,3143,material,343.57
6286,3143,shipping,98.61
6287,3144,material,380.02
6288,3144,shipping,133.61
6289,3145,material,28.62
6290,3145,shipping,9.09
6291,3146,material,3406.63
6292,3146,shipping,774.3
6293,3147,material,203.64
6294,3147,shipping,54.76
6295,3148,material,1657.49
6296,3148,shipping,961.3
6297,3149,material,649.38
6298,3149,shipping,462.59
6299,3150,material,2825.49
6300,3150,shipping,2881.34
6301,3151,material,787.56
6302,3151,shipping,163.24
6303,3152,material,402.86
6304,3152,shipping,84.85
6305,3153,material,154.43
6306,3153,shipping,44.05
6307,3154,material,195.36
6308,3154,shipping,42.91
6309,3155,material,770.78
6310,3155,shipping,236.2
6311,3156,material,253.87
6312,3156,shipping,250.21
6313,3157,material,7796.24
6314,3157,shipping,1462.17
6315,3158,material,481.25
6316,3158,shipping,362.4
6317,3159,material,652.78
6318,3159,shipping,208.24
6319,3160,material,5461.24
6320,3160,shipping,1041.78
6321,3161,material,4417.68
6322,3161,shipping,1001.44
6323,3162,material,302.17
6324,3162,shipping,91.13
6325,3163,material,431.34
6326,3163,shipping,345.83
6327,3164,material,381.69
6328,3164,shipping,271.76
6329,3165,material,587.67
6330,3165,shipping,122.47
6331,3166,material,220.16
6332,3166,shipping,71.33
6333,3167,material,87.36
6334,3167,shipping,18.13
6335,3168,material,14762.26
6336,3168,shipping,3222.07
6337,3169,material,541.63
6338,3169,shipping,216.89
6339,3170,material,109.68
6340,3170,shipping,38.98
6341,3171,material,42.19
6342,3171,shipping,9.01
6343,3172,material,909.26
6344,3172,shipping,183.25
6345,3173,material,950.17
6346,3173,shipping,812.69
6347,3174,material,806.24
6348,3174,shipping,243.39
6349,3175,material,313.96
6350,3175,shipping,301.76
6351,3176,material,736.06
6352,3176,shipping,784.31
6353,3177,material,369.53
6354,3177,shipping,240.75
6355,3178,material,170.75
6356,3178,shipping,44.12
6357,3179,material,570.21
6358,3179,shipping,126.74
6359,3180,material,1212.72
6360,3180,shipping,290.44
6361,3181,material,1954.68
6362,3181,shipping,413.57
6363,3182,material,658.88
6364,3182,shipping,193.51
6365,3183,material,189.15
6366,3183,shipping,46.52
6367,3184,material,83.83
6368,3184,shipping,20.95
6369,3185,material,63.08
6370,3185,shipping,21.18
6371,3186,material,431.37
6372,3186,shipping,151.14
6373,3187,material,274.12
6374,3187,shipping,78.6
6375,3188,material,1342.89
6376,3188,shipping,1232.7
6377,3189,material,176.61
6378,3189,shipping,118.61
6379,3190,material,227.06
6380,3190,shipping,41.0
6381,3191,material,868.31
6382,3191,shipping,192.57
6383,3192,material,1975.24
6384,3192,shipping,1711.18
6385,3193,material,153.66
6386,3193,shipping,28.09
6387,3194,material,3166.68
6388,3194,shipping,1799.29
6389,3195,material,223.59
6390,3195,shipping,58.02
6391,3196,material,341.48
6392,3196,shipping,359.08
6393,3197,material,175.55
6394,3197,shipping,119.15
6395,3198,material,4297.01
6396,3198,shipping,696.68
6397,3199,material,119.72
6398,3199,shipping,40.18
6399,3200,material,116.95
6400,3200,shipping,24.25
6401,3201,material,65.24
6402,3201,shipping,13.63
6403,3202,material,743.0
6404,3202,shipping,773.77
6405,3203,material,267.42
6406,3203,shipping,60.59
6407,3204,material,10907.27
6408,3204,shipping,1701.28
6409,3205,material,406.48
6410,3205,shipping,261.48
6411,3206,material,548.76
6412,3206,shipping,144.42
6413,3207,material,5994.66
6414,3207,shipping,877.25
6415,3208,material,9978.44
6416,3208,shipping,1826.48
6417,3209,material,450.09
6418,3209,shipping,138.88
6419,3210,material,6389.99
6420,3210,shipping,1173.47
6421,3211,material,222.63
6422,3211,shipping,70.85
6423,3212,material,113.34
6424,3212,shipping,31.02
6425,3213,material,3138.05
6426,3213,shipping,2982.22
6427,3214,material,202.45
6428,3214,shipping,63.31
6429,3215,material,138.17
6430,3215,shipping,34.31
6431,3216,material,257.04
6432,3216,shipping,197.01
6433,3217,material,3683.19
6434,3217,shipping,833.82
6435,3218,material,190.42
6436,3218,shipping,52.72
6437,3219,material,3749.98
6438,3219,shipping,3289.8
6439,3220,material,171.49
6440,3220,shipping,187.07
6441,3221,material,102.52
6442,3221,shipping,25.6
6443,3222,material,2160.28
6444,3222,shipping,1705.91
6445,3223,material,365.3
6446,3223,shipping,116.53
6447,3224,material,2711.15
6448,3224,shipping,2076.89
6449,3225,material,18295.78
6450,3225,shipping,2487.41
6451,3226,material,21187.65
6452,3226,shipping,4821.69
6453,3227,material,233.12
6454,3227,shipping,51.12
6455,3228,material,6436.76
6456,3228,shipping,1059.22
6457,3229,material,1816.27
6458,3229,shipping,371.13
6459,3230,material,6107.12
6460,3230,shipping,935.71
6461,3231,material,694.83
6462,3231,shipping,617.89
6463,3232,material,2505.27
6464,3232,shipping,1868.05
6465,3233,material,135.03
6466,3233,shipping,42.99
6467,3234,material,248.73
6468,3234,shipping,72.97
6469,3235,material,67.77
6470,3235,shipping,60.55
6471,3236,material,3315.28
6472,3236,shipping,2980.87
6473,3237,material,37.51
6474,3237,shipping,39.11
6475,3238,material,120.86
6476,3238,shipping,25.35
6477,3239,material,12745.42
6478,3239,shipping,2841.81
6479,3240,material,534.44
6480,3240,shipping,124.01
6481,3241,material,133.38
6482,3241,shipping,33.48
6483,3242,material,1784.59
6484,3242,shipping,374.7
6485,3243,material,143.45
6486,3243,shipping,183.76
6487,3244,material,23732.43
6488,3244,shipping,3947.19
6489,3245,material,140.68
6490,3245,shipping,40.4
6491,3246,material,198.4
6492,3246,shipping,67.33
6493,3247,material,455.04
6494,3247,shipping,112.17
6495,3248,material,331.26
6496,3248,shipping,83.26
6497,3249,material,1139.73
6498,3249,shipping,321.32
6499,3250,material,252.25
6500,3250,shipping,77.12
6501,3251,material,5703.44
6502,3251,shipping,1089.38
6503,3252,material,131.57
6504,3252,shipping,30.6
6505,3253,material,518.18
6506,3253,shipping,182.14
6507,3254,material,301.93
6508,3254,shipping,82.67
6509,3255,material,3998.31
6510,3255,shipping,771.24
6511,3256,material,350.72
6512,3256,shipping,326.9
6513,3257,material,63.25
6514,3257,shipping,11.7
6515,3258,material,3247.81
6516,3258,shipping,742.42
6517,3259,material,461.59
6518,3259,shipping,464.59
6519,3260,material,533.97
6520,3260,shipping,381.28
6521,3261,material,1939.16
6522,3261,shipping,1702.84
6523,3262,material,267.4
6524,3262,shipping,81.01
6525,3263,material,1053.35
6526,3263,shipping,709.19
6527,3264,material,2597.74
6528,3264,shipping,1326.96
6529,3265,material,281.69
6530,3265,shipping,55.21
6531,3266,material,136.4
6532,3266,shipping,24.75
6533,3267,material,528.21
6534,3267,shipping,564.83
6535,3268,material,540.38
6536,3268,shipping,541.35
6537,3269,material,200.27
6538,3269,shipping,51.65
6539,3270,material,308.45
6540,3270,shipping,98.12
6541,3271,material,4626.47
6542,3271,shipping,1168.48
6543,3272,material,794.84
6544,3272,shipping,180.69
6545,3273,material,549.41
6546,3273,shipping,567.68
6547,3274,material,578.86
6548,3274,shipping,172.14
6549,3275,material,309.75
6550,3275,shipping,70.82
6551,3276,material,327.52
6552,3276,shipping,59.89
6553,3277,material,89.78
6554,3277,shipping,23.37
6555,3278,material,353.61
6556,3278,shipping,308.28
6557,3279,material,619.17
6558,3279,shipping,506.32
6559,3280,material,10665.18
6560,3280,shipping,1657.31
6561,3281,material,5250.51
6562,3281,shipping,1138.53
6563,3282,material,261.01
6564,3282,shipping,190.61
6565,3283,material,437.23
6566,3283,shipping,129.99
6567,3284,material,5432.55
6568,3284,shipping,1439.96
6569,3285,material,108.56
6570,3285,shipping,23.87
6571,3286,material,6430.06
6572,3286,shipping,1199.61
6573,3287,material,3960.06
6574,3287,shipping,878.8
6575,3288,material,119.32
6576,3288,shipping,26.85
6577,3289,material,60.78
6578,3289,shipping,11.71
6579,3290,material,102.68
6580,3290,shipping,22.42
6581,3291,material,17.01
6582,3291,shipping,3.85
6583,3292,material,79.63
6584,3292,shipping,15.1
6585,3293,material,103.18
6586,3293,shipping,30.08
6587,3294,material,3217.07
6588,3294,shipping,598.92
6589,3295,material,255.01
6590,3295,shipping,71.76
6591,3296,material,183.59
6592,3296,shipping,55.53
6593,3297,material,262.41
6594,3297,shipping,64.03
6595,3298,material,510.39
6596,3298,shipping,505.73
6597,3299,material,36.69
6598,3299,shipping,8.2
6599,3300,material,279.73
6600,3300,shipping,273.59
6601,3301,material,383.67
6602,3301,shipping,93.43
6603,3302,material,2282.77
6604,3302,shipping,1270.08
6605,3303,material,228.49
6606,3303,shipping,54.17
6607,3304,material,88.77
6608,3304,shipping,23.21
6609,3305,material,327.11
6610,3305,shipping,104.35
6611,3306,material,1999.96
6612,3306,shipping,1540.54
6613,3307,material,973.41
6614,3307,shipping,716.38
6615,3308,material,174.01
6616,3308,shipping,46.54
6617,3309,material,163.94
6618,3309,shipping,32.65
6619,3310,material,1315.54
6620,3310,shipping,815.97
6621,3311,material,316.32
6622,3311,shipping,88.03
6623,3312,material,4140.8
6624,3312,shipping,843.14
6625,3313,material,4320.15
6626,3313,shipping,865.81
6627,3314,material,431.49
6628,3314,shipping,121.57
6629,3315,material,19948.09
6630,3315,shipping,3957.86
6631,3316,material,3216.32
6632,3316,shipping,2040.33
6633,3317,material,391.13
6634,3317,shipping,113.88
6635,3318,material,324.91
6636,3318,shipping,84.15
6637,3319,material,235.75
6638,3319,shipping,66.87
6639,3320,material,4694.03
6640,3320,shipping,1021.34
6641,3321,material,8162.62
6642,3321,shipping,1442.17
6643,3322,material,1993.51
6644,3322,shipping,346.98
6645,3323,material,2773.37
6646,3323,shipping,2346.97
6647,3324,material,569.24
6648,3324,shipping,153.17
6649,3325,material,4736.43
6650,3325,shipping,852.73
6651,3326,material,2082.81
6652,3326,shipping,353.93
6653,3327,material,264.3
6654,3327,shipping,287.72
6655,3328,material,72.89
6656,3328,shipping,24.2
6657,3329,material,2928.35
6658,3329,shipping,547.61
6659,3330,material,289.8
6660,3330,shipping,68.21
6661,3331,material,312.8
6662,3331,shipping,87.84
6663,3332,material,3783.01
6664,3332,shipping,698.45
6665,3333,material,291.39
6666,3333,shipping,70.94
6667,3334,material,7662.92
6668,3334,shipping,1080.23
6669,3335,material,5599.6
6670,3335,shipping,796.02
6671,3336,material,3516.62
6672,3336,shipping,941.02
6673,3337,material,158.51
6674,3337,shipping,49.92
6675,3338,material,190.07
6676,3338,shipping,33.34
6677,3339,material,2866.97
6678,3339,shipping,574.83
6679,3340,material,287.53
6680,3340,shipping,110.53
6681,3341,material,922.89
6682,3341,shipping,184.74
6683,3342,material,679.38
6684,3342,shipping,136.92
6685,3343,material,6316.75
6686,3343,shipping,1334.54
6687,3344,material,3498.36
6688,3344,shipping,589.61
6689,3345,material,1050.82
6690,3345,shipping,673.19
6691,3346,material,354.49
6692,3346,shipping,79.55
6693,3347,material,583.87
6694,3347,shipping,175.13
6695,3348,material,398.39
6696,3348,shipping,106.31
6697,3349,material,56.15
6698,3349,shipping,20.37
6699,3350,material,481.63
6700,3350,shipping,356.37
6701,3351,material,106.77
6702,3351,shipping,24.91
6703,3352,material,704.77
6704,3352,shipping,217.37
6705,3353,material,3418.93
6706,3353,shipping,560.03
6707,3354,material,3277.02
6708,3354,shipping,3354.72
6709,3355,material,145.1
6710,3355,shipping,150.51
6711,3356,material,11771.79
6712,3356,shipping,1584.98
6713,3357,material,477.34
6714,3357,shipping,344.74
6715,3358,material,84.39
6716,3358,shipping,16.95
6717,3359,material,336.76
6718,3359,shipping,84.03
6719,3360,material,39.58
6720,3360,shipping,13.42
6721,3361,material,2565.92
6722,3361,shipping,526.11
6723,3362,material,12893.05
6724,3362,shipping,3311.39
6725,3363,material,18.25
6726,3363,shipping,4.34
6727,3364,material,704.72
6728,3364,shipping,627.24
6729,3365,material,3197.75
6730,3365,shipping,617.46
6731,3366,material,444.62
6732,3366,shipping,132.19
6733,3367,material,2783.94
6734,3367,shipping,610.95
6735,3368,material,280.33
6736,3368,shipping,71.88
6737,3369,material,14397.52
6738,3369,shipping,3276.04
6739,3370,material,9445.56
6740,3370,shipping,1313.09
6741,3371,material,360.34
6742,3371,shipping,373.25
6743,3372,material,658.43
6744,3372,shipping,193.03
6745,3373,material,22.08
6746,3373,shipping,6.81
6747,3374,material,3561.54
6748,3374,shipping,2366.49
6749,3375,material,180.49
6750,3375,shipping,121.54
6751,3376,material,329.82
6752,3376,shipping,224.72
6753,3377,material,2529.16
6754,3377,shipping,424.49
6755,3378,material,464.45
6756,3378,shipping,117.91
6757,3379,material,363.02
6758,3379,shipping,80.77
6759,3380,material,208.71
6760,3380,shipping,50.33
6761,3381,material,146.74
6762,3381,shipping,26.71
6763,3382,material,161.78
6764,3382,shipping,34.67
6765,3383,material,991.08
6766,3383,shipping,295.74
6767,3384,material,280.2
6768,3384,shipping,56.56
6769,3385,material,203.83
6770,3385,shipping,67.47
6771,3386,material,145.59
6772,3386,shipping,36.98
6773,3387,material,63.48
6774,3387,shipping,13.47
6775,3388,material,4508.28
6776,3388,shipping,1067.04
6777,3389,material,10956.24
6778,3389,shipping,2405.9
6779,3390,material,563.94
6780,3390,shipping,165.44
6781,3391,material,14076.77
6782,3391,shipping,2389.2
6783,3392,material,541.63
6784,3392,shipping,158.74
6785,3393,material,78.07
6786,3393,shipping,25.39
6787,3394,material,210.78
6788,3394,shipping,62.99
6789,3395,material,1126.96
6790,3395,shipping,181.19
6791,3396,material,776.84
6792,3396,shipping,211.65
6793,3397,material,1125.52
6794,3397,shipping,287.04
6795,3398,material,31.37
6796,3398,shipping,9.43
6797,3399,material,103.35
6798,3399,shipping,33.58
6799,3400,material,3033.17
6800,3400,shipping,662.59
6801,3401,material,6318.52
6802,3401,shipping,1188.86
6803,3402,material,5101.52
6804,3402,shipping,932.41
6805,3403,material,294.92
6806,3403,shipping,53.67
6807,3404,material,3334.3
6808,3404,shipping,720.37
6809,3405,material,85.66
6810,3405,shipping,19.35
6811,3406,material,36.5
6812,3406,shipping,34.74
6813,3407,material,121.7
6814,3407,shipping,28.48
6815,3408,material,3214.55
6816,3408,shipping,2155.42
6817,3409,material,3396.09
6818,3409,shipping,530.44
6819,3410,material,512.66
6820,3410,shipping,118.2
6821,3411,material,138.78
6822,3411,shipping,28.54
6823,3412,material,2293.26
6824,3412,shipping,1726.67
6825,3413,material,5068.58
6826,3413,shipping,1089.75
6827,3414,material,408.69
6828,3414,shipping,82.54
6829,3415,material,15510.19
6830,3415,shipping,2735.7
6831,3416,material,340.18
6832,3416,shipping,80.23
6833,3417,material,260.8
6834,3417,shipping,75.93
6835,3418,material,481.82
6836,3418,shipping,394.23
6837,3419,material,269.71
6838,3419,shipping,77.83
6839,3420,material,3239.04
6840,3420,shipping,2136.72
6841,3421,material,1598.63
6842,3421,shipping,303.78
6843,3422,material,2853.72
6844,3422,shipping,2265.6
6845,3423,material,286.05
6846,3423,shipping,64.64
6847,3424,material,2226.43
6848,3424,shipping,1949.9
6849,3425,material,13140.32
6850,3425,shipping,2497.0
6851,3426,material,235.25
6852,3426,shipping,65.16
6853,3427,material,51.19
6854,3427,shipping,14.76
6855,3428,material,224.31
6856,3428,shipping,48.98
6857,3429,material,239.11
6858,3429,shipping,65.98
6859,3430,material,1206.46
6860,3430,shipping,731.82
6861,3431,material,1109.89
6862,3431,shipping,682.89
6863,3432,material,20158.95
6864,3432,shipping,2733.64
6865,3433,material,231.78
6866,3433,shipping,78.12
6867,3434,material,321.18
6868,3434,shipping,88.8
6869,3435,material,12914.72
6870,3435,shipping,2884.12
6871,3436,material,17.5
6872,3436,shipping,4.14
6873,3437,material,2128.11
6874,3437,shipping,456.09
6875,3438,material,357.28
6876,3438,shipping,117.36
6877,3439,material,556.36
6878,3439,shipping,161.27
6879,3440,material,21837.22
6880,3440,shipping,4039.32
6881,3441,material,10824.24
6882,3441,shipping,1768.28
6883,3442,material,2447.56
6884,3442,shipping,2010.23
6885,3443,material,2791.45
6886,3443,shipping,488.44
6887,3444,material,61.31
6888,3444,shipping,21.81
6889,3445,material,326.06
6890,3445,shipping,88.83
6891,3446,material,6434.43
6892,3446,shipping,1204.43
6893,3447,material,518.58
6894,3447,shipping,112.74
6895,3448,material,677.0
6896,3448,shipping,580.77
6897,3449,material,200.08
6898,3449,shipping,69.12
6899,3450,material,943.62
6900,3450,shipping,224.41
6901,3451,material,1892.27
6902,3451,shipping,1335.73
6903,3452,material,632.04
6904,3452,shipping,170.08
6905,3453,material,71.77
6906,3453,shipping,16.9
6907,3454,material,1119.11
6908,3454,shipping,257.7
6909,3455,material,7809.99
6910,3455,shipping,1229.94
6911,3456,material,290.16
6912,3456,shipping,73.77
6913,3457,material,4095.46
6914,3457,shipping,621.57
6915,3458,material,286.43
6916,3458,shipping,99.25
6917,3459,material,23561.85
6918,3459,shipping,3190.18
6919,3460,material,296.81
6920,3460,shipping,217.96
6921,3461,material,138.78
6922,3461,shipping,109.96
6923,3462,material,633.58
6924,3462,shipping,690.37
6925,3463,material,1531.92
6926,3463,shipping,314.53
6927,3464,material,348.55
6928,3464,shipping,74.9
6929,3465,material,544.99
6930,3465,shipping,608.93
6931,3466,material,6114.42
6932,3466,shipping,1084.06
6933,3467,material,2418.19
6934,3467,shipping,1341.58
6935,3468,material,208.68
6936,3468,shipping,43.3
6937,3469,material,119.37
6938,3469,shipping,39.03
6939,3470,material,170.95
6940,3470,shipping,37.69
6941,3471,material,16623.09
6942,3471,shipping,2859.0
6943,3472,material,3547.78
6944,3472,shipping,523.93
6945,3473,material,605.33
6946,3473,shipping,167.84
6947,3474,material,5829.02
6948,3474,shipping,1150.06
6949,3475,material,1133.5
6950,3475,shipping,336.18
6951,3476,material,363.16
6952,3476,shipping,86.36
6953,3477,material,2945.06
6954,3477,shipping,594.82
6955,3478,material,1803.36
6956,3478,shipping,1102.82
6957,3479,material,187.39
6958,3479,shipping,195.93
6959,3480,material,3266.46
6960,3480,shipping,2428.9
6961,3481,material,166.55
6962,3481,shipping,43.56
6963,3482,material,19885.82
6964,3482,shipping,3299.93
6965,3483,material,173.74
6966,3483,shipping,39.36
6967,3484,material,4308.47
6968,3484,shipping,638.66
6969,3485,material,382.53
6970,3485,shipping,124.4
6971,3486,material,28.22
6972,3486,shipping,9.1
6973,3487,material,95.81
6974,3487,shipping,29.55
6975,3488,material,7436.72
6976,3488,shipping,1073.77
6977,3489,material,1094.78
6978,3489,shipping,223.64
6979,3490,material,68.88
6980,3490,shipping,19.91
6981,3491,material,2308.85
6982,3491,shipping,1204.11
6983,3492,material,242.76
6984,3492,shipping,76.16
6985,3493,material,349.67
6986,3493,shipping,372.61
6987,3494,material,698.1
6988,3494,shipping,197.33
6989,3495,material,24295.18
6990,3495,shipping,4368.71
6991,3496,material,74.3
6992,3496,shipping,19.65
6993,3497,material,558.69
6994,3497,shipping,138.34
6995,3498,material,2900.53
6996,3498,shipping,1630.01
6997,3499,material,314.15
6998,3499,shipping,69.79
6999,3500,material,53.84
7000,3500,shipping,15.99
7001,3501,material,1061.3
7002,3501,shipping,773.98
7003,3502,material,22378.64
7004,3502,shipping,4416.17
7005,3503,material,337.0
7006,3503,shipping,85.39
7007,3504,material,17214.29
7008,3504,shipping,3538.32
7009,3505,material,635.34
7010,3505,shipping,128.97
7011,3506,material,454.97
7012,3506,shipping,344.39
7013,3507,material,11463.82
7014,3507,shipping,2368.8
7015,3508,material,157.33
7016,3508,shipping,155.24
7017,3509,material,1687.6
7018,3509,shipping,281.66
7019,3510,material,114.34
7020,3510,shipping,90.75
7021,3511,material,105.6
7022,3511,shipping,22.74
7023,3512,material,682.16
7024,3512,shipping,673.47
7025,3513,material,5683.54
7026,3513,shipping,829.25
7027,3514,material,3574.15
7028,3514,shipping,835.69
7029,3515,material,15859.77
7030,3515,shipping,2252.78
7031,3516,material,464.24
7032,3516,shipping,132.74
7033,3517,material,1230.4
7034,3517,shipping,182.08
7035,3518,material,231.88
7036,3518,shipping,49.63
7037,3519,material,554.33
7038,3519,shipping,131.74
7039,3520,material,116.28
7040,3520,shipping,92.82
7041,3521,material,850.68
7042,3521,shipping,177.1
7043,3522,material,241.6
7044,3522,shipping,280.08
7045,3523,material,2791.21
7046,3523,shipping,547.39
7047,3524,material,941.12
7048,3524,shipping,200.5
7049,3525,material,405.88
7050,3525,shipping,114.44
7051,3526,material,491.99
7052,3526,shipping,132.23
7053,3527,material,561.92
7054,3527,shipping,636.15
7055,3528,material,259.19
7056,3528,shipping,64.71
7057,3529,material,486.67
7058,3529,shipping,157.59
7059,3530,material,254.86
7060,3530,shipping,83.82
7061,3531,material,2637.83
7062,3531,shipping,1415.13
7063,3532,material,554.94
7064,3532,shipping,130.33
7065,3533,material,543.9
7066,3533,shipping,142.35
7067,3534,material,3430.38
7068,3534,shipping,957.9
7069,3535,material,16.72
7070,3535,shipping,4.51
7071,3536,material,317.95
7072,3536,shipping,136.4
7073,3537,material,266.1
7074,3537,shipping,85.42
7075,3538,material,1219.6
7076,3538,shipping,237.19
7077,3539,material,2042.96
7078,3539,shipping,1310.62
7079,3540,material,1115.22
7080,3540,shipping,917.75
7081,3541,material,579.54
7082,3541,shipping,143.49
7083,3542,material,389.39
7084,3542,shipping,360.6
7085,3543,material,5450.98
7086,3543,shipping,907.45
7087,3544,material,509.78
7088,3544,shipping,128.47
7089,3545,material,4314.45
7090,3545,shipping,725.07
7091,3546,material,3641.55
7092,3546,shipping,670.11
7093,3547,material,226.75
7094,3547,shipping,65.7
7095,3548,material,5915.44
7096,3548,shipping,1039.84
7097,3549,material,15976.85
7098,3549,shipping,3493.72
7099,3550,material,670.75
7100,3550,shipping,170.34
7101,3551,material,119.97
7102,3551,shipping,34.49
7103,3552,material,247.67
7104,3552,shipping,46.51
7105,3553,material,189.35
7106,3553,shipping,56.31
7107,3554,material,177.2
7108,3554,shipping,40.38
7109,3555,material,1824.73
7110,3555,shipping,1041.45
7111,3556,material,2440.64
7112,3556,shipping,531.84
7113,3557,material,1290.86
7114,3557,shipping,185.13
7115,3558,material,5547.28
7116,3558,shipping,965.48
7117,3559,material,102.53
7118,3559,shipping,33.05
7119,3560,material,142.29
7120,3560,shipping,99.91
7121,3561,material,704.27
7122,3561,shipping,776.24
7123,3562,material,196.37
7124,3562,shipping,42.0
7125,3563,material,292.32
7126,3563,shipping,216.66
7127,3564,material,3532.74
7128,3564,shipping,634.91
7129,3565,material,291.98
7130,3565,shipping,71.19
7131,3566,material,3863.88
7132,3566,shipping,672.36
7133,3567,material,16.76
7134,3567,shipping,4.57
7135,3568,material,8401.44
7136,3568,shipping,1392.04
7137,3569,material,2685.5
7138,3569,shipping,2229.93
7139,3570,material,285.53
7140,3570,shipping,84.6
7141,3571,material,147.5
7142,3571,shipping,28.0
7143,3572,material,238.19
7144,3572,shipping,69.31
7145,3573,material,330.61
7146,3573,shipping,199.8
7147,3574,material,213.38
7148,3574,shipping,61.89
7149,3575,material,4247.6
7150,3575,shipping,846.91
7151,3576,material,584.38
7152,3576,shipping,122.36
7153,3577,material,415.96
7154,3577,shipping,115.43
7155,3578,material,2609.44
7156,3578,shipping,1845.14
7157,3579,material,712.66
7158,3579,shipping,126.73
7159,3580,material,60.45
7160,3580,shipping,17.6
7161,3581,material,34.65
7162,3581,shipping,26.1
7163,3582,material,228.77
7164,3582,shipping,60.71
7165,3583,material,589.7
7166,3583,shipping,127.07
7167,3584,material,577.67
7168,3584,shipping,566.25
7169,3585,material,232.07
7170,3585,shipping,45.21
7171,3586,material,2838.59
7172,3586,shipping,1854.97
7173,3587,material,601.78
7174,3587,shipping,187.36
7175,3588,material,131.95
7176,3588,shipping,35.34
7177,3589,material,3047.25
7178,3589,shipping,546.45
7179,3590,material,31.12
7180,3590,shipping,6.44
7181,3591,material,131.78
7182,3591,shipping,32.91
7183,3592,material,3264.46
7184,3592,shipping,3035.26
7185,3593,material,283.84
7186,3593,shipping,84.77
7187,3594,material,8127.45
7188,3594,shipping,1794.25
7189,3595,material,542.28
7190,3595,shipping,121.86
7191,3596,material,3744.57
7192,3596,shipping,914.46
7193,3597,material,1820.91
7194,3597,shipping,327.79
7195,3598,material,45.88
7196,3598,shipping,10.26
7197,3599,material,86.01
7198,3599,shipping,17.09
7199,3600,material,5060.82
7200,3600,shipping,1161.63
7201,3601,material,408.28
7202,3601,shipping,419.94
7203,3602,material,415.29
7204,3602,shipping,130.52
7205,3603,material,79.13
7206,3603,shipping,17.68
7207,3604,material,2078.07
7208,3604,shipping,1692.05
7209,3605,material,14923.92
7210,3605,shipping,3173.85
7211,3606,material,806.54
7212,3606,shipping,199.6
7213,3607,material,452.67
7214,3607,shipping,343.83
7215,3608,material,3456.52
7216,3608,shipping,3099.94
7217,3609,material,579.48
7218,3609,shipping,168.69
7219,3610,material,31.97
7220,3610,shipping,11.55
7221,3611,material,417.99
7222,3611,shipping,308.89
7223,3612,material,486.47
7224,3612,shipping,111.59
7225,3613,material,530.4
7226,3613,shipping,97.25
7227,3614,material,524.83
7228,3614,shipping,162.34
7229,3615,material,372.91
7230,3615,shipping,115.79
7231,3616,material,1552.3
7232,3616,shipping,339.26
7233,3617,material,603.04
7234,3617,shipping,111.92
7235,3618,material,1036.93
7236,3618,shipping,306.31
7237,3619,material,394.94
7238,3619,shipping,134.21
7239,3620,material,115.4
7240,3620,shipping,32.74
7241,3621,material,267.03
7242,3621,shipping,83.99
7243,3622,material,3535.72
7244,3622,shipping,689.26
7245,3623,material,719.91
7246,3623,shipping,591.93
7247,3624,material,1811.11
7248,3624,shipping,1607.91
7249,3625,material,23092.47
7250,3625,shipping,4861.42
7251,3626,material,365.26
7252,3626,shipping,76.16
7253,3627,material,236.89
7254,3627,shipping,80.81
7255,3628,material,68.05
7256,3628,shipping,15.18
7257,3629,material,116.48
7258,3629,shipping,37.49
7259,3630,material,64.88
7260,3630,shipping,17.31
7261,3631,material,4804.33
7262,3631,shipping,1028.8
7263,3632,material,117.08
7264,3632,shipping,27.1
7265,3633,material,57.43
7266,3633,shipping,13.93
7267,3634,material,5116.26
7268,3634,shipping,923.9
7269,3635,material,85.65
7270,3635,shipping,32.73
7271,3636,material,430.74
7272,3636,shipping,129.71
7273,3637,material,6157.92
7274,3637,shipping,925.57
7275,3638,material,319.79
7276,3638,shipping,55.69
7277,3639,material,34.68
7278,3639,shipping,8.67
7279,3640,material,3298.49
7280,3640,shipping,2293.15
7281,3641,material,71.75
7282,3641,shipping,20.98
7283,3642,material,25350.43
7284,3642,shipping,3909.78
7285,3643,material,160.31
7286,3643,shipping,32.54
7287,3644,material,236.08
7288,3644,shipping,65.16
7289,3645,material,516.9
7290,3645,shipping,153.81
7291,3646,material,46.14
7292,3646,shipping,12.02
7293,3647,material,255.22
7294,3647,shipping,61.51
7295,3648,material,347.98
7296,3648,shipping,120.35
7297,3649,material,1146.89
7298,3649,shipping,270.4
7299,3650,material,3785.43
7300,3650,shipping,2533.44
7301,3651,material,444.14
7302,3651,shipping,331.78
7303,3652,material,23062.96
7304,3652,shipping,3333.5
7305,3653,material,235.37
7306,3653,shipping,63.78
7307,3654,material,2768.94
7308,3654,shipping,1743.36
7309,3655,material,39.54
7310,3655,shipping,33.69
7311,3656,material,105.42
7312,3656,shipping,78.0
7313,3657,material,139.96
7314,3657,shipping,118.63
7315,3658,material,171.53
7316,3658,shipping,53.23
7317,3659,material,208.36
7318,3659,shipping,48.72
7319,3660,material,1263.88
7320,3660,shipping,313.81
7321,3661,material,244.44
7322,3661,shipping,67.67
7323,3662,material,470.51
7324,3662,shipping,159.57
7325,3663,material,311.71
7326,3663,shipping,84.87
7327,3664,material,132.9
7328,3664,shipping,102.0
7329,3665,material,564.13
7330,3665,shipping,151.22
7331,3666,material,393.56
7332,3666,shipping,113.27
7333,3667,material,418.72
7334,3667,shipping,141.46
7335,3668,material,338.55
7336,3668,shipping,107.27
7337,3669,material,262.07
7338,3669,shipping,58.97
7339,3670,material,33.38
7340,3670,shipping,9.07
7341,3671,material,520.53
7342,3671,shipping,476.51
7343,3672,material,809.89
7344,3672,shipping,715.82
7345,3673,material,608.07
7346,3673,shipping,175.98
7347,3674,material,129.37
7348,3674,shipping,28.3
7349,3675,material,556.4
7350,3675,shipping,481.08
7351,3676,material,4794.0
7352,3676,shipping,858.41
7353,3677,material,923.06
7354,3677,shipping,766.85
7355,3678,material,554.11
7356,3678,shipping,583.92
7357,3679,material,198.53
7358,3679,shipping,62.04
7359,3680,material,507.11
7360,3680,shipping,163.53
7361,3681,material,492.67
7362,3681,shipping,134.74
7363,3682,material,18330.43
7364,3682,shipping,2954.74
7365,3683,material,924.63
7366,3683,shipping,147.83
7367,3684,material,2299.53
7368,3684,shipping,509.21
7369,3685,material,721.46
7370,3685,shipping,154.9
7371,3686,material,596.12
7372,3686,shipping,172.58
7373,3687,material,125.21
7374,3687,shipping,30.25
7375,3688,material,2157.75
7376,3688,shipping,511.22
7377,3689,material,328.41
7378,3689,shipping,81.43
7379,3690,material,2048.1
7380,3690,shipping,1226.4
7381,3691,material,305.4
7382,3691,shipping,329.03
7383,3692,material,5618.74
7384,3692,shipping,1056.46
7385,3693,material,685.87
7386,3693,shipping,739.01
7387,3694,material,319.69
7388,3694,shipping,63.31
7389,3695,material,57.68
7390,3695,shipping,12.51
7391,3696,material,33.01
7392,3696,shipping,7.47
7393,3697,material,12468.14
7394,3697,shipping,1904.33
7395,3698,material,49.84
7396,3698,shipping,10.45
7397,3699,material,11687.23
7398,3699,shipping,1792.36
7399,3700,material,348.86
7400,3700,shipping,82.68
7401,3701,material,16.85
7402,3701,shipping,3.59
7403,3702,material,146.48
7404,3702,shipping,30.51
7405,3703,material,2533.12
7406,3703,shipping,1788.82
7407,3704,material,359.66
7408,3704,shipping,71.16
7409,3705,material,328.69
7410,3705,shipping,73.02
7411,3706,material,350.73
7412,3706,shipping,92.68
7413,3707,material,22913.03
7414,3707,shipping,4368.67
7415,3708,material,1939.61
7416,3708,shipping,1719.47
7417,3709,material,1080.78
7418,3709,shipping,407.64
7419,3710,material,6252.27
7420,3710,shipping,1301.5
7421,3711,material,2939.34
7422,3711,shipping,458.34
7423,3712,material,127.33
7424,3712,shipping,33.88
7425,3713,material,22288.35
7426,3713,shipping,3137.48
7427,3714,material,283.11
7428,3714,shipping,91.12
7429,3715,material,689.38
7430,3715,shipping,207.61
7431,3716,material,11333.87
7432,3716,shipping,2057.18
7433,3717,material,26042.07
7434,3717,shipping,4168.74
7435,3718,material,634.99
7436,3718,shipping,172.59
7437,3719,material,536.17
7438,3719,shipping,167.7
7439,3720,material,3843.31
7440,3720,shipping,2549.39
7441,3721,material,6999.99
7442,3721,shipping,953.16
7443,3722,material,2313.08
7444,3722,shipping,1342.72
7445,3723,material,104.11
7446,3723,shipping,29.88
7447,3724,material,91.57
7448,3724,shipping,22.08
7449,3725,material,3596.3
7450,3725,shipping,2627.39
7451,3726,material,731.73
7452,3726,shipping,745.14
7453,3727,material,215.81
7454,3727,shipping,52.85
7455,3728,material,84.89
7456,3728,shipping,21.58
7457,3729,material,1091.9
7458,3729,shipping,403.42
7459,3730,material,335.54
7460,3730,shipping,69.41
7461,3731,material,6557.41
7462,3731,shipping,1052.47
7463,3732,material,7638.81
7464,3732,shipping,1141.57
7465,3733,material,360.84
7466,3733,shipping,94.41
7467,3734,material,21429.83
7468,3734,shipping,3935.28
7469,3735,material,795.59
7470,3735,shipping,163.74
7471,3736,material,810.16
7472,3736,shipping,215.05
7473,3737,material,465.59
7474,3737,shipping,512.44
7475,3738,material,2289.98
7476,3738,shipping,396.38
7477,3739,material,3924.42
7478,3739,shipping,811.78
7479,3740,material,369.28
7480,3740,shipping,124.44
7481,3741,material,8011.88
7482,3741,shipping,1417.41
7483,3742,material,479.11
7484,3742,shipping,118.96
7485,3743,material,2865.29
7486,3743,shipping,406.8
7487,3744,material,298.44
7488,3744,shipping,57.57
7489,3745,material,21159.54
7490,3745,shipping,4193.62
7491,3746,material,393.13
7492,3746,shipping,122.85
7493,3747,material,733.5
7494,3747,shipping,230.56
7495,3748,material,102.19
7496,3748,shipping,26.36
7497,3749,material,147.16
7498,3749,shipping,40.24
7499,3750,material,310.29
7500,3750,shipping,90.4
7501,3751,material,251.26
7502,3751,shipping,94.17
7503,3752,material,363.56
7504,3752,shipping,367.91
7505,3753,material,612.67
7506,3753,shipping,158.84
7507,3754,material,308.21
7508,3754,shipping,308.5
7509,3755,material,249.84
7510,3755,shipping,70.53
7511,3756,material,471.05
7512,3756,shipping,471.45
7513,3757,material,740.64
7514,3757,shipping,182.48
7515,3758,material,2309.69
7516,3758,shipping,476.61
7517,3759,material,4473.64
7518,3759,shipping,635.37
7519,3760,material,108.41
7520,3760,shipping,27.84
7521,3761,material,333.07
7522,3761,shipping,89.68
7523,3762,material,307.16
7524,3762,shipping,71.92
7525,3763,material,9473.46
7526,3763,shipping,2119.39
7527,3764,material,438.02
7528,3764,shipping,130.47
7529,3765,material,151.2
7530,3765,shipping,123.55
7531,3766,material,219.65
7532,3766,shipping,62.51
7533,3767,material,858.75
7534,3767,shipping,599.39
7535,3768,material,435.84
7536,3768,shipping,145.0
7537,3769,material,797.54
7538,3769,shipping,216.53
7539,3770,material,7896.79
7540,3770,shipping,1680.59
7541,3771,material,519.46
7542,3771,shipping,149.83
7543,3772,material,55.5
7544,3772,shipping,13.1
7545,3773,material,2876.51
7546,3773,shipping,2452.38
7547,3774,material,19004.49
7548,3774,shipping,4058.65
7549,3775,material,6345.38
7550,3775,shipping,1126.09
7551,3776,material,205.66
7552,3776,shipping,70.0
7553,3777,material,1597.89
7554,3777,shipping,1382.07
7555,3778,material,1067.83
7556,3778,shipping,258.96
7557,3779,material,17085.23
7558,3779,shipping,3463.96
7559,3780,material,310.0
7560,3780,shipping,84.72
7561,3781,material,3125.57
7562,3781,shipping,1732.54
7563,3782,material,19385.3
7564,3782,shipping,2826.39
7565,3783,material,1031.99
7566,3783,shipping,246.92
7567,3784,material,525.98
7568,3784,shipping,145.39
7569,3785,material,2950.04
7570,3785,shipping,460.43
7571,3786,material,689.28
7572,3786,shipping,155.03
7573,3787,material,86.64
7574,3787,shipping,27.59
7575,3788,material,262.23
7576,3788,shipping,63.03
7577,3789,material,925.28
7578,3789,shipping,234.44
7579,3790,material,2231.74
7580,3790,shipping,2374.88
7581,3791,material,2139.55
7582,3791,shipping,471.61
7583,3792,material,294.59
7584,3792,shipping,70.13
7585,3793,material,144.97
7586,3793,shipping,138.54
7587,3794,material,292.54
7588,3794,shipping,73.63
7589,3795,material,534.22
7590,3795,shipping,170.44
7591,3796,material,638.29
7592,3796,shipping,140.73
7593,3797,material,4446.34
7594,3797,shipping,774.62
7595,3798,material,19348.41
7596,3798,shipping,2774.35
7597,3799,material,4255.39
7598,3799,shipping,949.44
7599,3800,material,618.55
7600,3800,shipping,156.45
7601,3801,material,430.0
7602,3801,shipping,146.51
7603,3802,material,357.73
7604,3802,shipping,210.76
7605,3803,material,2099.85
7606,3803,shipping,317.67
7607,3804,material,145.1
7608,3804,shipping,50.35
7609,3805,material,443.2
7610,3805,shipping,101.84
7611,3806,material,2924.31
7612,3806,shipping,2572.77
7613,3807,material,33.78
7614,3807,shipping,9.76
7615,3808,material,2105.39
7616,3808,shipping,1882.36
7617,3809,material,371.18
7618,3809,shipping,78.17
7619,3810,material,63.44
7620,3810,shipping,20.99
7621,3811,material,1019.95
7622,3811,shipping,237.56
7623,3812,material,126.24
7624,3812,shipping,35.31
7625,3813,material,210.02
7626,3813,shipping,46.68
7627,3814,material,195.3
7628,3814,shipping,48.36
7629,3815,material,230.08
7630,3815,shipping,54.09
7631,3816,material,169.33
7632,3816,shipping,33.7
7633,3817,material,34.54
7634,3817,shipping,8.82
7635,3818,material,519.21
7636,3818,shipping,472.32
7637,3819,material,2708.93
7638,3819,shipping,395.93
7639,3820,material,207.16
7640,3820,shipping,44.32
7641,3821,material,297.76
7642,3821,shipping,61.38
7643,3822,material,1787.93
7644,3822,shipping,1479.82
7645,3823,material,474.48
7646,3823,shipping,498.12
7647,3824,material,57.48
7648,3824,shipping,15.61
7649,3825,material,4702.38
7650,3825,shipping,923.42
7651,3826,material,92.51
7652,3826,shipping,22.03
7653,3827,material,244.46
7654,3827,shipping,68.34
7655,3828,material,87.16
7656,3828,shipping,19.68
7657,3829,material,643.02
7658,3829,shipping,219.02
7659,3830,material,33.17
7660,3830,shipping,36.98
7661,3831,material,64.75
7662,3831,shipping,74.32
7663,3832,material,3021.3
7664,3832,shipping,2795.27
7665,3833,material,412.01
7666,3833,shipping,128.78
7667,3834,material,318.55
7668,3834,shipping,68.91
7669,3835,material,21800.14
7670,3835,shipping,4505.25
7671,3836,material,227.81
7672,3836,shipping,54.16
7673,3837,material,312.13
7674,3837,shipping,72.01
7675,3838,material,259.9
7676,3838,shipping,64.44
7677,3839,material,7185.76
7678,3839,shipping,1589.27
7679,3840,material,203.07
7680,3840,shipping,57.22
7681,3841,material,9413.3
7682,3841,shipping,1719.41
7683,3842,material,5095.36
7684,3842,shipping,912.97
7685,3843,material,65.87
7686,3843,shipping,20.3
7687,3844,material,1586.87
7688,3844,shipping,1283.55
7689,3845,material,454.07
7690,3845,shipping,145.83
7691,3846,material,567.91
7692,3846,shipping,398.39
7693,3847,material,1124.96
7694,3847,shipping,303.32
7695,3848,material,259.69
7696,3848,shipping,213.28
7697,3849,material,442.55
7698,3849,shipping,470.56
7699,3850,material,301.58
7700,3850,shipping,59.54
7701,3851,material,266.96
7702,3851,shipping,308.95
7703,3852,material,133.56
7704,3852,shipping,44.76
7705,3853,material,340.22
7706,3853,shipping,80.48
7707,3854,material,451.24
7708,3854,shipping,368.09
7709,3855,material,185.57
7710,3855,shipping,133.9
7711,3856,material,387.71
7712,3856,shipping,118.04
7713,3857,material,288.36
7714,3857,shipping,80.91
7715,3858,material,229.15
7716,3858,shipping,84.26
7717,3859,material,570.23
7718,3859,shipping,489.94
7719,3860,material,881.92
7720,3860,shipping,678.43
7721,3861,material,106.34
7722,3861,shipping,126.45
7723,3862,material,1592.89
7724,3862,shipping,252.63
7725,3863,material,162.64
7726,3863,shipping,44.96
7727,3864,material,130.51
7728,3864,shipping,26.46
7729,3865,material,16201.21
7730,3865,shipping,3055.17
7731,3866,material,268.07
7732,3866,shipping,81.42
7733,3867,material,62.36
7734,3867,shipping,18.16
7735,3868,material,1616.22
7736,3868,shipping,1434.56
7737,3869,material,445.15
7738,3869,shipping,114.02
7739,3870,material,9880.96
7740,3870,shipping,1596.3
7741,3871,material,484.16
7742,3871,shipping,155.01
7743,3872,material,19905.53
7744,3872,shipping,3944.85
7745,3873,material,176.67
7746,3873,shipping,152.22
7747,3874,material,96.41
7748,3874,shipping,41.32
7749,3875,material,996.96
7750,3875,shipping,211.46
7751,3876,material,333.81
7752,3876,shipping,93.3
7753,3877,material,270.45
7754,3877,shipping,210.13
7755,3878,material,777.06
7756,3878,shipping,185.61
7757,3879,material,86.28
7758,3879,shipping,29.3
7759,3880,material,31.83
7760,3880,shipping,22.84
7761,3881,material,1643.8
7762,3881,shipping,263.09
7763,3882,material,4914.83
7764,3882,shipping,827.03
7765,3883,material,50.8
7766,3883,shipping,11.34
7767,3884,material,4557.28
7768,3884,shipping,896.63
7769,3885,material,9871.73
7770,3885,shipping,1751.38
7771,3886,material,213.52
7772,3886,shipping,68.72
7773,3887,material,419.06
7774,3887,shipping,109.03
7775,3888,material,884.74
7776,3888,shipping,183.45
7777,3889,material,1008.42
7778,3889,shipping,243.7
7779,3890,material,6049.85
7780,3890,shipping,1349.81
7781,3891,material,188.98
7782,3891,shipping,38.0
7783,3892,material,277.49
7784,3892,shipping,85.39
7785,3893,material,422.85
7786,3893,shipping,124.61
7787,3894,material,3676.79
7788,3894,shipping,816.94
7789,3895,material,4844.08
7790,3895,shipping,962.75
7791,3896,material,17942.46
7792,3896,shipping,2722.0
7793,3897,material,134.24
7794,3897,shipping,44.4
7795,3898,material,214.38
7796,3898,shipping,53.61
7797,3899,material,539.09
7798,3899,shipping,457.06
7799,3900,material,208.99
7800,3900,shipping,66.06
7801,3901,material,617.89
7802,3901,shipping,672.81
7803,3902,material,1723.35
7804,3902,shipping,1382.8
7805,3903,material,9103.53
7806,3903,shipping,1187.15
7807,3904,material,375.4
7808,3904,shipping,279.28
7809,3905,material,861.28
7810,3905,shipping,192.05
7811,3906,material,86.68
7812,3906,shipping,25.83
7813,3907,material,61.5
7814,3907,shipping,22.05
7815,3908,material,4673.86
7816,3908,shipping,738.38
7817,3909,material,224.68
7818,3909,shipping,310.9
7819,3910,material,826.88
7820,3910,shipping,242.45
7821,3911,material,357.3
7822,3911,shipping,81.54
7823,3912,material,343.18
7824,3912,shipping,335.63
7825,3913,material,1110.7
7826,3913,shipping,309.61
7827,3914,material,3702.6
7828,3914,shipping,805.5
7829,3915,material,179.39
7830,3915,shipping,40.39
7831,3916,material,357.17
7832,3916,shipping,96.27
7833,3917,material,485.11
7834,3917,shipping,385.88
7835,3918,material,342.84
7836,3918,shipping,70.15
7837,3919,material,124.3
7838,3919,shipping,33.62
7839,3920,material,2984.7
7840,3920,shipping,1853.64
7841,3921,material,182.8
7842,3921,shipping,39.43
7843,3922,material,199.01
7844,3922,shipping,53.96
7845,3923,material,2550.08
7846,3923,shipping,395.86
7847,3924,material,58.35
7848,3924,shipping,14.79
7849,3925,material,301.3
7850,3925,shipping,311.67
7851,3926,material,8602.14
7852,3926,shipping,1961.66
7853,3927,material,172.05
7854,3927,shipping,49.16
7855,3928,material,78.94
7856,3928,shipping,60.41
7857,3929,material,96.27
7858,3929,shipping,30.48
7859,3930,material,936.26
7860,3930,shipping,262.64
7861,3931,material,536.9
7862,3931,shipping,187.49
7863,3932,material,397.59
7864,3932,shipping,125.72
7865,3933,material,71.08
7866,3933,shipping,15.61
7867,3934,material,654.92
7868,3934,shipping,210.26
7869,3935,material,148.15
7870,3935,shipping,43.94
7871,3936,material,6105.86
7872,3936,shipping,1245.71
7873,3937,material,16733.25
7874,3937,shipping,2325.66
7875,3938,material,3264.96
7876,3938,shipping,2252.11
7877,3939,material,164.72
7878,3939,shipping,44.8
7879,3940,material,4547.84
7880,3940,shipping,886.71
7881,3941,material,8361.33
7882,3941,shipping,1496.5
7883,3942,material,63.87
7884,3942,shipping,15.77
7885,3943,material,4778.02
7886,3943,shipping,926.29
7887,3944,material,810.85
7888,3944,shipping,195.04
7889,3945,material,771.22
7890,3945,shipping,156.51
7891,3946,material,20625.34
7892,3946,shipping,2911.43
7893,3947,material,3199.18
7894,3947,shipping,585.13
7895,3948,material,598.03
7896,3948,shipping,618.36
7897,3949,material,3704.52
7898,3949,shipping,3644.7
7899,3950,material,228.62
7900,3950,shipping,51.21
7901,3951,material,2747.63
7902,3951,shipping,398.45
7903,3952,material,2742.39
7904,3952,shipping,1767.84
7905,3953,material,1678.13
7906,3953,shipping,1407.96
7907,3954,material,310.91
7908,3954,shipping,83.58
7909,3955,material,610.85
7910,3955,shipping,131.5
7911,3956,material,795.69
7912,3956,shipping,165.91
7913,3957,material,31.19
7914,3957,shipping,8.91
7915,3958,material,225.29
7916,3958,shipping,55.69
7917,3959,material,156.25
7918,3959,shipping,36.92
7919,3960,material,2490.02
7920,3960,shipping,572.15
7921,3961,material,22793.24
7922,3961,shipping,3384.48
7923,3962,material,288.31
7924,3962,shipping,289.62
7925,3963,material,294.8
7926,3963,shipping,91.2
7927,3964,material,175.99
7928,3964,shipping,53.62
7929,3965,material,89.39
7930,3965,shipping,32.18
7931,3966,material,2236.28
7932,3966,shipping,1791.39
7933,3967,material,983.58
7934,3967,shipping,860.32
7935,3968,material,81.12
7936,3968,shipping,25.05
7937,3969,material,597.64
7938,3969,shipping,409.46
7939,3970,material,9938.59
7940,3970,shipping,1884.28
7941,3971,material,11941.48
7942,3971,shipping,1606.7
7943,3972,material,124.26
7944,3972,shipping,31.3
7945,3973,material,23250.22
7946,3973,shipping,3822.14
7947,3974,material,1110.53
7948,3974,shipping,236.2
7949,3975,material,157.14
7950,3975,shipping,40.61
7951,3976,material,2625.91
7952,3976,shipping,480.07
7953,3977,material,1294.32
7954,3977,shipping,208.72
7955,3978,material,3029.09
7956,3978,shipping,490.57
7957,3979,material,319.57
7958,3979,shipping,67.23
7959,3980,material,1378.49
7960,3980,shipping,269.72
7961,3981,material,3327.77
7962,3981,shipping,2470.48
7963,3982,material,280.56
7964,3982,shipping,70.33
7965,3983,material,5294.89
7966,3983,shipping,1223.45
7967,3984,material,14097.79
7968,3984,shipping,2093.52
7969,3985,material,10892.36
7970,3985,shipping,1872.57
7971,3986,material,14881.38
7972,3986,shipping,3162.06
7973,3987,material,7959.02
7974,3987,shipping,1260.4
7975,3988,material,186.15
7976,3988,shipping,195.46
7977,3989,material,17433.38
7978,3989,shipping,2741.43
7979,3990,material,462.73
7980,3990,shipping,202.97
7981,3991,material,262.54
7982,3991,shipping,66.61
7983,3992,material,1987.9
7984,3992,shipping,339.22
7985,3993,material,193.17
7986,3993,shipping,47.33
7987,3994,material,14735.26
7988,3994,shipping,2149.33
7989,3995,material,21850.81
7990,3995,shipping,3395.06
7991,3996,material,396.79
7992,3996,shipping,77.3
7993,3997,material,2846.32
7994,3997,shipping,1878.28
7995,3998,material,350.27
7996,3998,shipping,77.76
7997,3999,material,357.76
7998,3999,shipping,63.55
7999,4000,material,633.82
8000,4000,shipping,480.14
8001,4001,material,413.96
8002,4001,shipping,156.54
8003,4002,material,953.43
8004,4002,shipping,204.85
8005,4003,material,431.7
8006,4003,shipping,104.74
8007,4004,material,654.16
8008,4004,shipping,144.97
8009,4005,material,463.1
8010,4005,shipping,157.54
8011,4006,material,5067.94
8012,4006,shipping,849.95
8013,4007,material,2328.07
8014,4007,shipping,424.09
8015,4008,material,420.21
8016,4008,shipping,128.46
8017,4009,material,268.51
8018,4009,shipping,309.51
8019,4010,material,161.56
8020,4010,shipping,31.32
8021,4011,material,929.67
8022,4011,shipping,257.25
8023,4012,material,479.73
8024,4012,shipping,458.98
8025,4013,material,296.26
8026,4013,shipping,96.2
8027,4014,material,70.24
8028,4014,shipping,67.37
8029,4015,material,833.0
8030,4015,shipping,242.15
8031,4016,material,3343.66
8032,4016,shipping,3051.33
8033,4017,material,1329.08
8034,4017,shipping,1022.09
8035,4018,material,703.17
8036,4018,shipping,144.95
8037,4019,material,303.55
8038,4019,shipping,79.45
8039,4020,material,206.74
8040,4020,shipping,72.74
8041,4021,material,233.73
8042,4021,shipping,65.57
8043,4022,material,584.07
8044,4022,shipping,86.52
8045,4023,material,533.23
8046,4023,shipping,172.61
8047,4024,material,52.87
8048,4024,shipping,14.88
8049,4025,material,577.02
8050,4025,shipping,145.49
8051,4026,material,2755.61
8052,4026,shipping,1680.78
8053,4027,material,5470.96
8054,4027,shipping,975.18
8055,4028,material,2374.4
8056,4028,shipping,1303.74
8057,4029,material,78.7
8058,4029,shipping,15.29
8059,4030,material,85.5
8060,4030,shipping,27.71
8061,4031,material,5461.25
8062,4031,shipping,957.55
8063,4032,material,3027.98
8064,4032,shipping,2259.79
8065,4033,material,1455.99
8066,4033,shipping,931.63
8067,4034,material,196.74
8068,4034,shipping,68.36
8069,4035,material,2784.19
8070,4035,shipping,2557.07
8071,4036,material,357.52
8072,4036,shipping,111.3
8073,4037,material,384.59
8074,4037,shipping,123.92
8075,4038,material,3005.99
8076,4038,shipping,1664.3
8077,4039,material,59.48
8078,4039,shipping,19.12
8079,4040,material,111.81
8080,4040,shipping,95.73
8081,4041,material,15266.26
8082,4041,shipping,2773.56
8083,4042,material,217.21
8084,4042,shipping,38.35
8085,4043,material,444.91
8086,4043,shipping,149.44
8087,4044,material,7637.7
8088,4044,shipping,1496.44
8089,4045,material,704.57
8090,4045,shipping,217.57
8091,4046,material,672.19
8092,4046,shipping,751.56
8093,4047,material,174.5
8094,4047,shipping,42.34
8095,4048,material,904.27
8096,4048,shipping,213.37
8097,4049,material,555.3
8098,4049,shipping,137.45
8099,4050,material,1258.43
8100,4050,shipping,202.47
8101,4051,material,1169.07
8102,4051,shipping,320.46
8103,4052,material,362.8
8104,4052,shipping,111.17
8105,4053,material,189.53
8106,4053,shipping,53.79
8107,4054,material,1899.49
8108,4054,shipping,355.47
8109,4055,material,268.69
8110,4055,shipping,49.23
8111,4056,material,110.12
8112,4056,shipping,35.77
8113,4057,material,762.3
8114,4057,shipping,572.97
8115,4058,material,675.04
8116,4058,shipping,122.27
8117,4059,material,18413.02
8118,4059,shipping,3400.92
8119,4060,material,982.97
8120,4060,shipping,635.49
8121,4061,material,131.68
8122,4061,shipping,36.15
8123,4062,material,303.76
8124,4062,shipping,86.63
8125,4063,material,559.71
8126,4063,shipping,161.11
8127,4064,material,4478.79
8128,4064,shipping,836.63
8129,4065,material,3281.87
8130,4065,shipping,2113.02
8131,4066,material,520.62
8132,4066,shipping,100.37
8133,4067,material,33.45
8134,4067,shipping,27.03
8135,4068,material,3483.82
8136,4068,shipping,653.77
8137,4069,material,264.48
8138,4069,shipping,52.34
8139,4070,material,25064.12
8140,4070,shipping,4667.24
8141,4071,material,118.81
8142,4071,shipping,30.7
8143,4072,material,94.32
8144,4072,shipping,27.23
8145,4073,material,491.82
8146,4073,shipping,114.15
8147,4074,material,374.53
8148,4074,shipping,102.28
8149,4075,material,113.56
8150,4075,shipping,44.3
8151,4076,material,1026.88
8152,4076,shipping,243.39
8153,4077,material,202.55
8154,4077,shipping,50.12
8155,4078,material,31.77
8156,4078,shipping,9.73
8157,4079,material,23015.88
8158,4079,shipping,3803.4
8159,4080,material,111.56
8160,4080,shipping,26.08
8161,4081,material,264.47
8162,4081,shipping,87.32
8163,4082,material,396.42
8164,4082,shipping,454.51
8165,4083,material,696.74
8166,4083,shipping,731.59
8167,4084,material,274.13
8168,4084,shipping,81.89
8169,4085,material,22270.65
8170,4085,shipping,3504.82
8171,4086,material,5074.06
8172,4086,shipping,1110.52
8173,4087,material,428.6
8174,4087,shipping,108.85
8175,4088,material,340.94
8176,4088,shipping,76.86
8177,4089,material,33.91
8178,4089,shipping,7.88
8179,4090,material,618.91
8180,4090,shipping,174.94
8181,4091,material,153.38
8182,4091,shipping,149.23
8183,4092,material,221.62
8184,4092,shipping,62.4
8185,4093,material,296.09
8186,4093,shipping,88.62
8187,4094,material,5837.25
8188,4094,shipping,970.42
8189,4095,material,67.93
8190,4095,shipping,13.15
8191,4096,material,459.39
8192,4096,shipping,151.81
8193,4097,material,254.96
8194,4097,shipping,77.13
8195,4098,material,637.09
8196,4098,shipping,172.4
8197,4099,material,569.84
8198,4099,shipping,141.59
8199,4100,material,197.08
8200,4100,shipping,121.93
8201,4101,material,662.41
8202,4101,shipping,187.24
8203,4102,material,748.88
8204,4102,shipping,655.22
8205,4103,material,500.0
8206,4103,shipping,157.19
8207,4104,material,172.27
8208,4104,shipping,48.7
8209,4105,material,156.2
8210,4105,shipping,165.77
8211,4106,material,361.42
8212,4106,shipping,71.41
8213,4107,material,85.2
8214,4107,shipping,20.4
8215,4108,material,452.84
8216,4108,shipping,98.37
8217,4109,material,6931.49
8218,4109,shipping,1499.94
8219,4110,material,1875.76
8220,4110,shipping,1240.81
8221,4111,material,3135.16
8222,4111,shipping,647.44
8223,4112,material,135.01
8224,4112,shipping,29.3
8225,4113,material,21143.57
8226,4113,shipping,3532.01
8227,4114,material,5402.09
8228,4114,shipping,951.35
8229,4115,material,222.21
8230,4115,shipping,64.66
8231,4116,material,1802.03
8232,4116,shipping,418.73
8233,4117,material,296.14
8234,4117,shipping,51.88
8235,4118,material,741.4
8236,4118,shipping,454.78
8237,4119,material,13570.7
8238,4119,shipping,2538.17
8239,4120,material,271.63
8240,4120,shipping,69.61
8241,4121,material,1292.19
8242,4121,shipping,954.26
8243,4122,material,144.76
8244,4122,shipping,41.35
8245,4123,material,10801.9
8246,4123,shipping,1437.13
8247,4124,material,424.28
8248,4124,shipping,144.23
8249,4125,material,3296.96
8250,4125,shipping,1915.12
8251,4126,material,55.62
8252,4126,shipping,14.77
8253,4127,material,36.74
8254,4127,shipping,32.15
8255,4128,material,618.2
8256,4128,shipping,184.92
8257,4129,material,70.45
8258,4129,shipping,17.31
8259,4130,material,645.07
8260,4130,shipping,131.37
8261,4131,material,3227.51
8262,4131,shipping,2269.55
8263,4132,material,217.58
8264,4132,shipping,57.46
8265,4133,material,543.61
8266,4133,shipping,593.13
8267,4134,material,945.7
8268,4134,shipping,228.51
8269,4135,material,33.33
8270,4135,shipping,9.33
8271,4136,material,3677.38
8272,4136,shipping,850.12
8273,4137,material,319.76
8274,4137,shipping,97.89
8275,4138,material,467.89
8276,4138,shipping,500.01
8277,4139,material,321.83
8278,4139,shipping,112.9
8279,4140,material,249.25
8280,4140,shipping,241.65
8281,4141,material,22.9
8282,4141,shipping,7.13
8283,4142,material,538.59
8284,4142,shipping,498.2
8285,4143,material,175.06
8286,4143,shipping,168.24
8287,4144,material,224.9
8288,4144,shipping,61.95
8289,4145,material,1189.5
8290,4145,shipping,156.35
8291,4146,material,757.06
8292,4146,shipping,192.82
8293,4147,material,2260.86
8294,4147,shipping,1998.13
8295,4148,material,258.48
8296,4148,shipping,51.8
8297,4149,material,111.54
8298,4149,shipping,41.37
8299,4150,material,169.79
8300,4150,shipping,155.3
8301,4151,material,20677.59
8302,4151,shipping,2785.17
8303,4152,material,2930.31
8304,4152,shipping,1835.65
8305,4153,material,18947.94
8306,4153,shipping,2991.63
8307,4154,material,860.56
8308,4154,shipping,175.09
8309,4155,material,13365.23
8310,4155,shipping,3717.55
8311,4156,material,75.6
8312,4156,shipping,78.29
8313,4157,material,108.9
8314,4157,shipping,27.74
8315,4158,material,574.15
8316,4158,shipping,208.8
8317,4159,material,473.32
8318,4159,shipping,415.5
8319,4160,material,477.09
8320,4160,shipping,126.44
8321,4161,material,205.41
8322,4161,shipping,49.81
8323,4162,material,119.76
8324,4162,shipping,31.92
8325,4163,material,343.25
8326,4163,shipping,335.68
8327,4164,material,258.18
8328,4164,shipping,73.3
8329,4165,material,2496.41
8330,4165,shipping,1963.85
8331,4166,material,186.31
8332,4166,shipping,138.86
8333,4167,material,473.47
8334,4167,shipping,134.59
8335,4168,material,2792.64
8336,4168,shipping,528.19
8337,4169,material,929.02
8338,4169,shipping,178.5
8339,4170,material,57.79
8340,4170,shipping,13.84
8341,4171,material,325.95
8342,4171,shipping,94.65
8343,4172,material,19983.71
8344,4172,shipping,2664.09
8345,4173,material,3166.11
8346,4173,shipping,2565.98
8347,4174,material,2508.2
8348,4174,shipping,373.65
8349,4175,material,263.07
8350,4175,shipping,281.92
8351,4176,material,89.22
8352,4176,shipping,17.85
8353,4177,material,16.8
8354,4177,shipping,4.28
8355,4178,material,700.76
8356,4178,shipping,505.51
8357,4179,material,376.36
8358,4179,shipping,125.62
8359,4180,material,10879.28
8360,4180,shipping,1932.23
8361,4181,material,401.33
8362,4181,shipping,86.32
8363,4182,material,410.53
8364,4182,shipping,334.02
8365,4183,material,254.36
8366,4183,shipping,57.2
8367,4184,material,739.8
8368,4184,shipping,839.09
8369,4185,material,366.54
8370,4185,shipping,86.76
8371,4186,material,377.05
8372,4186,shipping,83.88
8373,4187,material,1145.33
8374,4187,shipping,311.4
8375,4188,material,271.8
8376,4188,shipping,80.97
8377,4189,material,217.67
8378,4189,shipping,72.39
8379,4190,material,3879.99
8380,4190,shipping,572.44
8381,4191,material,16195.15
8382,4191,shipping,3075.84
8383,4192,material,119.38
8384,4192,shipping,27.22
8385,4193,material,59.94
8386,4193,shipping,18.17
8387,4194,material,110.11
8388,4194,shipping,81.22
8389,4195,material,721.96
8390,4195,shipping,220.3
8391,4196,material,18376.58
8392,4196,shipping,4107.95
8393,4197,material,2395.96
8394,4197,shipping,1534.0
8395,4198,material,2224.53
8396,4198,shipping,1829.23
8397,4199,material,7246.25
8398,4199,shipping,1294.63
8399,4200,material,304.47
8400,4200,shipping,78.77
8401,4201,material,301.97
8402,4201,shipping,105.88
8403,4202,material,338.94
8404,4202,shipping,62.2
8405,4203,material,199.94
8406,4203,shipping,65.73
8407,4204,material,133.02
8408,4204,shipping,26.24
8409,4205,material,1682.78
8410,4205,shipping,1493.49
8411,4206,material,3437.86
8412,4206,shipping,2033.03
8413,4207,material,179.87
8414,4207,shipping,137.13
8415,4208,material,269.73
8416,4208,shipping,107.0
8417,4209,material,246.58
8418,4209,shipping,78.35
8419,4210,material,904.8
8420,4210,shipping,178.92
8421,4211,material,605.04
8422,4211,shipping,499.41
8423,4212,material,1026.1
8424,4212,shipping,213.55
8425,4213,material,109.51
8426,4213,shipping,30.34
8427,4214,material,149.69
8428,4214,shipping,35.37
8429,4215,material,3200.87
8430,4215,shipping,2510.07
8431,4216,material,66.86
8432,4216,shipping,63.0
8433,4217,material,3966.1
8434,4217,shipping,875.74
8435,4218,material,299.15
8436,4218,shipping,335.53
8437,4219,material,210.91
8438,4219,shipping,51.03
8439,4220,material,203.38
8440,4220,shipping,68.76
8441,4221,material,713.53
8442,4221,shipping,201.79
8443,4222,material,140.95
8444,4222,shipping,31.69
8445,4223,material,126.62
8446,4223,shipping,36.62
8447,4224,material,61.62
8448,4224,shipping,12.22
8449,4225,material,4715.65
8450,4225,shipping,976.55
8451,4226,material,248.2
8452,4226,shipping,62.67
8453,4227,material,610.03
8454,4227,shipping,96.17
8455,4228,material,151.94
8456,4228,shipping,35.24
8457,4229,material,121.57
8458,4229,shipping,99.06
8459,4230,material,688.02
8460,4230,shipping,805.63
8461,4231,material,619.5
8462,4231,shipping,191.39
8463,4232,material,330.29
8464,4232,shipping,66.55
8465,4233,material,68.74
8466,4233,shipping,24.39
8467,4234,material,284.78
8468,4234,shipping,72.55
8469,4235,material,50.79
8470,4235,shipping,15.23
8471,4236,material,3311.3
8472,4236,shipping,565.02
8473,4237,material,67.22
8474,4237,shipping,17.92
8475,4238,material,320.7
8476,4238,shipping,106.6
8477,4239,material,380.24
8478,4239,shipping,120.42
8479,4240,material,210.79
8480,4240,shipping,62.51
8481,4241,material,21.76
8482,4241,shipping,9.31
8483,4242,material,14856.34
8484,4242,shipping,2387.09
8485,4243,material,1172.43
8486,4243,shipping,213.47
8487,4244,material,152.14
8488,4244,shipping,32.7
8489,4245,material,2392.2
8490,4245,shipping,608.24
8491,4246,material,821.33
8492,4246,shipping,242.17
8493,4247,material,486.82
8494,4247,shipping,463.83
8495,4248,material,1422.11
8496,4248,shipping,216.08
8497,4249,material,2310.09
8498,4249,shipping,535.22
8499,4250,material,21405.94
8500,4250,shipping,2899.35
8501,4251,material,334.07
8502,4251,shipping,63.58
8503,4252,material,52.43
8504,4252,shipping,12.45
8505,4253,material,120.87
8506,4253,shipping,39.33
8507,4254,material,81.34
8508,4254,shipping,79.41
8509,4255,material,101.1
8510,4255,shipping,100.76
8511,4256,material,5655.24
8512,4256,shipping,979.21
8513,4257,material,220.14
8514,4257,shipping,77.0
8515,4258,material,397.29
8516,4258,shipping,120.25
8517,4259,material,2050.52
8518,4259,shipping,1434.88
8519,4260,material,177.71
8520,4260,shipping,179.79
8521,4261,material,543.0
8522,4261,shipping,114.81
8523,4262,material,13768.56
8524,4262,shipping,2318.13
8525,4263,material,633.15
8526,4263,shipping,172.14
8527,4264,material,1160.6
8528,4264,shipping,192.9
8529,4265,material,2348.48
8530,4265,shipping,1975.11
8531,4266,material,63.97
8532,4266,shipping,81.81
8533,4267,material,23277.41
8534,4267,shipping,3477.89
8535,4268,material,175.84
8536,4268,shipping,37.03
8537,4269,material,354.44
8538,4269,shipping,352.3
8539,4270,material,141.08
8540,4270,shipping,24.93
8541,4271,material,1038.39
8542,4271,shipping,250.72
8543,4272,material,648.08
8544,4272,shipping,179.6
8545,4273,material,201.47
8546,4273,shipping,143.3
8547,4274,material,3018.22
8548,4274,shipping,2181.86
8549,4275,material,169.99
8550,4275,shipping,34.72
8551,4276,material,429.55
8552,4276,shipping,483.55
8553,4277,material,295.02
8554,4277,shipping,318.34
8555,4278,material,4830.03
8556,4278,shipping,917.74
8557,4279,material,256.27
8558,4279,shipping,61.17
8559,4280,material,3800.67
8560,4280,shipping,798.58
8561,4281,material,930.94
8562,4281,shipping,139.89
8563,4282,material,383.57
8564,4282,shipping,86.15
8565,4283,material,616.3
8566,4283,shipping,142.06
8567,4284,material,3250.45
8568,4284,shipping,2745.7
8569,4285,material,526.24
8570,4285,shipping,161.08
8571,4286,material,234.12
8572,4286,shipping,71.39
8573,4287,material,1071.13
8574,4287,shipping,154.78
8575,4288,material,84.63
8576,4288,shipping,18.17
8577,4289,material,340.05
8578,4289,shipping,331.19
8579,4290,material,418.83
8580,4290,shipping,109.81
8581,4291,material,809.01
8582,4291,shipping,163.71
8583,4292,material,4775.08
8584,4292,shipping,648.61
8585,4293,material,22.17
8586,4293,shipping,6.66
8587,4294,material,509.28
8588,4294,shipping,376.31
8589,4295,material,212.94
8590,4295,shipping,68.62
8591,4296,material,2498.05
8592,4296,shipping,2212.6
8593,4297,material,438.98
8594,4297,shipping,382.01
8595,4298,material,4907.04
8596,4298,shipping,1154.46
8597,4299,material,241.81
8598,4299,shipping,242.23
8599,4300,material,130.99
8600,4300,shipping,31.65
8601,4301,material,242.5
8602,4301,shipping,61.28
8603,4302,material,2093.26
8604,4302,shipping,402.37
8605,4303,material,255.64
8606,4303,shipping,97.58
8607,4304,material,397.22
8608,4304,shipping,134.46
8609,4305,material,369.33
8610,4305,shipping,114.34
8611,4306,material,224.46
8612,4306,shipping,70.92
8613,4307,material,710.32
8614,4307,shipping,568.81
8615,4308,material,708.08
8616,4308,shipping,241.87
8617,4309,material,57.51
8618,4309,shipping,16.97
8619,4310,material,75.05
8620,4310,shipping,20.68
8621,4311,material,700.23
8622,4311,shipping,427.16
8623,4312,material,6229.29
8624,4312,shipping,1383.65
8625,4313,material,185.78
8626,4313,shipping,56.86
8627,4314,material,342.78
8628,4314,shipping,89.14
8629,4315,material,495.66
8630,4315,shipping,470.82
8631,4316,material,177.1
8632,4316,shipping,39.31
8633,4317,material,23363.71
8634,4317,shipping,3835.26
8635,4318,material,2196.18
8636,4318,shipping,1729.79
8637,4319,material,633.83
8638,4319,shipping,182.24
8639,4320,material,308.61
8640,4320,shipping,70.29
8641,4321,material,8690.65
8642,4321,shipping,1102.46
8643,4322,material,15963.55
8644,4322,shipping,2938.06
8645,4323,material,2736.52
8646,4323,shipping,1633.78
8647,4324,material,24968.12
8648,4324,shipping,3646.25
8649,4325,material,2994.72
8650,4325,shipping,2622.93
8651,4326,material,2002.62
8652,4326,shipping,1586.93
8653,4327,material,1947.21
8654,4327,shipping,1356.19
8655,4328,material,293.31
8656,4328,shipping,59.78
8657,4329,material,8199.04
8658,4329,shipping,1614.11
8659,4330,material,243.29
8660,4330,shipping,43.09
8661,4331,material,265.78
8662,4331,shipping,92.0
8663,4332,material,18965.08
8664,4332,shipping,3750.49
8665,4333,material,165.8
8666,4333,shipping,45.49
8667,4334,material,399.5
8668,4334,shipping,383.83
8669,4335,material,2403.12
8670,4335,shipping,512.3
8671,4336,material,3730.38
8672,4336,shipping,2810.49
8673,4337,material,86.93
8674,4337,shipping,20.39
8675,4338,material,459.48
8676,4338,shipping,146.61
8677,4339,material,194.93
8678,4339,shipping,36.64
8679,4340,material,1195.49
8680,4340,shipping,169.33
8681,4341,material,8143.61
8682,4341,shipping,1268.46
8683,4342,material,6095.59
8684,4342,shipping,1175.38
8685,4343,material,1554.4
8686,4343,shipping,302.82
8687,4344,material,444.79
8688,4344,shipping,166.0
8689,4345,material,5500.09
8690,4345,shipping,971.12
8691,4346,material,1798.73
8692,4346,shipping,1156.5
8693,4347,material,3889.65
8694,4347,shipping,838.51
8695,4348,material,1615.78
8696,4348,shipping,984.69
8697,4349,material,3110.25
8698,4349,shipping,1963.17
8699,4350,material,561.76
8700,4350,shipping,162.38
8701,4351,material,203.71
8702,4351,shipping,48.64
8703,4352,material,2326.17
8704,4352,shipping,1823.27
8705,4353,material,15720.04
8706,4353,shipping,3034.35
8707,4354,material,15230.41
8708,4354,shipping,2472.39
8709,4355,material,432.6
8710,4355,shipping,107.58
8711,4356,material,299.69
8712,4356,shipping,51.82
8713,4357,material,68.69
8714,4357,shipping,19.24
8715,4358,material,612.1
8716,4358,shipping,218.04
8717,4359,material,21.48
8718,4359,shipping,5.57
8719,4360,material,2049.58
8720,4360,shipping,1518.7
8721,4361,material,334.4
8722,4361,shipping,76.99
8723,4362,material,1552.24
8724,4362,shipping,1218.2
8725,4363,material,183.71
8726,4363,shipping,43.6
8727,4364,material,675.48
8728,4364,shipping,176.06
8729,4365,material,21808.62
8730,4365,shipping,3705.16
8731,4366,material,277.87
8732,4366,shipping,236.85
8733,4367,material,512.52
8734,4367,shipping,149.24
8735,4368,material,380.91
8736,4368,shipping,204.31
8737,4369,material,1971.66
8738,4369,shipping,1528.21
8739,4370,material,315.22
8740,4370,shipping,68.33
8741,4371,material,221.45
8742,4371,shipping,68.69
8743,4372,material,12726.37
8744,4372,shipping,1607.77
8745,4373,material,5471.6
8746,4373,shipping,1255.38
8747,4374,material,471.22
8748,4374,shipping,115.67
8749,4375,material,1033.54
8750,4375,shipping,220.27
8751,4376,material,21476.99
8752,4376,shipping,4429.41
8753,4377,material,165.42
8754,4377,shipping,49.71
8755,4378,material,356.11
8756,4378,shipping,71.96
8757,4379,material,506.68
8758,4379,shipping,150.26
8759,4380,material,3454.12
8760,4380,shipping,3114.88
8761,4381,material,439.92
8762,4381,shipping,396.82
8763,4382,material,4024.91
8764,4382,shipping,1126.35
8765,4383,material,2142.68
8766,4383,shipping,1485.5
8767,4384,material,6146.63
8768,4384,shipping,1413.14
8769,4385,material,203.38
8770,4385,shipping,59.46
8771,4386,material,4954.55
8772,4386,shipping,789.41
8773,4387,material,336.36
8774,4387,shipping,66.11
8775,4388,material,3284.77
8776,4388,shipping,547.58
8777,4389,material,3812.62
8778,4389,shipping,896.83
8779,4390,material,2406.17
8780,4390,shipping,505.76
8781,4391,material,5834.91
8782,4391,shipping,1254.81
8783,4392,material,3208.4
8784,4392,shipping,2730.91
8785,4393,material,11559.4
8786,4393,shipping,2532.4
8787,4394,material,59.01
8788,4394,shipping,11.09
8789,4395,material,222.38
8790,4395,shipping,53.24
8791,4396,material,37.02
8792,4396,shipping,9.95
8793,4397,material,512.88
8794,4397,shipping,181.8
8795,4398,material,693.53
8796,4398,shipping,178.16
8797,4399,material,263.25
8798,4399,shipping,70.41
8799,4400,material,3643.99
8800,4400,shipping,2077.38
8801,4401,material,65.46
8802,4401,shipping,19.02
8803,4402,material,1720.15
8804,4402,shipping,368.29
8805,4403,material,202.0
8806,4403,shipping,59.12
8807,4404,material,33.49
8808,4404,shipping,6.7
8809,4405,material,3323.59
8810,4405,shipping,2576.03
8811,4406,material,23407.84
8812,4406,shipping,5192.91
8813,4407,material,240.46
8814,4407,shipping,54.95
8815,4408,material,178.83
8816,4408,shipping,116.08
8817,4409,material,10482.84
8818,4409,shipping,1714.78
8819,4410,material,6114.64
8820,4410,shipping,903.46
8821,4411,material,309.6
8822,4411,shipping,95.1
8823,4412,material,23819.56
8824,4412,shipping,3710.03
8825,4413,material,923.68
8826,4413,shipping,621.11
8827,4414,material,1103.57
8828,4414,shipping,222.25
8829,4415,material,352.33
8830,4415,shipping,99.07
8831,4416,material,494.76
8832,4416,shipping,479.99
8833,4417,material,2469.21
8834,4417,shipping,2036.4
8835,4418,material,354.24
8836,4418,shipping,92.55
8837,4419,material,3092.81
8838,4419,shipping,1745.23
8839,4420,material,385.06
8840,4420,shipping,69.63
8841,4421,material,2249.52
8842,4421,shipping,1792.35
8843,4422,material,3332.18
8844,4422,shipping,2788.32
8845,4423,material,3914.22
8846,4423,shipping,767.7
8847,4424,material,6480.83
8848,4424,shipping,1442.12
8849,4425,material,176.34
8850,4425,shipping,45.53
8851,4426,material,325.31
8852,4426,shipping,287.55
8853,4427,material,514.9
8854,4427,shipping,598.66
8855,4428,material,15648.98
8856,4428,shipping,2423.44
8857,4429,material,5434.14
8858,4429,shipping,728.41
8859,4430,material,315.92
8860,4430,shipping,71.03
8861,4431,material,1712.8
8862,4431,shipping,395.51
8863,4432,material,3096.16
8864,4432,shipping,542.72
8865,4433,material,596.21
8866,4433,shipping,623.92
8867,4434,material,587.03
8868,4434,shipping,591.03
8869,4435,material,1262.71
8870,4435,shipping,203.33
8871,4436,material,4828.67
8872,4436,shipping,722.32
8873,4437,material,142.45
8874,4437,shipping,41.05
8875,4438,material,1278.21
8876,4438,shipping,936.75
8877,4439,material,287.52
8878,4439,shipping,62.39
8879,4440,material,513.15
8880,4440,shipping,131.16
8881,4441,material,369.62
8882,4441,shipping,94.79
8883,4442,material,278.66
8884,4442,shipping,61.61
8885,4443,material,309.48
8886,4443,shipping,99.13
8887,4444,material,2425.9
8888,4444,shipping,1812.28
8889,4445,material,107.71
8890,4445,shipping,133.67
8891,4446,material,418.76
8892,4446,shipping,89.27
8893,4447,material,854.75
8894,4447,shipping,610.79
8895,4448,material,2927.94
8896,4448,shipping,414.82
8897,4449,material,509.63
8898,4449,shipping,307.39
8899,4450,material,272.76
8900,4450,shipping,99.41
8901,4451,material,153.93
8902,4451,shipping,128.17
8903,4452,material,440.2
8904,4452,shipping,126.97
8905,4453,material,2518.99
8906,4453,shipping,387.48
8907,4454,material,450.43
8908,4454,shipping,378.83
8909,4455,material,5211.97
8910,4455,shipping,1273.64
8911,4456,material,69.32
8912,4456,shipping,16.78
8913,4457,material,525.55
8914,4457,shipping,145.24
8915,4458,material,115.78
8916,4458,shipping,39.52
8917,4459,material,33.77
8918,4459,shipping,25.24
8919,4460,material,406.56
8920,4460,shipping,112.21
8921,4461,material,34.0
8922,4461,shipping,46.01
8923,4462,material,1203.68
8924,4462,shipping,327.91
8925,4463,material,71.93
8926,4463,shipping,20.02
8927,4464,material,554.22
8928,4464,shipping,119.1
8929,4465,material,181.59
8930,4465,shipping,137.76
8931,4466,material,288.94
8932,4466,shipping,76.67
8933,4467,material,2375.26
8934,4467,shipping,2131.91
8935,4468,material,1847.46
8936,4468,shipping,300.78
8937,4469,material,454.58
8938,4469,shipping,103.13
8939,4470,material,2115.45
8940,4470,shipping,1224.5
8941,4471,material,458.66
8942,4471,shipping,150.0
8943,4472,material,412.27
8944,4472,shipping,84.52
8945,4473,material,729.72
8946,4473,shipping,206.32
8947,4474,material,122.16
8948,4474,shipping,37.74
8949,4475,material,1328.33
8950,4475,shipping,1025.48
8951,4476,material,3052.63
8952,4476,shipping,2324.34
8953,4477,material,2302.92
8954,4477,shipping,441.77
8955,4478,material,497.52
8956,4478,shipping,107.0
8957,4479,material,132.95
8958,4479,shipping,30.75
8959,4480,material,455.24
8960,4480,shipping,300.06
8961,4481,material,3553.54
8962,4481,shipping,576.38
8963,4482,material,374.95
8964,4482,shipping,92.05
8965,4483,material,20594.75
8966,4483,shipping,4708.04
8967,4484,material,330.56
8968,4484,shipping,119.13
8969,4485,material,3765.23
8970,4485,shipping,727.27
8971,4486,material,2740.55
8972,4486,shipping,2049.06
8973,4487,material,684.97
8974,4487,shipping,123.7
8975,4488,material,35.36
8976,4488,shipping,8.7
8977,4489,material,273.37
8978,4489,shipping,86.51
8979,4490,material,703.29
8980,4490,shipping,624.04
8981,4491,material,560.16
8982,4491,shipping,182.96
8983,4492,material,236.78
8984,4492,shipping,53.01
8985,4493,material,512.62
8986,4493,shipping,335.15
8987,4494,material,990.46
8988,4494,shipping,283.25
8989,4495,material,175.21
8990,4495,shipping,61.78
8991,4496,material,66.14
8992,4496,shipping,62.16
8993,4497,material,1157.39
8994,4497,shipping,243.04
8995,4498,material,2460.69
8996,4498,shipping,1875.55
8997,4499,material,740.6
8998,4499,shipping,153.99
8999,4500,material,113.11
9000,4500,shipping,21.73
9001,4501,material,361.41
9002,4501,shipping,76.94
9003,4502,material,2129.66
9004,4502,shipping,1337.25
9005,4503,material,538.02
9006,4503,shipping,180.54
9007,4504,material,555.4
9008,4504,shipping,138.87
9009,4505,material,2479.32
9010,4505,shipping,599.51
9011,4506,material,22.24
9012,4506,shipping,4.9
9013,4507,material,58.11
9014,4507,shipping,12.1
9015,4508,material,12495.77
9016,4508,shipping,3168.86
9017,4509,material,656.39
9018,4509,shipping,549.59
9019,4510,material,1752.79
9020,4510,shipping,1527.59
9021,4511,material,9315.88
9022,4511,shipping,1279.41
9023,4512,material,306.73
9024,4512,shipping,321.47
9025,4513,material,59.88
9026,4513,shipping,14.91
9027,4514,material,6125.99
9028,4514,shipping,1479.98
9029,4515,material,677.84
9030,4515,shipping,534.34
9031,4516,material,504.76
9032,4516,shipping,343.91
9033,4517,material,642.86
9034,4517,shipping,513.61
9035,4518,material,233.21
9036,4518,shipping,41.29
9037,4519,material,790.86
9038,4519,shipping,160.01
9039,4520,material,1890.37
9040,4520,shipping,412.05
9041,4521,material,1506.73
9042,4521,shipping,265.57
9043,4522,material,96.86
9044,4522,shipping,32.77
9045,4523,material,35.72
9046,4523,shipping,37.01
9047,4524,material,15930.2
9048,4524,shipping,3469.49
9049,4525,material,77.58
9050,4525,shipping,81.03
9051,4526,material,422.26
9052,4526,shipping,101.01
9053,4527,material,258.42
9054,4527,shipping,248.45
9055,4528,material,205.23
9056,4528,shipping,59.99
9057,4529,material,686.69
9058,4529,shipping,729.23
9059,4530,material,178.46
9060,4530,shipping,53.69
9061,4531,material,226.19
9062,4531,shipping,64.77
9063,4532,material,29.14
9064,4532,shipping,8.84
9065,4533,material,196.1
9066,4533,shipping,113.03
9067,4534,material,3732.98
9068,4534,shipping,740.81
9069,4535,material,2119.56
9070,4535,shipping,1721.89
9071,4536,material,754.28
9072,4536,shipping,227.13
9073,4537,material,3792.2
9074,4537,shipping,530.99
9075,4538,material,17.08
9076,4538,shipping,4.31
9077,4539,material,50.47
9078,4539,shipping,10.09
9079,4540,material,15755.41
9080,4540,shipping,4332.17
9081,4541,material,22433.04
9082,4541,shipping,4651.59
9083,4542,material,264.95
9084,4542,shipping,280.81
9085,4543,material,658.12
9086,4543,shipping,140.28
9087,4544,material,437.98
9088,4544,shipping,136.26
9089,4545,material,565.42
9090,4545,shipping,137.24
9091,4546,material,5473.12
9092,4546,shipping,927.26
9093,4547,material,3763.96
9094,4547,shipping,608.47
9095,4548,material,3432.27
9096,4548,shipping,3545.37
9097,4549,material,61.27
9098,4549,shipping,15.03
9099,4550,material,54.79
9100,4550,shipping,12.32
9101,4551,material,335.18
9102,4551,shipping,84.16
9103,4552,material,1203.16
9104,4552,shipping,300.76
9105,4553,material,651.14
9106,4553,shipping,131.75
9107,4554,material,349.02
9108,4554,shipping,101.33
9109,4555,material,207.55
9110,4555,shipping,39.57
9111,4556,material,436.0
9112,4556,shipping,136.26
9113,4557,material,12968.71
9114,4557,shipping,2334.53
9115,4558,material,2992.41
9116,4558,shipping,2502.33
9117,4559,material,580.54
9118,4559,shipping,191.23
9119,4560,material,385.85
9120,4560,shipping,117.08
9121,4561,material,15237.15
9122,4561,shipping,3218.95
9123,4562,material,471.52
9124,4562,shipping,520.52
9125,4563,material,277.17
9126,4563,shipping,78.72
9127,4564,material,648.21
9128,4564,shipping,144.87
9129,4565,material,871.13
9130,4565,shipping,199.6
9131,4566,material,226.89
9132,4566,shipping,64.73
9133,4567,material,2538.88
9134,4567,shipping,2135.64
9135,4568,material,326.81
9136,4568,shipping,45.61
9137,4569,material,646.19
9138,4569,shipping,183.9
9139,4570,material,647.48
9140,4570,shipping,562.0
9141,4571,material,96.58
9142,4571,shipping,27.12
9143,4572,material,58.26
9144,4572,shipping,14.21
9145,4573,material,925.9
9146,4573,shipping,139.54
9147,4574,material,24784.38
9148,4574,shipping,4866.93
9149,4575,material,1374.08
9150,4575,shipping,1291.91
9151,4576,material,588.62
9152,4576,shipping,662.36
9153,4577,material,239.23
9154,4577,shipping,54.39
9155,4578,material,2331.61
9156,4578,shipping,1988.91
9157,4579,material,303.74
9158,4579,shipping,77.29
9159,4580,material,353.87
9160,4580,shipping,95.4
9161,4581,material,627.64
9162,4581,shipping,462.15
9163,4582,material,1467.36
9164,4582,shipping,947.68
9165,4583,material,556.83
9166,4583,shipping,551.79
9167,4584,material,109.35
9168,4584,shipping,89.86
9169,4585,material,417.09
9170,4585,shipping,123.94
9171,4586,material,636.59
9172,4586,shipping,179.24
9173,4587,material,23372.77
9174,4587,shipping,3515.34
9175,4588,material,2959.59
9176,4588,shipping,2770.69
9177,4589,material,146.27
9178,4589,shipping,44.35
9179,4590,material,163.3
9180,4590,shipping,153.94
9181,4591,material,49.14
9182,4591,shipping,10.66
9183,4592,material,409.24
9184,4592,shipping,102.01
9185,4593,material,1090.37
9186,4593,shipping,320.87
9187,4594,material,2263.55
9188,4594,shipping,1562.34
9189,4595,material,594.76
9190,4595,shipping,178.29
9191,4596,material,1729.04
9192,4596,shipping,1058.1
9193,4597,material,241.56
9194,4597,shipping,51.63
9195,4598,material,182.98
9196,4598,shipping,44.85
9197,4599,material,308.84
9198,4599,shipping,273.78
9199,4600,material,6406.77
9200,4600,shipping,1532.74
9201,4601,material,213.44
9202,4601,shipping,64.8
9203,4602,material,172.87
9204,4602,shipping,53.96
9205,4603,material,2527.87
9206,4603,shipping,2279.21
9207,4604,material,9672.6
9208,4604,shipping,1378.48
9209,4605,material,4657.97
9210,4605,shipping,713.36
9211,4606,material,374.35
9212,4606,shipping,309.06
9213,4607,material,250.9
9214,4607,shipping,67.38
9215,4608,material,159.65
9216,4608,shipping,51.83
9217,4609,material,19520.29
9218,4609,shipping,3729.99
9219,4610,material,312.06
9220,4610,shipping,74.33
9221,4611,material,366.02
9222,4611,shipping,378.17
9223,4612,material,142.74
9224,4612,shipping,42.69
9225,4613,material,1867.43
9226,4613,shipping,337.49
9227,4614,material,601.84
9228,4614,shipping,384.77
9229,4615,material,321.65
9230,4615,shipping,90.56
9231,4616,material,418.15
9232,4616,shipping,87.47
9233,4617,material,1232.73
9234,4617,shipping,251.96
9235,4618,material,3209.64
9236,4618,shipping,1728.07
9237,4619,material,1787.14
9238,4619,shipping,402.63
9239,4620,material,201.16
9240,4620,shipping,65.12
9241,4621,material,31.84
9242,4621,shipping,9.01
9243,4622,material,4475.02
9244,4622,shipping,1000.43
9245,4623,material,4994.6
9246,4623,shipping,808.65
9247,4624,material,653.02
9248,4624,shipping,130.48
9249,4625,material,3636.42
9250,4625,shipping,511.64
9251,4626,material,219.44
9252,4626,shipping,65.89
9253,4627,material,31.31
9254,4627,shipping,7.83
9255,4628,material,1196.8
9256,4628,shipping,186.32
9257,4629,material,482.88
9258,4629,shipping,150.45
9259,4630,material,322.68
9260,4630,shipping,82.67
9261,4631,material,239.09
9262,4631,shipping,67.24
9263,4632,material,737.92
9264,4632,shipping,195.96
9265,4633,material,5319.23
9266,4633,shipping,1143.14
9267,4634,material,670.25
9268,4634,shipping,150.99
9269,4635,material,250.44
9270,4635,shipping,75.43
9271,4636,material,36.88
9272,4636,shipping,35.05
9273,4637,material,296.73
9274,4637,shipping,74.55
9275,4638,material,38.25
9276,4638,shipping,42.93
9277,4639,material,263.05
9278,4639,shipping,99.68
9279,4640,material,250.84
9280,4640,shipping,49.15
9281,4641,material,504.04
9282,4641,shipping,445.2
9283,4642,material,470.44
9284,4642,shipping,98.03
9285,4643,material,4596.63
9286,4643,shipping,1067.25
9287,4644,material,287.46
9288,4644,shipping,78.49
9289,4645,material,625.69
9290,4645,shipping,431.32
9291,4646,material,3010.66
9292,4646,shipping,1656.35
9293,4647,material,1863.66
9294,4647,shipping,1270.16
9295,4648,material,765.73
9296,4648,shipping,149.98
9297,4649,material,15554.93
9298,4649,shipping,2103.45
9299,4650,material,383.83
9300,4650,shipping,362.67
9301,4651,material,229.83
9302,4651,shipping,67.67
9303,4652,material,237.13
9304,4652,shipping,180.43
9305,4653,material,396.21
9306,4653,shipping,109.38
9307,4654,material,993.78
9308,4654,shipping,230.36
9309,4655,material,1915.79
9310,4655,shipping,419.73
9311,4656,material,1613.24
9312,4656,shipping,948.96
9313,4657,material,6023.69
9314,4657,shipping,940.7
9315,4658,material,91.44
9316,4658,shipping,25.78
9317,4659,material,319.56
9318,4659,shipping,75.47
9319,4660,material,325.35
9320,4660,shipping,67.39
9321,4661,material,310.82
9322,4661,shipping,245.39
9323,4662,material,316.03
9324,4662,shipping,77.06
9325,4663,material,316.67
9326,4663,shipping,76.18
9327,4664,material,9308.59
9328,4664,shipping,1893.04
9329,4665,material,12567.69
9330,4665,shipping,2963.18
9331,4666,material,4427.05
9332,4666,shipping,697.84
9333,4667,material,387.88
9334,4667,shipping,107.29
9335,4668,material,115.69
9336,4668,shipping,37.67
9337,4669,material,8247.29
9338,4669,shipping,1335.05
9339,4670,material,327.19
9340,4670,shipping,64.49
9341,4671,material,37.91
9342,4671,shipping,31.31
9343,4672,material,600.19
9344,4672,shipping,196.7
9345,4673,material,11092.08
9346,4673,shipping,2237.84
9347,4674,material,519.91
9348,4674,shipping,165.6
9349,4675,material,5529.26
9350,4675,shipping,986.56
9351,4676,material,2455.62
9352,4676,shipping,543.57
9353,4677,material,410.98
9354,4677,shipping,120.89
9355,4678,material,74.57
9356,4678,shipping,64.78
9357,4679,material,1970.28
9358,4679,shipping,1135.0
9359,4680,material,632.25
9360,4680,shipping,109.86
9361,4681,material,369.76
9362,4681,shipping,105.41
9363,4682,material,579.13
9364,4682,shipping,190.73
9365,4683,material,170.92
9366,4683,shipping,38.1
9367,4684,material,485.67
9368,4684,shipping,138.38
9369,4685,material,632.1
9370,4685,shipping,125.22
9371,4686,material,3789.87
9372,4686,shipping,648.34
9373,4687,material,18.08
9374,4687,shipping,4.9
9375,4688,material,2866.02
9376,4688,shipping,2006.97
9377,4689,material,466.41
9378,4689,shipping,100.16
9379,4690,material,6187.44
9380,4690,shipping,1103.02
9381,4691,material,1984.32
9382,4691,shipping,1895.88
9383,4692,material,304.66
9384,4692,shipping,85.59
9385,4693,material,6492.77
9386,4693,shipping,950.89
9387,4694,material,343.6
9388,4694,shipping,75.66
9389,4695,material,791.62
9390,4695,shipping,204.93
9391,4696,material,251.44
9392,4696,shipping,53.3
9393,4697,material,42.85
9394,4697,shipping,12.3
9395,4698,material,2242.68
9396,4698,shipping,1288.69
9397,4699,material,2602.19
9398,4699,shipping,541.07
9399,4700,material,1968.94
9400,4700,shipping,1475.7
9401,4701,material,164.52
9402,4701,shipping,33.33
9403,4702,material,267.17
9404,4702,shipping,79.9
9405,4703,material,292.5
9406,4703,shipping,92.18
9407,4704,material,273.31
9408,4704,shipping,94.52
9409,4705,material,18.59
9410,4705,shipping,5.73
9411,4706,material,140.39
9412,4706,shipping,25.85
9413,4707,material,116.88
9414,4707,shipping,35.81
9415,4708,material,542.15
9416,4708,shipping,425.94
9417,4709,material,583.58
9418,4709,shipping,543.09
9419,4710,material,1096.86
9420,4710,shipping,149.54
9421,4711,material,24339.52
9422,4711,shipping,5304.74
9423,4712,material,201.7
9424,4712,shipping,43.94
9425,4713,material,597.82
9426,4713,shipping,151.0
9427,4714,material,617.36
9428,4714,shipping,140.99
9429,4715,material,314.32
9430,4715,shipping,79.79
9431,4716,material,664.71
9432,4716,shipping,601.08
9433,4717,material,134.08
9434,4717,shipping,48.66
9435,4718,material,5438.86
9436,4718,shipping,894.43
9437,4719,material,52.94
9438,4719,shipping,11.83
9439,4720,material,21303.09
9440,4720,shipping,2625.2
9441,4721,material,414.36
9442,4721,shipping,126.29
9443,4722,material,827.76
9444,4722,shipping,318.23
9445,4723,material,13609.35
9446,4723,shipping,2597.38
9447,4724,material,513.23
9448,4724,shipping,123.42
9449,4725,material,66.39
9450,4725,shipping,16.59
9451,4726,material,247.26
9452,4726,shipping,74.35
9453,4727,material,224.89
9454,4727,shipping,80.06
9455,4728,material,1083.15
9456,4728,shipping,359.8
9457,4729,material,165.59
9458,4729,shipping,148.71
9459,4730,material,75.34
9460,4730,shipping,88.91
9461,4731,material,1586.8
9462,4731,shipping,366.6
9463,4732,material,398.34
9464,4732,shipping,108.23
9465,4733,material,63.16
9466,4733,shipping,18.15
9467,4734,material,230.12
9468,4734,shipping,311.3
9469,4735,material,343.84
9470,4735,shipping,53.17
9471,4736,material,1165.35
9472,4736,shipping,212.39
9473,4737,material,5528.42
9474,4737,shipping,1027.67
9475,4738,material,654.19
9476,4738,shipping,128.91
9477,4739,material,18893.72
9478,4739,shipping,3545.79
9479,4740,material,661.15
9480,4740,shipping,597.51
9481,4741,material,33.05
9482,4741,shipping,23.24
9483,4742,material,300.0
9484,4742,shipping,253.29
9485,4743,material,654.16
9486,4743,shipping,119.42
9487,4744,material,2059.82
9488,4744,shipping,361.19
9489,4745,material,37.28
9490,4745,shipping,11.3
9491,4746,material,673.32
9492,4746,shipping,223.3
9493,4747,material,5135.5
9494,4747,shipping,1056.26
9495,4748,material,712.42
9496,4748,shipping,629.54
9497,4749,material,162.27
9498,4749,shipping,44.11
9499,4750,material,5992.86
9500,4750,shipping,1141.18
9501,4751,material,362.2
9502,4751,shipping,101.6
9503,4752,material,3077.61
9504,4752,shipping,2658.58
9505,4753,material,93.83
9506,4753,shipping,19.43
9507,4754,material,1779.83
9508,4754,shipping,1462.45
9509,4755,material,401.39
9510,4755,shipping,444.33
9511,4756,material,476.09
9512,4756,shipping,86.79
9513,4757,material,254.85
9514,4757,shipping,77.15
9515,4758,material,1493.98
9516,4758,shipping,1287.73
9517,4759,material,109.22
9518,4759,shipping,106.56
9519,4760,material,690.37
9520,4760,shipping,159.63
9521,4761,material,46.44
9522,4761,shipping,12.99
9523,4762,material,651.14
9524,4762,shipping,692.73
9525,4763,material,69.72
9526,4763,shipping,16.33
9527,4764,material,10036.04
9528,4764,shipping,1556.54
9529,4765,material,1775.0
9530,4765,shipping,339.68
9531,4766,material,10293.61
9532,4766,shipping,2192.12
9533,4767,material,2665.38
9534,4767,shipping,2455.52
9535,4768,material,246.69
9536,4768,shipping,51.85
9537,4769,material,96.44
9538,4769,shipping,73.52
9539,4770,material,238.05
9540,4770,shipping,49.47
9541,4771,material,16612.81
9542,4771,shipping,2802.23
9543,4772,material,339.46
9544,4772,shipping,229.33
9545,4773,material,172.57
9546,4773,shipping,51.01
9547,4774,material,156.67
9548,4774,shipping,33.53
9549,4775,material,1385.64
9550,4775,shipping,196.08
9551,4776,material,161.88
9552,4776,shipping,42.61
9553,4777,material,218.87
9554,4777,shipping,55.73
9555,4778,material,64.97
9556,4778,shipping,74.36
9557,4779,material,230.53
9558,4779,shipping,53.75
9559,4780,material,382.48
9560,4780,shipping,117.37
9561,4781,material,3413.03
9562,4781,shipping,503.95
9563,4782,material,17.19
9564,4782,shipping,3.63
9565,4783,material,2216.69
9566,4783,shipping,313.85
9567,4784,material,2889.97
9568,4784,shipping,2303.51
9569,4785,material,107.98
9570,4785,shipping,25.03
9571,4786,material,1160.83
9572,4786,shipping,251.03
9573,4787,material,5706.11
9574,4787,shipping,941.94
9575,4788,material,1087.89
9576,4788,shipping,218.83
9577,4789,material,3051.33
9578,4789,shipping,684.33
9579,4790,material,151.11
9580,4790,shipping,43.43
9581,4791,material,356.39
9582,4791,shipping,102.33
9583,4792,material,367.1
9584,4792,shipping,367.02
9585,4793,material,253.49
9586,4793,shipping,265.57
9587,4794,material,357.65
9588,4794,shipping,111.71
9589,4795,material,400.7
9590,4795,shipping,104.24
9591,4796,material,3441.34
9592,4796,shipping,2019.97
9593,4797,material,466.87
9594,4797,shipping,414.69
9595,4798,material,574.53
9596,4798,shipping,151.95
9597,4799,material,23.11
9598,4799,shipping,5.59
9599,4800,material,334.32
9600,4800,shipping,256.69
9601,4801,material,170.71
9602,4801,shipping,45.05
9603,4802,material,224.77
9604,4802,shipping,41.45
9605,4803,material,339.33
9606,4803,shipping,272.57
9607,4804,material,186.15
9608,4804,shipping,66.01
9609,4805,material,261.86
9610,4805,shipping,71.51
9611,4806,material,734.0
9612,4806,shipping,750.5
9613,4807,material,1103.86
9614,4807,shipping,278.24
9615,4808,material,130.98
9616,4808,shipping,38.15
9617,4809,material,139.36
9618,4809,shipping,106.94
9619,4810,material,121.17
9620,4810,shipping,36.54
9621,4811,material,4855.08
9622,4811,shipping,995.09
9623,4812,material,10862.22
9624,4812,shipping,2122.8
9625,4813,material,1506.93
9626,4813,shipping,1324.72
9627,4814,material,315.89
9628,4814,shipping,78.91
9629,4815,material,1084.57
9630,4815,shipping,325.5
9631,4816,material,518.05
9632,4816,shipping,381.42
9633,4817,material,162.72
9634,4817,shipping,52.08
9635,4818,material,256.59
9636,4818,shipping,75.25
9637,4819,material,202.75
9638,4819,shipping,38.29
9639,4820,material,168.95
9640,4820,shipping,60.25
9641,4821,material,1889.59
9642,4821,shipping,1281.2
9643,4822,material,13489.48
9644,4822,shipping,2456.07
9645,4823,material,23036.31
9646,4823,shipping,4565.26
9647,4824,material,137.69
9648,4824,shipping,47.43
9649,4825,material,3049.81
9650,4825,shipping,931.69
9651,4826,material,1206.28
9652,4826,shipping,215.23
9653,4827,material,1194.28
9654,4827,shipping,174.56
9655,4828,material,1968.67
9656,4828,shipping,405.92
9657,4829,material,144.6
9658,4829,shipping,31.49
9659,4830,material,202.62
9660,4830,shipping,60.43
9661,4831,material,399.74
9662,4831,shipping,430.3
9663,4832,material,20336.86
9664,4832,shipping,3639.5
9665,4833,material,4497.32
9666,4833,shipping,1024.19
9667,4834,material,2362.78
9668,4834,shipping,396.67
9669,4835,material,387.5
9670,4835,shipping,440.48
9671,4836,material,3037.23
9672,4836,shipping,693.45
9673,4837,material,2614.71
9674,4837,shipping,1501.72
9675,4838,material,219.93
9676,4838,shipping,65.45
9677,4839,material,556.79
9678,4839,shipping,184.64
9679,4840,material,875.04
9680,4840,shipping,537.71
9681,4841,material,614.09
9682,4841,shipping,203.03
9683,4842,material,2473.73
9684,4842,shipping,1960.86
9685,4843,material,3540.29
9686,4843,shipping,3109.79
9687,4844,material,785.34
9688,4844,shipping,233.16
9689,4845,material,2893.03
9690,4845,shipping,1792.45
9691,4846,material,602.22
9692,4846,shipping,147.44
9693,4847,material,165.9
9694,4847,shipping,30.75
9695,4848,material,178.41
9696,4848,shipping,40.19
9697,4849,material,45.11
9698,4849,shipping,12.16
9699,4850,material,428.06
9700,4850,shipping,492.42
9701,4851,material,37.98
9702,4851,shipping,11.21
9703,4852,material,315.11
9704,4852,shipping,84.71
9705,4853,material,224.85
9706,4853,shipping,184.28
9707,4854,material,637.72
9708,4854,shipping,621.7
9709,4855,material,129.62
9710,4855,shipping,28.0
9711,4856,material,14244.94
9712,4856,shipping,2067.16
9713,4857,material,31.33
9714,4857,shipping,6.35
9715,4858,material,1952.78
9716,4858,shipping,1830.58
9717,4859,material,481.25
9718,4859,shipping,164.91
9719,4860,material,19600.39
9720,4860,shipping,2595.46
9721,4861,material,171.17
9722,4861,shipping,63.22
9723,4862,material,5710.92
9724,4862,shipping,919.31
9725,4863,material,1470.04
9726,4863,shipping,1020.13
9727,4864,material,623.71
9728,4864,shipping,625.49
9729,4865,material,2284.52
9730,4865,shipping,1982.74
9731,4866,material,132.43
9732,4866,shipping,33.23
9733,4867,material,217.63
9734,4867,shipping,215.24
9735,4868,material,128.02
9736,4868,shipping,32.5
9737,4869,material,70.06
9738,4869,shipping,12.24
9739,4870,material,16.58
9740,4870,shipping,4.17
9741,4871,material,554.18
9742,4871,shipping,654.52
9743,4872,material,2115.71
9744,4872,shipping,1622.09
9745,4873,material,4364.1
9746,4873,shipping,751.32
9747,4874,material,516.2
9748,4874,shipping,513.6
9749,4875,material,427.68
9750,4875,shipping,291.21
9751,4876,material,324.4
9752,4876,shipping,72.78
9753,4877,material,11956.16
9754,4877,shipping,2107.73
9755,4878,material,175.48
9756,4878,shipping,144.09
9757,4879,material,113.16
9758,4879,shipping,29.44
9759,4880,material,541.2
9760,4880,shipping,109.03
9761,4881,material,329.74
9762,4881,shipping,100.52
9763,4882,material,2665.7
9764,4882,shipping,534.04
9765,4883,material,276.32
9766,4883,shipping,57.48
9767,4884,material,21.51
9768,4884,shipping,6.5
9769,4885,material,288.49
9770,4885,shipping,75.96
9771,4886,material,469.73
9772,4886,shipping,113.41
9773,4887,material,190.54
9774,4887,shipping,54.98
9775,4888,material,2593.49
9776,4888,shipping,586.51
9777,4889,material,233.08
9778,4889,shipping,90.85
9779,4890,material,1531.22
9780,4890,shipping,1361.37
9781,4891,material,4904.48
9782,4891,shipping,1077.3
9783,4892,material,859.45
9784,4892,shipping,670.65
9785,4893,material,326.8
9786,4893,shipping,85.33
9787,4894,material,228.54
9788,4894,shipping,47.09
9789,4895,material,3524.85
9790,4895,shipping,713.64
9791,4896,material,6751.47
9792,4896,shipping,1598.71
9793,4897,material,17.43
9794,4897,shipping,3.97
9795,4898,material,174.55
9796,4898,shipping,52.43
9797,4899,material,192.79
9798,4899,shipping,43.04
9799,4900,material,269.38
9800,4900,shipping,64.98
9801,4901,material,209.01
9802,4901,shipping,53.55
9803,4902,material,19089.33
9804,4902,shipping,4161.75
9805,4903,material,129.88
9806,4903,shipping,36.78
9807,4904,material,17292.61
9808,4904,shipping,4024.47
9809,4905,material,196.81
9810,4905,shipping,56.25
9811,4906,material,33.14
9812,4906,shipping,27.74
9813,4907,material,17914.3
9814,4907,shipping,2569.49
9815,4908,material,164.3
9816,4908,shipping,48.43
9817,4909,material,483.99
9818,4909,shipping,100.78
9819,4910,material,631.21
9820,4910,shipping,133.85
9821,4911,material,2451.01
9822,4911,shipping,2451.45
9823,4912,material,336.61
9824,4912,shipping,62.36
9825,4913,material,4379.13
9826,4913,shipping,950.28
9827,4914,material,1113.39
9828,4914,shipping,805.55
9829,4915,material,183.78
9830,4915,shipping,38.05
9831,4916,material,385.04
9832,4916,shipping,76.99
9833,4917,material,1689.69
9834,4917,shipping,279.72
9835,4918,material,119.25
9836,4918,shipping,82.05
9837,4919,material,101.6
9838,4919,shipping,22.41
9839,4920,material,573.16
9840,4920,shipping,96.12
9841,4921,material,1520.23
9842,4921,shipping,935.41
9843,4922,material,3084.49
9844,4922,shipping,2587.65
9845,4923,material,17422.33
9846,4923,shipping,3877.07
9847,4924,material,328.82
9848,4924,shipping,107.46
9849,4925,material,628.19
9850,4925,shipping,437.27
9851,4926,material,351.25
9852,4926,shipping,84.3
9853,4927,material,200.47
9854,4927,shipping,51.05
9855,4928,material,561.62
9856,4928,shipping,110.78
9857,4929,material,33.73
9858,4929,shipping,30.27
9859,4930,material,292.86
9860,4930,shipping,94.11
9861,4931,material,67.1
9862,4931,shipping,21.38
9863,4932,material,256.42
9864,4932,shipping,171.3
9865,4933,material,467.79
9866,4933,shipping,587.92
9867,4934,material,1970.61
9868,4934,shipping,1755.85
9869,4935,material,246.04
9870,4935,shipping,56.99
9871,4936,material,105.39
9872,4936,shipping,25.09
9873,4937,material,250.89
9874,4937,shipping,91.26
9875,4938,material,138.84
9876,4938,shipping,36.6
9877,4939,material,147.56
9878,4939,shipping,41.56
9879,4940,material,171.77
9880,4940,shipping,124.24
9881,4941,material,189.71
9882,4941,shipping,48.23
9883,4942,material,3717.86
9884,4942,shipping,805.45
9885,4943,material,302.6
9886,4943,shipping,71.53
9887,4944,material,420.91
9888,4944,shipping,99.2
9889,4945,material,359.75
9890,4945,shipping,75.69
9891,4946,material,168.81
9892,4946,shipping,47.71
9893,4947,material,487.9
9894,4947,shipping,142.78
9895,4948,material,2945.66
9896,4948,shipping,1954.83
9897,4949,material,1052.74
9898,4949,shipping,245.68
9899,4950,material,2447.37
9900,4950,shipping,1460.39
9901,4951,material,218.43
9902,4951,shipping,215.34
9903,4952,material,308.37
9904,4952,shipping,64.48
9905,4953,material,301.59
9906,4953,shipping,100.78
9907,4954,material,238.03
9908,4954,shipping,68.31
9909,4955,material,3009.66
9910,4955,shipping,2265.46
9911,4956,material,756.14
9912,4956,shipping,612.81
9913,4957,material,9977.73
9914,4957,shipping,2269.17
9915,4958,material,3688.55
9916,4958,shipping,2577.41
9917,4959,material,268.91
9918,4959,shipping,75.41
9919,4960,material,285.41
9920,4960,shipping,90.75
9921,4961,material,548.83
9922,4961,shipping,172.62
9923,4962,material,3826.97
9924,4962,shipping,532.96
9925,4963,material,124.74
9926,4963,shipping,25.87
9927,4964,material,3454.23
9928,4964,shipping,570.42
9929,4965,material,87.1
9930,4965,shipping,25.93
9931,4966,material,133.16
9932,4966,shipping,30.95
9933,4967,material,325.95
9934,4967,shipping,99.61
9935,4968,material,582.54
9936,4968,shipping,561.61
9937,4969,material,4894.22
9938,4969,shipping,974.07
9939,4970,material,404.1
9940,4970,shipping,92.7
9941,4971,material,571.32
9942,4971,shipping,146.48
9943,4972,material,342.57
9944,4972,shipping,320.39
9945,4973,material,32.67
9946,4973,shipping,38.98
9947,4974,material,2438.84
9948,4974,shipping,480.11
9949,4975,material,324.62
9950,4975,shipping,70.0
9951,4976,material,172.33
9952,4976,shipping,178.87
9953,4977,material,5587.65
9954,4977,shipping,1184.91
9955,4978,material,206.06
9956,4978,shipping,58.75
9957,4979,material,2789.17
9958,4979,shipping,1635.45
9959,4980,material,217.14
9960,4980,shipping,63.29
9961,4981,material,1400.53
9962,4981,shipping,248.9
9963,4982,material,317.49
9964,4982,shipping,71.84
9965,4983,material,250.25
9966,4983,shipping,48.82
9967,4984,material,5472.3
9968,4984,shipping,907.05
9969,4985,material,14163.85
9970,4985,shipping,2655.12
9971,4986,material,57.94
9972,4986,shipping,10.25
9973,4987,material,333.64
9974,4987,shipping,82.94
9975,4988,material,735.91
9976,4988,shipping,680.43
9977,4989,material,441.69
9978,4989,shipping,309.74
9979,4990,material,55.12
9980,4990,shipping,15.65
9981,4991,material,296.65
9982,4991,shipping,234.05
9983,4992,material,139.93
9984,4992,shipping,45.54
9985,4993,material,18139.22
9986,4993,shipping,3167.41
9987,4994,material,12807.32
9988,4994,shipping,2193.09
9989,4995,material,384.29
9990,4995,shipping,106.53
9991,4996,material,895.97
9992,4996,shipping,221.71
9993,4997,material,2089.0
9994,4997,shipping,333.64
9995,4998,material,12079.33
9996,4998,shipping,1645.35
9997,4999,material,5415.04
9998,4999,shipping,1356.24
9999,5000,material,810.13
10000,5000,shipping,237.7
10001,5001,material,270.5
10002,5001,shipping,50.76
10003,5002,material,4637.16
10004,5002,shipping,1105.36
10005,5003,material,6352.29
10006,5003,shipping,1142.0
10007,5004,material,325.31
10008,5004,shipping,83.43
10009,5005,material,152.99
10010,5005,shipping,43.38
10011,5006,material,384.06
10012,5006,shipping,95.39
10013,5007,material,228.41
10014,5007,shipping,167.68
10015,5008,material,35.43
10016,5008,shipping,23.22
10017,5009,material,2422.72
10018,5009,shipping,1785.29
10019,5010,material,189.15
10020,5010,shipping,57.57
10021,5011,material,1979.53
10022,5011,shipping,1146.92
10023,5012,material,463.87
10024,5012,shipping,400.17
10025,5013,material,277.79
10026,5013,shipping,91.09
10027,5014,material,4291.84
10028,5014,shipping,962.55
10029,5015,material,52.57
10030,5015,shipping,10.93
10031,5016,material,1277.24
10032,5016,shipping,923.36
10033,5017,material,368.57
10034,5017,shipping,90.4
10035,5018,material,148.02
10036,5018,shipping,35.35
10037,5019,material,430.12
10038,5019,shipping,107.83
10039,5020,material,5644.8
10040,5020,shipping,1304.81
10041,5021,material,3605.13
10042,5021,shipping,536.48
10043,5022,material,665.46
10044,5022,shipping,716.28
10045,5023,material,212.21
10046,5023,shipping,171.84
10047,5024,material,453.44
10048,5024,shipping,326.82
10049,5025,material,405.68
10050,5025,shipping,481.05
10051,5026,material,285.45
10052,5026,shipping,95.71
10053,5027,material,603.15
10054,5027,shipping,572.96
10055,5028,material,1602.0
10056,5028,shipping,353.82
10057,5029,material,1072.54
10058,5029,shipping,972.01
10059,5030,material,182.07
10060,5030,shipping,136.86
10061,5031,material,1559.46
10062,5031,shipping,1162.41
10063,5032,material,5827.11
10064,5032,shipping,1480.93
10065,5033,material,556.87
10066,5033,shipping,323.15
10067,5034,material,181.71
10068,5034,shipping,36.11
10069,5035,material,44.65
10070,5035,shipping,10.08
10071,5036,material,3331.79
10072,5036,shipping,1900.92
10073,5037,material,3014.17
10074,5037,shipping,501.96
10075,5038,material,2459.1
10076,5038,shipping,1989.12
10077,5039,material,38.07
10078,5039,shipping,8.1
10079,5040,material,268.14
10080,5040,shipping,92.33
10081,5041,material,550.71
10082,5041,shipping,380.38
10083,5042,material,1184.79
10084,5042,shipping,286.39
10085,5043,material,1392.99
10086,5043,shipping,1090.88
10087,5044,material,30.79
10088,5044,shipping,8.81
10089,5045,material,387.38
10090,5045,shipping,100.46
10091,5046,material,619.52
10092,5046,shipping,131.24
10093,5047,material,543.01
10094,5047,shipping,192.95
10095,5048,material,292.96
10096,5048,shipping,67.74
10097,5049,material,22911.11
10098,5049,shipping,4520.79
10099,5050,material,430.3
10100,5050,shipping,362.07
10101,5051,material,1094.88
10102,5051,shipping,962.73
10103,5052,material,6124.63
10104,5052,shipping,979.33
10105,5053,material,333.45
10106,5053,shipping,76.55
10107,5054,material,686.98
10108,5054,shipping,684.15
10109,5055,material,603.09
10110,5055,shipping,186.82
10111,5056,material,266.99
10112,5056,shipping,85.71
10113,5057,material,314.65
10114,5057,shipping,97.15
10115,5058,material,372.4
10116,5058,shipping,94.3
10117,5059,material,453.88
10118,5059,shipping,121.99
10119,5060,material,2870.34
10120,5060,shipping,3083.47
10121,5061,material,9512.12
10122,5061,shipping,1283.0
10123,5062,material,3394.04
10124,5062,shipping,535.79
10125,5063,material,937.8
10126,5063,shipping,266.78
10127,5064,material,661.13
10128,5064,shipping,158.77
10129,5065,material,2976.46
10130,5065,shipping,465.2
10131,5066,material,16.82
10132,5066,shipping,3.68
10133,5067,material,608.48
10134,5067,shipping,567.15
10135,5068,material,217.52
10136,5068,shipping,49.1
10137,5069,material,3742.43
10138,5069,shipping,1123.83
10139,5070,material,20587.31
10140,5070,shipping,2889.57
10141,5071,material,376.04
10142,5071,shipping,290.25
10143,5072,material,667.25
10144,5072,shipping,802.61
10145,5073,material,3050.21
10146,5073,shipping,2084.39
10147,5074,material,299.47
10148,5074,shipping,348.02
10149,5075,material,240.15
10150,5075,shipping,62.82
10151,5076,material,499.69
10152,5076,shipping,166.34
10153,5077,material,3366.28
10154,5077,shipping,2110.98
10155,5078,material,122.66
10156,5078,shipping,38.48
10157,5079,material,3432.45
10158,5079,shipping,591.69
10159,5080,material,217.55
10160,5080,shipping,62.31
10161,5081,material,91.44
10162,5081,shipping,28.6
10163,5082,material,496.96
10164,5082,shipping,532.99
10165,5083,material,290.35
10166,5083,shipping,96.8
10167,5084,material,6838.75
10168,5084,shipping,1316.28
10169,5085,material,337.67
10170,5085,shipping,98.88
10171,5086,material,452.83
10172,5086,shipping,120.67
10173,5087,material,6417.81
10174,5087,shipping,1236.12
10175,5088,material,170.88
10176,5088,shipping,44.63
10177,5089,material,257.12
10178,5089,shipping,95.74
10179,5090,material,274.2
10180,5090,shipping,61.68
10181,5091,material,125.25
10182,5091,shipping,39.46
10183,5092,material,485.29
10184,5092,shipping,97.6
10185,5093,material,108.68
10186,5093,shipping,24.87
10187,5094,material,453.13
10188,5094,shipping,151.48
10189,5095,material,2419.86
10190,5095,shipping,336.62
10191,5096,material,287.12
10192,5096,shipping,190.88
10193,5097,material,290.99
10194,5097,shipping,85.28
10195,5098,material,1553.24
10196,5098,shipping,955.52
10197,5099,material,168.77
10198,5099,shipping,45.01
10199,5100,material,3900.81
10200,5100,shipping,1100.35
10201,5101,material,679.96
10202,5101,shipping,160.02
10203,5102,material,4610.54
10204,5102,shipping,1011.98
10205,5103,material,1401.09
10206,5103,shipping,762.24
10207,5104,material,4354.49
10208,5104,shipping,671.99
10209,5105,material,185.68
10210,5105,shipping,60.61
10211,5106,material,525.14
10212,5106,shipping,324.17
10213,5107,material,372.78
10214,5107,shipping,401.62
10215,5108,material,712.29
10216,5108,shipping,690.35
10217,5109,material,1293.04
10218,5109,shipping,1049.37
10219,5110,material,113.16
10220,5110,shipping,30.21
10221,5111,material,4336.99
10222,5111,shipping,823.73
10223,5112,material,428.34
10224,5112,shipping,432.28
10225,5113,material,1458.42
10226,5113,shipping,773.64
10227,5114,material,389.13
10228,5114,shipping,85.5
10229,5115,material,2809.58
10230,5115,shipping,2002.07
10231,5116,material,140.55
10232,5116,shipping,47.25
10233,5117,material,2303.14
10234,5117,shipping,392.08
10235,5118,material,359.26
10236,5118,shipping,125.39
10237,5119,material,284.22
10238,5119,shipping,81.4
10239,5120,material,19.49
10240,5120,shipping,4.71
10241,5121,material,981.97
10242,5121,shipping,198.85
10243,5122,material,1242.14
10244,5122,shipping,226.17
10245,5123,material,8358.94
10246,5123,shipping,1407.39
10247,5124,material,325.58
10248,5124,shipping,84.82
10249,5125,material,220.5
10250,5125,shipping,72.39
10251,5126,material,23.59
10252,5126,shipping,5.79
10253,5127,material,2053.56
10254,5127,shipping,365.2
10255,5128,material,756.8
10256,5128,shipping,257.72
10257,5129,material,61.88
10258,5129,shipping,17.53
10259,5130,material,1934.97
10260,5130,shipping,1462.78
10261,5131,material,360.42
10262,5131,shipping,89.48
10263,5132,material,3358.18
10264,5132,shipping,598.39
10265,5133,material,2402.54
10266,5133,shipping,567.99
10267,5134,material,306.96
10268,5134,shipping,62.12
10269,5135,material,6297.58
10270,5135,shipping,1309.66
10271,5136,material,334.54
10272,5136,shipping,82.43
10273,5137,material,253.14
10274,5137,shipping,89.74
10275,5138,material,568.47
10276,5138,shipping,205.05
10277,5139,material,24092.34
10278,5139,shipping,4407.38
10279,5140,material,170.36
10280,5140,shipping,50.39
10281,5141,material,449.24
10282,5141,shipping,123.64
10283,5142,material,34.11
10284,5142,shipping,37.43
10285,5143,material,626.66
10286,5143,shipping,441.09
10287,5144,material,224.09
10288,5144,shipping,76.16
10289,5145,material,2454.3
10290,5145,shipping,1535.75
10291,5146,material,271.61
10292,5146,shipping,216.88
10293,5147,material,34.34
10294,5147,shipping,42.82
10295,5148,material,984.85
10296,5148,shipping,283.15
10297,5149,material,12852.13
10298,5149,shipping,1849.67
10299,5150,material,25152.89
10300,5150,shipping,3720.1
10301,5151,material,284.67
10302,5151,shipping,251.45
10303,5152,material,661.09
10304,5152,shipping,196.42
10305,5153,material,256.95
10306,5153,shipping,56.97
10307,5154,material,2382.43
10308,5154,shipping,377.34
10309,5155,material,766.46
10310,5155,shipping,545.99
10311,5156,material,6505.79
10312,5156,shipping,1452.33
10313,5157,material,523.02
10314,5157,shipping,139.83
10315,5158,material,194.04
10316,5158,shipping,46.77
10317,5159,material,86.16
10318,5159,shipping,22.3
10319,5160,material,154.92
10320,5160,shipping,37.4
10321,5161,material,125.79
10322,5161,shipping,29.48
10323,5162,material,399.2
10324,5162,shipping,77.9
10325,5163,material,69.44
10326,5163,shipping,19.91
10327,5164,material,9457.7
10328,5164,shipping,1795.63
10329,5165,material,471.47
10330,5165,shipping,486.02
10331,5166,material,186.11
10332,5166,shipping,53.44
10333,5167,material,616.34
10334,5167,shipping,502.28
10335,5168,material,5015.81
10336,5168,shipping,1078.33
10337,5169,material,35.02
10338,5169,shipping,26.91
10339,5170,material,4110.21
10340,5170,shipping,796.46
10341,5171,material,1003.99
10342,5171,shipping,144.21
10343,5172,material,517.01
10344,5172,shipping,546.61
10345,5173,material,35.56
10346,5173,shipping,7.39
10347,5174,material,808.36
10348,5174,shipping,218.91
10349,5175,material,8033.9
10350,5175,shipping,1749.66
10351,5176,material,164.05
10352,5176,shipping,49.62
10353,5177,material,101.66
10354,5177,shipping,97.99
10355,5178,material,229.63
10356,5178,shipping,49.87
10357,5179,material,379.37
10358,5179,shipping,415.14
10359,5180,material,298.35
10360,5180,shipping,91.41
10361,5181,material,5086.86
10362,5181,shipping,1237.64
10363,5182,material,3149.13
10364,5182,shipping,2298.05
10365,5183,material,1866.94
10366,5183,shipping,1023.96
10367,5184,material,23725.12
10368,5184,shipping,3540.94
10369,5185,material,291.62
10370,5185,shipping,100.79
10371,5186,material,9852.72
10372,5186,shipping,2022.81
10373,5187,material,232.82
10374,5187,shipping,54.67
10375,5188,material,163.96
10376,5188,shipping,36.74
10377,5189,material,1001.57
10378,5189,shipping,257.92
10379,5190,material,9041.53
10380,5190,shipping,1947.7
10381,5191,material,107.63
10382,5191,shipping,110.16
10383,5192,material,3826.08
10384,5192,shipping,2318.31
10385,5193,material,475.76
10386,5193,shipping,117.57
10387,5194,material,204.39
10388,5194,shipping,247.53
10389,5195,material,113.99
10390,5195,shipping,20.7
10391,5196,material,161.39
10392,5196,shipping,52.24
10393,5197,material,203.47
10394,5197,shipping,59.24
10395,5198,material,230.9
10396,5198,shipping,71.38
10397,5199,material,86.65
10398,5199,shipping,30.42
10399,5200,material,188.45
10400,5200,shipping,43.38
10401,5201,material,12786.23
10402,5201,shipping,2563.67
10403,5202,material,4693.81
10404,5202,shipping,1212.25
10405,5203,material,194.15
10406,5203,shipping,57.0
10407,5204,material,1876.62
10408,5204,shipping,1369.51
10409,5205,material,109.68
10410,5205,shipping,25.63
10411,5206,material,300.79
10412,5206,shipping,70.81
10413,5207,material,32.69
10414,5207,shipping,6.89
10415,5208,material,302.99
10416,5208,shipping,63.94
10417,5209,material,20602.57
10418,5209,shipping,5518.26
10419,5210,material,4555.05
10420,5210,shipping,1057.89
10421,5211,material,9643.61
10422,5211,shipping,2229.49
10423,5212,material,2450.72
10424,5212,shipping,1412.34
10425,5213,material,61.77
10426,5213,shipping,20.21
10427,5214,material,857.83
10428,5214,shipping,479.97
10429,5215,material,359.22
10430,5215,shipping,122.79
10431,5216,material,7770.72
10432,5216,shipping,1179.3
10433,5217,material,324.41
10434,5217,shipping,304.18
10435,5218,material,936.5
10436,5218,shipping,880.33
10437,5219,material,275.76
10438,5219,shipping,65.23
10439,5220,material,1941.87
10440,5220,shipping,1618.58
10441,5221,material,356.04
10442,5221,shipping,118.74
10443,5222,material,18598.2
10444,5222,shipping,3039.04
10445,5223,material,14801.74
10446,5223,shipping,3038.24
10447,5224,material,492.95
10448,5224,shipping,139.61
10449,5225,material,702.29
10450,5225,shipping,737.03
10451,5226,material,184.07
10452,5226,shipping,36.28
10453,5227,material,3868.5
10454,5227,shipping,761.58
10455,5228,material,76.83
10456,5228,shipping,18.58
10457,5229,material,3500.71
10458,5229,shipping,1963.3
10459,5230,material,158.77
10460,5230,shipping,31.93
10461,5231,material,10084.89
10462,5231,shipping,1755.5
10463,5232,material,339.54
10464,5232,shipping,349.23
10465,5233,material,216.54
10466,5233,shipping,74.94
10467,5234,material,443.89
10468,5234,shipping,438.24
10469,5235,material,866.17
10470,5235,shipping,165.14
10471,5236,material,3262.97
10472,5236,shipping,718.89
10473,5237,material,52.8
10474,5237,shipping,16.3
10475,5238,material,133.57
10476,5238,shipping,115.54
10477,5239,material,521.58
10478,5239,shipping,377.93
10479,5240,material,538.57
10480,5240,shipping,123.07
10481,5241,material,1093.61
10482,5241,shipping,187.43
10483,5242,material,381.33
10484,5242,shipping,107.71
10485,5243,material,434.27
10486,5243,shipping,92.9
10487,5244,material,12802.15
10488,5244,shipping,1921.45
10489,5245,material,8234.59
10490,5245,shipping,1448.19
10491,5246,material,327.7
10492,5246,shipping,69.98
10493,5247,material,215.37
10494,5247,shipping,59.15
10495,5248,material,423.59
10496,5248,shipping,356.19
10497,5249,material,8121.55
10498,5249,shipping,1252.49
10499,5250,material,277.0
10500,5250,shipping,52.13
10501,5251,material,142.07
10502,5251,shipping,39.95
10503,5252,material,649.22
10504,5252,shipping,190.93
10505,5253,material,362.61
10506,5253,shipping,242.63
10507,5254,material,288.5
10508,5254,shipping,198.5
10509,5255,material,351.31
10510,5255,shipping,368.3
10511,5256,material,513.03
10512,5256,shipping,571.52
10513,5257,material,591.74
10514,5257,shipping,650.31
10515,5258,material,510.98
10516,5258,shipping,546.17
10517,5259,material,21.21
10518,5259,shipping,7.7
10519,5260,material,654.47
10520,5260,shipping,107.49
10521,5261,material,792.52
10522,5261,shipping,171.08
10523,5262,material,74.69
10524,5262,shipping,21.17
10525,5263,material,4817.32
10526,5263,shipping,709.32
10527,5264,material,435.68
10528,5264,shipping,92.46
10529,5265,material,685.7
10530,5265,shipping,783.32
10531,5266,material,940.99
10532,5266,shipping,178.77
10533,5267,material,2069.43
10534,5267,shipping,408.44
10535,5268,material,162.69
10536,5268,shipping,29.79
10537,5269,material,91.41
10538,5269,shipping,41.71
10539,5270,material,468.69
10540,5270,shipping,156.47
10541,5271,material,125.33
10542,5271,shipping,33.09
10543,5272,material,4792.34
10544,5272,shipping,762.06
10545,5273,material,197.25
10546,5273,shipping,67.36
10547,5274,material,349.1
10548,5274,shipping,316.43
10549,5275,material,18617.64
10550,5275,shipping,2660.05
10551,5276,material,328.66
10552,5276,shipping,87.76
10553,5277,material,275.84
10554,5277,shipping,74.59
10555,5278,material,241.21
10556,5278,shipping,62.59
10557,5279,material,2124.13
10558,5279,shipping,1941.85
10559,5280,material,560.85
10560,5280,shipping,175.59
10561,5281,material,217.51
10562,5281,shipping,61.21
10563,5282,material,5689.59
10564,5282,shipping,769.44
10565,5283,material,31.78
10566,5283,shipping,6.79
10567,5284,material,11502.49
10568,5284,shipping,1864.81
10569,5285,material,297.04
10570,5285,shipping,68.33
10571,5286,material,138.5
10572,5286,shipping,163.33
10573,5287,material,144.67
10574,5287,shipping,43.65
10575,5288,material,159.26
10576,5288,shipping,45.19
10577,5289,material,110.48
10578,5289,shipping,21.9
10579,5290,material,4440.36
10580,5290,shipping,835.34
10581,5291,material,1655.69
10582,5291,shipping,1205.29
10583,5292,material,587.34
10584,5292,shipping,582.92
10585,5293,material,3693.79
10586,5293,shipping,511.64
10587,5294,material,2497.82
10588,5294,shipping,558.3
10589,5295,material,93.44
10590,5295,shipping,26.32
10591,5296,material,2462.3
10592,5296,shipping,1346.16
10593,5297,material,139.35
10594,5297,shipping,43.89
10595,5298,material,321.16
10596,5298,shipping,114.6
10597,5299,material,656.23
10598,5299,shipping,739.26
10599,5300,material,12451.37
10600,5300,shipping,1936.69
10601,5301,material,1817.21
10602,5301,shipping,1031.86
10603,5302,material,38.25
10604,5302,shipping,32.99
10605,5303,material,358.62
10606,5303,shipping,86.84
10607,5304,material,61.29
10608,5304,shipping,22.59
10609,5305,material,1133.76
10610,5305,shipping,799.33
10611,5306,material,725.64
10612,5306,shipping,152.23
10613,5307,material,5580.61
10614,5307,shipping,1218.46
10615,5308,material,5977.76
10616,5308,shipping,943.78
10617,5309,material,269.57
10618,5309,shipping,81.02
10619,5310,material,3599.75
10620,5310,shipping,704.59
10621,5311,material,540.81
10622,5311,shipping,299.59
10623,5312,material,1959.61
10624,5312,shipping,1110.38
10625,5313,material,74.86
10626,5313,shipping,86.51
10627,5314,material,1924.76
10628,5314,shipping,390.26
10629,5315,material,183.03
10630,5315,shipping,45.92
10631,5316,material,1695.12
10632,5316,shipping,318.81
10633,5317,material,20768.82
10634,5317,shipping,4680.59
10635,5318,material,860.27
10636,5318,shipping,164.54
10637,5319,material,14048.65
10638,5319,shipping,2805.42
10639,5320,material,811.36
10640,5320,shipping,181.46
10641,5321,material,3516.17
10642,5321,shipping,3184.59
10643,5322,material,4633.19
10644,5322,shipping,833.71
10645,5323,material,2114.05
10646,5323,shipping,471.74
10647,5324,material,108.26
10648,5324,shipping,35.76
10649,5325,material,409.79
10650,5325,shipping,138.46
10651,5326,material,463.51
10652,5326,shipping,138.3
10653,5327,material,16.13
10654,5327,shipping,5.96
10655,5328,material,974.38
10656,5328,shipping,268.05
10657,5329,material,2157.53
10658,5329,shipping,416.78
10659,5330,material,1824.17
10660,5330,shipping,1515.49
10661,5331,material,400.64
10662,5331,shipping,82.85
10663,5332,material,175.93
10664,5332,shipping,42.22
10665,5333,material,223.43
10666,5333,shipping,67.44
10667,5334,material,875.87
10668,5334,shipping,172.65
10669,5335,material,598.09
10670,5335,shipping,118.31
10671,5336,material,114.94
10672,5336,shipping,33.91
10673,5337,material,5694.27
10674,5337,shipping,1017.85
10675,5338,material,1079.64
10676,5338,shipping,273.59
10677,5339,material,3198.14
10678,5339,shipping,2238.4
10679,5340,material,669.59
10680,5340,shipping,229.62
10681,5341,material,700.31
10682,5341,shipping,465.35
10683,5342,material,285.26
10684,5342,shipping,67.2
10685,5343,material,334.43
10686,5343,shipping,58.11
10687,5344,material,205.87
10688,5344,shipping,63.27
10689,5345,material,174.26
10690,5345,shipping,44.76
10691,5346,material,5440.79
10692,5346,shipping,974.87
10693,5347,material,16255.47
10694,5347,shipping,3273.43
10695,5348,material,34.83
10696,5348,shipping,9.65
10697,5349,material,528.2
10698,5349,shipping,168.61
10699,5350,material,5803.16
10700,5350,shipping,1245.84
10701,5351,material,292.7
10702,5351,shipping,86.02
10703,5352,material,112.49
10704,5352,shipping,38.22
10705,5353,material,262.42
10706,5353,shipping,63.09
10707,5354,material,332.27
10708,5354,shipping,70.13
10709,5355,material,379.87
10710,5355,shipping,126.52
10711,5356,material,134.38
10712,5356,shipping,46.41
10713,5357,material,400.46
10714,5357,shipping,95.98
10715,5358,material,3608.76
10716,5358,shipping,2228.0
10717,5359,material,154.47
10718,5359,shipping,56.36
10719,5360,material,4703.66
10720,5360,shipping,1051.55
10721,5361,material,558.08
10722,5361,shipping,612.9
10723,5362,material,1335.98
10724,5362,shipping,736.3
10725,5363,material,267.76
10726,5363,shipping,85.41
10727,5364,material,843.38
10728,5364,shipping,183.25
10729,5365,material,320.49
10730,5365,shipping,88.97
10731,5366,material,2184.18
10732,5366,shipping,1901.87
10733,5367,material,5206.36
10734,5367,shipping,1139.42
10735,5368,material,319.73
10736,5368,shipping,54.76
10737,5369,material,3238.93
10738,5369,shipping,1898.95
10739,5370,material,3115.15
10740,5370,shipping,657.4
10741,5371,material,310.69
10742,5371,shipping,69.18
10743,5372,material,211.46
10744,5372,shipping,189.12
10745,5373,material,2498.51
10746,5373,shipping,1920.74
10747,5374,material,12760.05
10748,5374,shipping,2307.03
10749,5375,material,283.01
10750,5375,shipping,67.52
10751,5376,material,559.24
10752,5376,shipping,643.89
10753,5377,material,1060.44
10754,5377,shipping,226.73
10755,5378,material,639.43
10756,5378,shipping,755.73
10757,5379,material,283.87
10758,5379,shipping,52.19
10759,5380,material,20856.46
10760,5380,shipping,3319.64
10761,5381,material,332.16
10762,5381,shipping,359.99
10763,5382,material,180.62
10764,5382,shipping,42.87
10765,5383,material,7985.13
10766,5383,shipping,1295.96
10767,5384,material,295.98
10768,5384,shipping,73.07
10769,5385,material,359.43
10770,5385,shipping,102.35
10771,5386,material,210.8
10772,5386,shipping,209.06
10773,5387,material,341.58
10774,5387,shipping,72.42
10775,5388,material,410.87
10776,5388,shipping,133.2
10777,5389,material,381.45
10778,5389,shipping,302.94
10779,5390,material,179.66
10780,5390,shipping,49.92
10781,5391,material,2339.85
10782,5391,shipping,421.01
10783,5392,material,14371.25
10784,5392,shipping,1954.64
10785,5393,material,12414.71
10786,5393,shipping,1710.27
10787,5394,material,551.66
10788,5394,shipping,154.9
10789,5395,material,311.35
10790,5395,shipping,83.88
10791,5396,material,2735.92
10792,5396,shipping,1790.12
10793,5397,material,17040.39
10794,5397,shipping,3272.11
10795,5398,material,3402.93
10796,5398,shipping,808.26
10797,5399,material,328.8
10798,5399,shipping,112.36
10799,5400,material,526.9
10800,5400,shipping,118.7
10801,5401,material,65.63
10802,5401,shipping,21.04
10803,5402,material,140.86
10804,5402,shipping,30.61
10805,5403,material,5288.25
10806,5403,shipping,885.67
10807,5404,material,357.07
10808,5404,shipping,104.57
10809,5405,material,1179.72
10810,5405,shipping,975.22
10811,5406,material,386.21
10812,5406,shipping,84.52
10813,5407,material,146.67
10814,5407,shipping,118.82
10815,5408,material,380.72
10816,5408,shipping,121.16
10817,5409,material,1635.77
10818,5409,shipping,1191.35
10819,5410,material,327.16
10820,5410,shipping,66.26
10821,5411,material,20920.98
10822,5411,shipping,3360.68
10823,5412,material,13236.42
10824,5412,shipping,2545.53
10825,5413,material,3012.36
10826,5413,shipping,1863.28
10827,5414,material,489.34
10828,5414,shipping,134.44
10829,5415,material,1737.97
10830,5415,shipping,1604.83
10831,5416,material,333.55
10832,5416,shipping,262.95
10833,5417,material,95.83
10834,5417,shipping,21.6
10835,5418,material,3416.74
10836,5418,shipping,590.45
10837,5419,material,325.3
10838,5419,shipping,117.36
10839,5420,material,52.5
10840,5420,shipping,13.01
10841,5421,material,1071.19
10842,5421,shipping,1001.19
10843,5422,material,2165.86
10844,5422,shipping,1791.66
10845,5423,material,4960.79
10846,5423,shipping,1055.71
10847,5424,material,616.13
10848,5424,shipping,657.55
10849,5425,material,658.71
10850,5425,shipping,196.62
10851,5426,material,221.39
10852,5426,shipping,77.49
10853,5427,material,323.52
10854,5427,shipping,81.89
10855,5428,material,49.67
10856,5428,shipping,12.23
10857,5429,material,5970.54
10858,5429,shipping,1165.5
10859,5430,material,727.29
10860,5430,shipping,835.67
10861,5431,material,1234.0
10862,5431,shipping,163.58
10863,5432,material,283.89
10864,5432,shipping,228.47
10865,5433,material,266.75
10866,5433,shipping,71.97
10867,5434,material,150.24
10868,5434,shipping,121.55
10869,5435,material,1872.3
10870,5435,shipping,1611.93
10871,5436,material,437.01
10872,5436,shipping,517.57
10873,5437,material,289.13
10874,5437,shipping,72.83
10875,5438,material,404.59
10876,5438,shipping,443.43
10877,5439,material,261.6
10878,5439,shipping,198.08
10879,5440,material,614.92
10880,5440,shipping,145.56
10881,5441,material,22523.7
10882,5441,shipping,3965.55
10883,5442,material,2374.53
10884,5442,shipping,546.6
10885,5443,material,360.74
10886,5443,shipping,102.6
10887,5444,material,3240.21
10888,5444,shipping,493.52
10889,5445,material,2041.67
10890,5445,shipping,1368.86
10891,5446,material,69.3
10892,5446,shipping,16.03
10893,5447,material,211.19
10894,5447,shipping,196.55
10895,5448,material,78.88
10896,5448,shipping,63.5
10897,5449,material,588.61
10898,5449,shipping,185.72
10899,5450,material,255.68
10900,5450,shipping,74.91
10901,5451,material,12774.95
10902,5451,shipping,1759.11
10903,5452,material,1571.74
10904,5452,shipping,311.5
10905,5453,material,297.82
10906,5453,shipping,66.06
10907,5454,material,70.95
10908,5454,shipping,17.25
10909,5455,material,5064.96
10910,5455,shipping,888.92
10911,5456,material,912.56
10912,5456,shipping,200.22
10913,5457,material,3244.92
10914,5457,shipping,2385.99
10915,5458,material,384.05
10916,5458,shipping,262.54
10917,5459,material,306.4
10918,5459,shipping,248.1
10919,5460,material,590.26
10920,5460,shipping,708.05
10921,5461,material,338.34
10922,5461,shipping,71.91
10923,5462,material,931.99
10924,5462,shipping,262.4
10925,5463,material,5467.89
10926,5463,shipping,1170.29
10927,5464,material,350.63
10928,5464,shipping,312.15
10929,5465,material,918.89
10930,5465,shipping,165.3
10931,5466,material,23.02
10932,5466,shipping,7.27
10933,5467,material,237.08
10934,5467,shipping,77.51
10935,5468,material,36.85
10936,5468,shipping,34.68
10937,5469,material,474.99
10938,5469,shipping,123.37
10939,5470,material,9749.13
10940,5470,shipping,1807.79
10941,5471,material,176.3
10942,5471,shipping,51.49
10943,5472,material,253.68
10944,5472,shipping,77.94
10945,5473,material,214.2
10946,5473,shipping,63.45
10947,5474,material,558.13
10948,5474,shipping,120.06
10949,5475,material,11345.98
10950,5475,shipping,2178.01
10951,5476,material,3041.44
10952,5476,shipping,1691.35
10953,5477,material,4468.38
10954,5477,shipping,1044.94
10955,5478,material,21514.28
10956,5478,shipping,3748.74
10957,5479,material,2634.51
10958,5479,shipping,549.01
10959,5480,material,282.32
10960,5480,shipping,67.54
10961,5481,material,857.59
10962,5481,shipping,524.55
10963,5482,material,259.16
10964,5482,shipping,59.71
10965,5483,material,963.76
10966,5483,shipping,294.91
10967,5484,material,23166.05
10968,5484,shipping,3954.81
10969,5485,material,101.42
10970,5485,shipping,21.14
10971,5486,material,252.12
10972,5486,shipping,52.03
10973,5487,material,4489.8
10974,5487,shipping,873.84
10975,5488,material,245.4
10976,5488,shipping,69.77
10977,5489,material,3645.6
10978,5489,shipping,2211.53
10979,5490,material,2809.99
10980,5490,shipping,532.77
10981,5491,material,805.2
10982,5491,shipping,625.22
10983,5492,material,2016.21
10984,5492,shipping,1238.56
10985,5493,material,355.22
10986,5493,shipping,326.73
10987,5494,material,6728.3
10988,5494,shipping,1140.44
10989,5495,material,668.19
10990,5495,shipping,202.07
10991,5496,material,2339.18
10992,5496,shipping,509.15
10993,5497,material,22447.02
10994,5497,shipping,3258.18
10995,5498,material,269.96
10996,5498,shipping,99.5
10997,5499,material,414.94
10998,5499,shipping,113.85
10999,5500,material,218.49
11000,5500,shipping,48.8
11001,5501,material,2398.05
11002,5501,shipping,444.06
11003,5502,material,266.79
11004,5502,shipping,61.68
11005,5503,material,6052.24
11006,5503,shipping,1098.46
11007,5504,material,352.08
11008,5504,shipping,348.13
11009,5505,material,2165.63
11010,5505,shipping,504.68
11011,5506,material,2574.66
11012,5506,shipping,1953.81
11013,5507,material,443.67
11014,5507,shipping,108.07
11015,5508,material,7392.8
11016,5508,shipping,1521.42
11017,5509,material,539.68
11018,5509,shipping,448.5
11019,5510,material,213.82
11020,5510,shipping,67.24
11021,5511,material,4942.78
11022,5511,shipping,833.2
11023,5512,material,938.82
11024,5512,shipping,798.46
11025,5513,material,364.69
11026,5513,shipping,106.4
11027,5514,material,680.71
11028,5514,shipping,545.22
11029,5515,material,336.27
11030,5515,shipping,45.56
11031,5516,material,1987.15
11032,5516,shipping,1834.25
11033,5517,material,88.94
11034,5517,shipping,21.39
11035,5518,material,233.23
11036,5518,shipping,64.23
11037,5519,material,2594.07
11038,5519,shipping,374.39
11039,5520,material,3835.67
11040,5520,shipping,852.84
11041,5521,material,965.85
11042,5521,shipping,519.98
11043,5522,material,357.78
11044,5522,shipping,85.01
11045,5523,material,457.83
11046,5523,shipping,154.33
11047,5524,material,3084.76
11048,5524,shipping,550.8
11049,5525,material,118.25
11050,5525,shipping,110.24
11051,5526,material,18.41
11052,5526,shipping,5.3
11053,5527,material,16792.92
11054,5527,shipping,3333.96
11055,5528,material,887.03
11056,5528,shipping,257.69
11057,5529,material,242.17
11058,5529,shipping,55.85
11059,5530,material,177.7
11060,5530,shipping,53.89
11061,5531,material,4634.15
11062,5531,shipping,1080.89
11063,5532,material,369.32
11064,5532,shipping,92.66
11065,5533,material,272.11
11066,5533,shipping,59.8
11067,5534,material,159.7
11068,5534,shipping,38.23
11069,5535,material,428.14
11070,5535,shipping,358.7
11071,5536,material,979.13
11072,5536,shipping,183.32
11073,5537,material,70.08
11074,5537,shipping,55.8
11075,5538,material,2786.22
11076,5538,shipping,560.44
11077,5539,material,130.93
11078,5539,shipping,34.88
11079,5540,material,3265.42
11080,5540,shipping,736.06
11081,5541,material,341.64
11082,5541,shipping,87.55
11083,5542,material,359.89
11084,5542,shipping,344.5
11085,5543,material,2399.1
11086,5543,shipping,1430.87
11087,5544,material,110.07
11088,5544,shipping,21.78
11089,5545,material,251.09
11090,5545,shipping,53.42
11091,5546,material,57.81
11092,5546,shipping,15.95
11093,5547,material,853.84
11094,5547,shipping,177.07
11095,5548,material,369.25
11096,5548,shipping,123.24
11097,5549,material,2486.25
11098,5549,shipping,550.09
11099,5550,material,2969.24
11100,5550,shipping,2172.37
11101,5551,material,390.95
11102,5551,shipping,141.18
11103,5552,material,393.74
11104,5552,shipping,114.21
11105,5553,material,796.24
11106,5553,shipping,702.79
11107,5554,material,241.33
11108,5554,shipping,58.94
11109,5555,material,4371.94
11110,5555,shipping,711.93
11111,5556,material,859.02
11112,5556,shipping,146.82
11113,5557,material,299.01
11114,5557,shipping,79.98
11115,5558,material,452.37
11116,5558,shipping,147.69
11117,5559,material,15935.46
11118,5559,shipping,4287.33
11119,5560,material,896.38
11120,5560,shipping,204.15
11121,5561,material,5219.73
11122,5561,shipping,931.32
11123,5562,material,4245.68
11124,5562,shipping,660.14
11125,5563,material,4715.94
11126,5563,shipping,1074.16
11127,5564,material,1428.39
11128,5564,shipping,834.7
11129,5565,material,616.78
11130,5565,shipping,168.2
11131,5566,material,162.28
11132,5566,shipping,35.19
11133,5567,material,69.13
11134,5567,shipping,26.1
11135,5568,material,2474.0
11136,5568,shipping,1769.66
11137,5569,material,18193.85
11138,5569,shipping,2475.33
11139,5570,material,271.2
11140,5570,shipping,97.56
11141,5571,material,1047.74
11142,5571,shipping,295.53
11143,5572,material,349.43
11144,5572,shipping,372.48
11145,5573,material,424.04
11146,5573,shipping,96.25
11147,5574,material,1274.96
11148,5574,shipping,314.18
11149,5575,material,330.96
11150,5575,shipping,125.54
11151,5576,material,19628.44
11152,5576,shipping,2531.12
11153,5577,material,845.62
11154,5577,shipping,228.22
11155,5578,material,10101.68
11156,5578,shipping,1890.4
11157,5579,material,369.61
11158,5579,shipping,303.72
11159,5580,material,287.8
11160,5580,shipping,194.82
11161,5581,material,294.96
11162,5581,shipping,64.22
11163,5582,material,385.18
11164,5582,shipping,391.02
11165,5583,material,5209.93
11166,5583,shipping,1037.66
11167,5584,material,338.15
11168,5584,shipping,99.53
11169,5585,material,935.81
11170,5585,shipping,225.91
11171,5586,material,2317.81
11172,5586,shipping,1441.57
11173,5587,material,170.82
11174,5587,shipping,31.16
11175,5588,material,14498.69
11176,5588,shipping,2780.66
11177,5589,material,14854.35
11178,5589,shipping,3788.1
11179,5590,material,5024.19
11180,5590,shipping,778.58
11181,5591,material,112.84
11182,5591,shipping,26.11
11183,5592,material,8137.92
11184,5592,shipping,1672.04
11185,5593,material,150.86
11186,5593,shipping,117.68
11187,5594,material,233.26
11188,5594,shipping,216.88
11189,5595,material,70.81
11190,5595,shipping,14.29
11191,5596,material,688.57
11192,5596,shipping,498.52
11193,5597,material,114.49
11194,5597,shipping,34.44
11195,5598,material,506.61
11196,5598,shipping,173.37
11197,5599,material,718.51
11198,5599,shipping,179.97
11199,5600,material,408.62
11200,5600,shipping,108.59
11201,5601,material,142.65
11202,5601,shipping,32.97
11203,5602,material,306.5
11204,5602,shipping,60.3
11205,5603,material,195.64
11206,5603,shipping,51.17
11207,5604,material,7409.68
11208,5604,shipping,1382.81
11209,5605,material,81.89
11210,5605,shipping,27.67
11211,5606,material,20608.9
11212,5606,shipping,4267.21
11213,5607,material,79.06
11214,5607,shipping,79.12
11215,5608,material,2662.12
11216,5608,shipping,606.33
11217,5609,material,495.77
11218,5609,shipping,176.43
11219,5610,material,82.17
11220,5610,shipping,15.36
11221,5611,material,107.11
11222,5611,shipping,74.47
11223,5612,material,464.54
11224,5612,shipping,152.41
11225,5613,material,368.03
11226,5613,shipping,105.86
11227,5614,material,74.53
11228,5614,shipping,63.95
11229,5615,material,22.18
11230,5615,shipping,8.12
11231,5616,material,639.84
11232,5616,shipping,127.59
11233,5617,material,1267.67
11234,5617,shipping,259.97
11235,5618,material,553.91
11236,5618,shipping,196.79
11237,5619,material,587.56
11238,5619,shipping,438.13
11239,5620,material,473.72
11240,5620,shipping,108.33
11241,5621,material,228.58
11242,5621,shipping,46.52
11243,5622,material,74.86
11244,5622,shipping,63.9
11245,5623,material,6056.76
11246,5623,shipping,1155.08
11247,5624,material,617.92
11248,5624,shipping,139.61
11249,5625,material,284.93
11250,5625,shipping,80.22
11251,5626,material,519.22
11252,5626,shipping,104.4
11253,5627,material,36.53
11254,5627,shipping,11.21
11255,5628,material,71.24
11256,5628,shipping,16.39
11257,5629,material,3113.97
11258,5629,shipping,1848.45
11259,5630,material,18247.59
11260,5630,shipping,3261.76
11261,5631,material,449.95
11262,5631,shipping,126.55
11263,5632,material,235.76
11264,5632,shipping,157.3
11265,5633,material,9572.74
11266,5633,shipping,1462.87
11267,5634,material,3576.39
11268,5634,shipping,2851.91
11269,5635,material,698.97
11270,5635,shipping,602.74
11271,5636,material,496.23
11272,5636,shipping,109.67
11273,5637,material,634.69
11274,5637,shipping,135.65
11275,5638,material,4362.77
11276,5638,shipping,847.85
11277,5639,material,3294.33
11278,5639,shipping,640.72
11279,5640,material,14873.12
11280,5640,shipping,2125.17
11281,5641,material,2043.3
11282,5641,shipping,1934.62
11283,5642,material,1128.38
11284,5642,shipping,240.44
11285,5643,material,328.88
11286,5643,shipping,87.21
11287,5644,material,394.15
11288,5644,shipping,104.26
11289,5645,material,325.66
11290,5645,shipping,184.51
11291,5646,material,989.86
11292,5646,shipping,213.16
11293,5647,material,345.98
11294,5647,shipping,90.33
11295,5648,material,11101.92
11296,5648,shipping,1479.58
11297,5649,material,4961.02
11298,5649,shipping,1021.71
11299,5650,material,1368.34
11300,5650,shipping,760.03
11301,5651,material,188.28
11302,5651,shipping,52.6
11303,5652,material,273.06
11304,5652,shipping,97.08
11305,5653,material,284.31
11306,5653,shipping,85.87
11307,5654,material,72.31
11308,5654,shipping,17.27
11309,5655,material,2731.47
11310,5655,shipping,546.11
11311,5656,material,730.58
11312,5656,shipping,723.09
11313,5657,material,2994.95
11314,5657,shipping,589.21
11315,5658,material,1168.71
11316,5658,shipping,192.9
11317,5659,material,1573.17
11318,5659,shipping,909.47
11319,5660,material,625.42
11320,5660,shipping,623.56
11321,5661,material,547.11
11322,5661,shipping,476.46
11323,5662,material,422.27
11324,5662,shipping,86.23
11325,5663,material,4207.71
11326,5663,shipping,771.72
11327,5664,material,2572.39
11328,5664,shipping,1445.39
11329,5665,material,370.94
11330,5665,shipping,78.55
11331,5666,material,129.93
11332,5666,shipping,34.4
11333,5667,material,822.35
11334,5667,shipping,262.48
11335,5668,material,1350.62
11336,5668,shipping,1048.14
11337,5669,material,12798.68
11338,5669,shipping,2180.66
11339,5670,material,2733.01
11340,5670,shipping,597.88
11341,5671,material,232.99
11342,5671,shipping,61.54
11343,5672,material,438.83
11344,5672,shipping,144.7
11345,5673,material,861.05
11346,5673,shipping,210.01
11347,5674,material,382.3
11348,5674,shipping,102.49
11349,5675,material,1188.45
11350,5675,shipping,775.44
11351,5676,material,63.74
11352,5676,shipping,19.1
11353,5677,material,299.16
11354,5677,shipping,74.47
11355,5678,material,481.53
11356,5678,shipping,524.04
11357,5679,material,141.61
11358,5679,shipping,38.78
11359,5680,material,3727.55
11360,5680,shipping,2203.98
11361,5681,material,205.97
11362,5681,shipping,67.46
11363,5682,material,154.42
11364,5682,shipping,58.59
11365,5683,material,4344.89
11366,5683,shipping,992.8
11367,5684,material,156.46
11368,5684,shipping,34.09
11369,5685,material,1340.01
11370,5685,shipping,899.97
11371,5686,material,193.31
11372,5686,shipping,37.5
11373,5687,material,576.22
11374,5687,shipping,419.79
11375,5688,material,18087.81
11376,5688,shipping,3933.53
11377,5689,material,5764.31
11378,5689,shipping,886.92
11379,5690,material,154.59
11380,5690,shipping,28.72
11381,5691,material,1111.6
11382,5691,shipping,319.56
11383,5692,material,45.14
11384,5692,shipping,12.74
11385,5693,material,2795.32
11386,5693,shipping,493.49
11387,5694,material,8726.6
11388,5694,shipping,1879.26
11389,5695,material,2630.5
11390,5695,shipping,1645.91
11391,5696,material,153.76
11392,5696,shipping,45.39
11393,5697,material,132.46
11394,5697,shipping,33.63
11395,5698,material,112.02
11396,5698,shipping,37.18
11397,5699,material,57.25
11398,5699,shipping,16.27
11399,5700,material,643.3
11400,5700,shipping,172.42
11401,5701,material,364.41
11402,5701,shipping,99.76
11403,5702,material,743.12
11404,5702,shipping,803.48
11405,5703,material,2113.44
11406,5703,shipping,370.9
11407,5704,material,643.34
11408,5704,shipping,440.49
11409,5705,material,348.25
11410,5705,shipping,97.62
11411,5706,material,93.05
11412,5706,shipping,20.71
11413,5707,material,22.01
11414,5707,shipping,4.57
11415,5708,material,358.41
11416,5708,shipping,103.59
11417,5709,material,241.07
11418,5709,shipping,45.93
11419,5710,material,582.16
11420,5710,shipping,134.12
11421,5711,material,4880.19
11422,5711,shipping,803.25
11423,5712,material,2587.39
11424,5712,shipping,540.14
11425,5713,material,314.13
11426,5713,shipping,374.06
11427,5714,material,277.05
11428,5714,shipping,270.44
11429,5715,material,243.51
11430,5715,shipping,241.22
11431,5716,material,309.28
11432,5716,shipping,50.01
11433,5717,material,114.87
11434,5717,shipping,23.99
11435,5718,material,514.87
11436,5718,shipping,195.37
11437,5719,material,213.73
11438,5719,shipping,43.64
11439,5720,material,345.86
11440,5720,shipping,108.09
11441,5721,material,237.99
11442,5721,shipping,75.19
11443,5722,material,1268.12
11444,5722,shipping,375.05
11445,5723,material,284.35
11446,5723,shipping,78.63
11447,5724,material,581.0
11448,5724,shipping,638.78
11449,5725,material,694.58
11450,5725,shipping,127.42
11451,5726,material,1667.55
11452,5726,shipping,1491.04
11453,5727,material,771.86
11454,5727,shipping,502.79
11455,5728,material,281.8
11456,5728,shipping,56.66
11457,5729,material,4023.68
11458,5729,shipping,538.73
11459,5730,material,692.61
11460,5730,shipping,148.84
11461,5731,material,111.76
11462,5731,shipping,21.22
11463,5732,material,368.52
11464,5732,shipping,74.42
11465,5733,material,20542.53
11466,5733,shipping,4251.54
11467,5734,material,494.51
11468,5734,shipping,168.89
11469,5735,material,477.82
11470,5735,shipping,150.56
11471,5736,material,3128.0
11472,5736,shipping,416.33
11473,5737,material,4670.42
11474,5737,shipping,945.74
11475,5738,material,1092.11
11476,5738,shipping,278.46
11477,5739,material,2663.55
11478,5739,shipping,1722.37
11479,5740,material,3339.75
11480,5740,shipping,592.48
11481,5741,material,432.31
11482,5741,shipping,466.89
11483,5742,material,562.29
11484,5742,shipping,573.12
11485,5743,material,5753.96
11486,5743,shipping,1037.03
11487,5744,material,51.7
11488,5744,shipping,15.42
11489,5745,material,2853.72
11490,5745,shipping,543.83
11491,5746,material,227.22
11492,5746,shipping,209.67
11493,5747,material,323.68
11494,5747,shipping,314.59
11495,5748,material,14781.04
11496,5748,shipping,2971.56
11497,5749,material,3560.18
11498,5749,shipping,3113.87
11499,5750,material,206.92
11500,5750,shipping,37.35
11501,5751,material,20578.33
11502,5751,shipping,3765.11
11503,5752,material,1143.9
11504,5752,shipping,774.08
11505,5753,material,660.75
11506,5753,shipping,169.71
11507,5754,material,529.8
11508,5754,shipping,495.08
11509,5755,material,1126.25
11510,5755,shipping,306.39
11511,5756,material,209.26
11512,5756,shipping,49.73
11513,5757,material,21835.89
11514,5757,shipping,3460.71
11515,5758,material,14835.49
11516,5758,shipping,2673.58
11517,5759,material,545.7
11518,5759,shipping,185.38
11519,5760,material,97.84
11520,5760,shipping,29.08
11521,5761,material,385.1
11522,5761,shipping,133.45
11523,5762,material,32.16
11524,5762,shipping,6.89
11525,5763,material,188.05
11526,5763,shipping,162.65
11527,5764,material,1694.06
11528,5764,shipping,1033.42
11529,5765,material,225.5
11530,5765,shipping,48.75
11531,5766,material,57.85
11532,5766,shipping,16.62
11533,5767,material,466.14
11534,5767,shipping,368.85
11535,5768,material,116.12
11536,5768,shipping,32.21
11537,5769,material,372.13
11538,5769,shipping,438.45
11539,5770,material,268.96
11540,5770,shipping,66.91
11541,5771,material,204.81
11542,5771,shipping,141.8
11543,5772,material,163.21
11544,5772,shipping,31.33
11545,5773,material,100.32
11546,5773,shipping,93.05
11547,5774,material,56.53
11548,5774,shipping,18.56
11549,5775,material,66.45
11550,5775,shipping,15.17
11551,5776,material,18879.25
11552,5776,shipping,4049.88
11553,5777,material,838.21
11554,5777,shipping,169.7
11555,5778,material,3488.9
11556,5778,shipping,2574.1
11557,5779,material,298.24
11558,5779,shipping,221.63
11559,5780,material,363.37
11560,5780,shipping,83.81
11561,5781,material,343.96
11562,5781,shipping,308.4
11563,5782,material,674.63
11564,5782,shipping,179.44
11565,5783,material,5740.39
11566,5783,shipping,1143.35
11567,5784,material,440.13
11568,5784,shipping,111.99
11569,5785,material,1194.59
11570,5785,shipping,380.71
11571,5786,material,22533.66
11572,5786,shipping,4675.26
11573,5787,material,5712.39
11574,5787,shipping,1065.54
11575,5788,material,5480.29
11576,5788,shipping,1162.39
11577,5789,material,128.19
11578,5789,shipping,40.88
11579,5790,material,246.26
11580,5790,shipping,72.94
11581,5791,material,2267.8
11582,5791,shipping,1270.88
11583,5792,material,7007.3
11584,5792,shipping,1250.38
11585,5793,material,2745.95
11586,5793,shipping,2635.73
11587,5794,material,120.9
11588,5794,shipping,29.54
11589,5795,material,166.65
11590,5795,shipping,47.01
11591,5796,material,848.37
11592,5796,shipping,672.25
11593,5797,material,1244.0
11594,5797,shipping,1150.55
11595,5798,material,4522.79
11596,5798,shipping,624.49
11597,5799,material,3156.01
11598,5799,shipping,2781.56
11599,5800,material,132.3
11600,5800,shipping,33.27
11601,5801,material,3443.29
11602,5801,shipping,2611.99
11603,5802,material,693.22
11604,5802,shipping,490.34
11605,5803,material,24551.94
11606,5803,shipping,5092.47
11607,5804,material,684.74
11608,5804,shipping,698.79
11609,5805,material,221.03
11610,5805,shipping,52.65
11611,5806,material,203.6
11612,5806,shipping,39.69
11613,5807,material,2597.61
11614,5807,shipping,1456.07
11615,5808,material,327.65
11616,5808,shipping,315.13
11617,5809,material,495.92
11618,5809,shipping,141.02
11619,5810,material,440.56
11620,5810,shipping,147.26
11621,5811,material,68.45
11622,5811,shipping,18.81
11623,5812,material,255.01
11624,5812,shipping,238.56
11625,5813,material,776.53
11626,5813,shipping,208.91
11627,5814,material,232.98
11628,5814,shipping,65.65
11629,5815,material,14634.78
11630,5815,shipping,2438.46
11631,5816,material,18100.57
11632,5816,shipping,2973.99
11633,5817,material,836.54
11634,5817,shipping,198.01
11635,5818,material,649.39
11636,5818,shipping,526.25
11637,5819,material,108.52
11638,5819,shipping,29.89
11639,5820,material,17512.0
11640,5820,shipping,2834.61
11641,5821,material,4694.68
11642,5821,shipping,635.72
11643,5822,material,562.46
11644,5822,shipping,130.45
11645,5823,material,590.12
11646,5823,shipping,150.97
11647,5824,material,329.08
11648,5824,shipping,77.13
11649,5825,material,602.99
11650,5825,shipping,115.32
11651,5826,material,163.38
11652,5826,shipping,50.46
11653,5827,material,908.66
11654,5827,shipping,480.0
11655,5828,material,1659.47
11656,5828,shipping,280.33
11657,5829,material,536.17
11658,5829,shipping,396.24
11659,5830,material,4527.57
11660,5830,shipping,1065.03
11661,5831,material,159.41
11662,5831,shipping,58.19
11663,5832,material,301.55
11664,5832,shipping,76.99
11665,5833,material,344.84
11666,5833,shipping,97.59
11667,5834,material,240.53
11668,5834,shipping,179.29
11669,5835,material,716.69
11670,5835,shipping,211.9
11671,5836,material,589.43
11672,5836,shipping,326.1
11673,5837,material,185.57
11674,5837,shipping,41.65
11675,5838,material,1605.55
11676,5838,shipping,1230.54
11677,5839,material,262.99
11678,5839,shipping,46.94
11679,5840,material,577.84
11680,5840,shipping,418.74
11681,5841,material,1108.34
11682,5841,shipping,338.66
11683,5842,material,392.47
11684,5842,shipping,366.61
11685,5843,material,32.3
11686,5843,shipping,7.55
11687,5844,material,135.0
11688,5844,shipping,30.1
11689,5845,material,10087.66
11690,5845,shipping,1801.01
11691,5846,material,220.33
11692,5846,shipping,78.16
11693,5847,material,630.35
11694,5847,shipping,554.25
11695,5848,material,13216.2
11696,5848,shipping,2800.06
11697,5849,material,1723.87
11698,5849,shipping,1464.95
11699,5850,material,304.65
11700,5850,shipping,77.39
11701,5851,material,296.72
11702,5851,shipping,57.67
11703,5852,material,322.55
11704,5852,shipping,88.54
11705,5853,material,236.39
11706,5853,shipping,62.01
11707,5854,material,168.4
11708,5854,shipping,47.96
11709,5855,material,4115.39
11710,5855,shipping,855.95
11711,5856,material,692.62
11712,5856,shipping,145.42
11713,5857,material,194.36
11714,5857,shipping,59.94
11715,5858,material,98.83
11716,5858,shipping,25.3
11717,5859,material,684.37
11718,5859,shipping,540.04
11719,5860,material,278.24
11720,5860,shipping,198.15
11721,5861,material,889.37
11722,5861,shipping,139.34
11723,5862,material,491.23
11724,5862,shipping,126.45
11725,5863,material,70.92
11726,5863,shipping,48.92
11727,5864,material,16176.98
11728,5864,shipping,2455.84
11729,5865,material,145.21
11730,5865,shipping,34.65
11731,5866,material,10495.19
11732,5866,shipping,1966.11
11733,5867,material,482.73
11734,5867,shipping,132.14
11735,5868,material,636.8
11736,5868,shipping,208.42
11737,5869,material,249.27
11738,5869,shipping,82.43
11739,5870,material,951.59
11740,5870,shipping,185.7
11741,5871,material,4843.08
11742,5871,shipping,646.93
11743,5872,material,298.44
11744,5872,shipping,85.39
11745,5873,material,4000.01
11746,5873,shipping,617.14
11747,5874,material,712.3
11748,5874,shipping,778.48
11749,5875,material,437.13
11750,5875,shipping,410.52
11751,5876,material,437.01
11752,5876,shipping,330.8
11753,5877,material,7009.25
11754,5877,shipping,1364.43
11755,5878,material,73.97
11756,5878,shipping,73.96
11757,5879,material,15853.19
11758,5879,shipping,2472.63
11759,5880,material,3510.92
11760,5880,shipping,2472.35
11761,5881,material,280.52
11762,5881,shipping,62.13
11763,5882,material,360.7
11764,5882,shipping,417.15
11765,5883,material,588.48
11766,5883,shipping,115.85
11767,5884,material,3300.74
11768,5884,shipping,692.5
11769,5885,material,6172.11
11770,5885,shipping,1036.72
11771,5886,material,1121.64
11772,5886,shipping,832.18
11773,5887,material,283.0
11774,5887,shipping,80.82
11775,5888,material,3021.25
11776,5888,shipping,1658.0
11777,5889,material,204.76
11778,5889,shipping,55.71
11779,5890,material,2418.2
11780,5890,shipping,2093.22
11781,5891,material,818.05
11782,5891,shipping,209.2
11783,5892,material,197.75
11784,5892,shipping,107.42
11785,5893,material,3147.88
11786,5893,shipping,625.09
11787,5894,material,340.65
11788,5894,shipping,113.32
11789,5895,material,263.37
11790,5895,shipping,288.25
11791,5896,material,11944.14
11792,5896,shipping,2741.13
11793,5897,material,136.15
11794,5897,shipping,29.27
11795,5898,material,67.97
11796,5898,shipping,12.31
11797,5899,material,1955.22
11798,5899,shipping,1358.92
11799,5900,material,430.37
11800,5900,shipping,84.76
11801,5901,material,4082.26
11802,5901,shipping,987.11
11803,5902,material,117.19
11804,5902,shipping,21.35
11805,5903,material,9663.62
11806,5903,shipping,1254.44
11807,5904,material,4932.51
11808,5904,shipping,1108.34
11809,5905,material,134.45
11810,5905,shipping,33.6
11811,5906,material,354.55
11812,5906,shipping,254.51
11813,5907,material,32.46
11814,5907,shipping,8.9
11815,5908,material,164.23
11816,5908,shipping,43.0
11817,5909,material,1044.46
11818,5909,shipping,786.23
11819,5910,material,22125.97
11820,5910,shipping,4527.67
11821,5911,material,55.9
11822,5911,shipping,15.87
11823,5912,material,178.84
11824,5912,shipping,202.26
11825,5913,material,2554.58
11826,5913,shipping,511.07
11827,5914,material,1953.66
11828,5914,shipping,1668.75
11829,5915,material,455.04
11830,5915,shipping,92.14
11831,5916,material,124.71
11832,5916,shipping,36.63
11833,5917,material,138.55
11834,5917,shipping,28.09
11835,5918,material,444.06
11836,5918,shipping,87.9
11837,5919,material,318.5
11838,5919,shipping,82.01
11839,5920,material,3362.87
11840,5920,shipping,660.99
11841,5921,material,992.03
11842,5921,shipping,178.07
11843,5922,material,24711.7
11844,5922,shipping,5220.15
11845,5923,material,2957.12
11846,5923,shipping,711.97
11847,5924,material,1264.74
11848,5924,shipping,195.0
11849,5925,material,17453.48
11850,5925,shipping,3203.06
11851,5926,material,1013.2
11852,5926,shipping,177.0
11853,5927,material,904.1
11854,5927,shipping,160.51
11855,5928,material,5495.6
11856,5928,shipping,996.21
11857,5929,material,181.0
11858,5929,shipping,42.9
11859,5930,material,450.65
11860,5930,shipping,132.93
11861,5931,material,6173.55
11862,5931,shipping,979.43
11863,5932,material,314.26
11864,5932,shipping,128.91
11865,5933,material,72.92
11866,5933,shipping,79.01
11867,5934,material,639.0
11868,5934,shipping,165.65
11869,5935,material,51.14
11870,5935,shipping,9.76
11871,5936,material,488.89
11872,5936,shipping,476.96
11873,5937,material,661.63
11874,5937,shipping,221.16
11875,5938,material,494.61
11876,5938,shipping,114.88
11877,5939,material,345.23
11878,5939,shipping,112.89
11879,5940,material,101.76
11880,5940,shipping,27.86
11881,5941,material,2049.52
11882,5941,shipping,1136.38
11883,5942,material,1134.36
11884,5942,shipping,227.69
11885,5943,material,11899.68
11886,5943,shipping,2650.29
11887,5944,material,288.64
11888,5944,shipping,65.56
11889,5945,material,434.69
11890,5945,shipping,137.0
11891,5946,material,247.77
11892,5946,shipping,210.17
11893,5947,material,224.81
11894,5947,shipping,63.02
11895,5948,material,436.23
11896,5948,shipping,388.5
11897,5949,material,37.71
11898,5949,shipping,31.71
11899,5950,material,329.6
11900,5950,shipping,90.63
11901,5951,material,1253.96
11902,5951,shipping,1213.76
11903,5952,material,37.45
11904,5952,shipping,36.57
11905,5953,material,339.6
11906,5953,shipping,128.04
11907,5954,material,641.26
11908,5954,shipping,166.36
11909,5955,material,441.21
11910,5955,shipping,326.15
11911,5956,material,99.87
11912,5956,shipping,29.31
11913,5957,material,1715.75
11914,5957,shipping,976.04
11915,5958,material,2223.57
11916,5958,shipping,437.58
11917,5959,material,3523.5
11918,5959,shipping,3283.3
11919,5960,material,2977.18
11920,5960,shipping,2271.75
11921,5961,material,168.93
11922,5961,shipping,128.38
11923,5962,material,620.12
11924,5962,shipping,124.33
11925,5963,material,999.41
11926,5963,shipping,802.76
11927,5964,material,330.08
11928,5964,shipping,96.16
11929,5965,material,173.35
11930,5965,shipping,161.15
11931,5966,material,120.84
11932,5966,shipping,35.75
11933,5967,material,1025.81
11934,5967,shipping,302.37
11935,5968,material,194.45
11936,5968,shipping,141.71
11937,5969,material,591.09
11938,5969,shipping,575.85
11939,5970,material,5877.59
11940,5970,shipping,809.84
11941,5971,material,167.87
11942,5971,shipping,47.34
11943,5972,material,3090.21
11944,5972,shipping,2240.97
11945,5973,material,3836.86
11946,5973,shipping,647.97
11947,5974,material,124.29
11948,5974,shipping,30.11
11949,5975,material,7800.3
11950,5975,shipping,1067.32
11951,5976,material,35.61
11952,5976,shipping,38.42
11953,5977,material,970.97
11954,5977,shipping,149.02
11955,5978,material,84.72
11956,5978,shipping,24.82
11957,5979,material,313.38
11958,5979,shipping,92.21
11959,5980,material,5018.74
11960,5980,shipping,1050.05
11961,5981,material,84.74
11962,5981,shipping,15.67
11963,5982,material,18.82
11964,5982,shipping,4.68
11965,5983,material,21.77
11966,5983,shipping,5.31
11967,5984,material,378.98
11968,5984,shipping,84.21
11969,5985,material,254.92
11970,5985,shipping,90.22
11971,5986,material,379.45
11972,5986,shipping,92.27
11973,5987,material,242.2
11974,5987,shipping,42.21
11975,5988,material,684.95
11976,5988,shipping,640.07
11977,5989,material,219.8
11978,5989,shipping,40.21
11979,5990,material,188.43
11980,5990,shipping,35.92
11981,5991,material,2389.78
11982,5991,shipping,1656.78
11983,5992,material,851.48
11984,5992,shipping,171.34
11985,5993,material,1208.18
11986,5993,shipping,205.86
11987,5994,material,3627.35
11988,5994,shipping,556.57
11989,5995,material,1098.1
11990,5995,shipping,214.21
11991,5996,material,1020.95
11992,5996,shipping,310.93
11993,5997,material,31.55
11994,5997,shipping,8.67
11995,5998,material,17.2
11996,5998,shipping,3.15
11997,5999,material,16449.42
11998,5999,shipping,2224.62
11999,6000,material,389.89
12000,6000,shipping,355.5
