order_id,order_date,geo_id,product_id,quantity,revenue
1,2025-03-12,1,5,8,451.1
2,2025-08-02,2,7,2,2219.44
3,2024-01-30,4,7,8,9521.99
4,2025-05-19,3,7,11,12730.86
5,2024-04-01,7,6,12,1573.69
6,2025-01-10,13,7,3,3629.98
7,2025-07-16,9,2,2,1126.33
8,2025-07-12,11,7,9,10719.49
9,2024-09-21,10,2,20,11217.13
10,2024-11-27,5,4,11,916.67
11,2024-02-04,6,5,3,168.82
12,2024-08-26,10,7,15,16971.47
13,2025-01-12,10,7,19,22433.01
14,2024-12-25,2,1,4,7174.08
15,2025-02-15,7,8,17,4897.15
16,2025-04-04,3,5,11,608.66
17,2025-09-04,12,5,17,1045.04
18,2025-03-04,11,4,5,387.03
19,2025-08-18,12,6,16,1905.31
20,2025-06-29,6,1,8,16110.84
21,2024-12-11,2,3,5,199.98
22,2025-01-05,9,4,18,1480.08
23,2024-10-19,10,6,15,2058.72
24,2024-03-02,1,4,19,1433.81
25,2024-07-01,12,6,3,387.88
26,2025-01-12,10,8,8,2509.29
27,2024-03-28,8,7,14,16711.36
28,2025-09-21,2,7,11,13834.85
29,2025-01-10,3,3,9,348.9
30,2025-06-16,11,2,2,1124.73
31,2024-03-25,10,4,6,466.9
32,2025-08-07,3,1,13,23759.57
33,2024-11-03,13,8,5,1425.58
34,2025-05-06,2,6,2,239.43
35,2025-01-07,2,2,6,3066.59
36,2024-10-22,13,4,19,1523.7
37,2025-02-07,9,5,7,424.22
38,2024-04-23,10,8,11,3526.52
39,2025-03-01,9,2,3,1656.92
40,2024-09-17,2,4,12,915.39
41,2024-08-18,13,1,18,33084.78
42,2024-04-25,3,2,18,9337.22
43,2024-09-13,10,5,17,1001.16
44,2024-03-25,8,5,2,108.63
45,2024-07-23,10,7,18,19905.42
46,2025-08-08,9,6,19,2471.6
47,2024-09-27,12,1,12,21730.92
48,2025-05-31,12,7,20,24957.99
49,2024-05-16,10,3,14,504.49
50,2025-08-23,11,4,9,672.23
51,2024-02-10,9,4,15,1156.5
52,2024-06-27,10,7,11,12732.41
53,2024-09-19,9,6,1,121.06
54,2025-09-09,5,2,20,10865.04
55,2025-02-20,9,7,19,21669.41
56,2024-12-31,11,4,12,937.58
57,2025-03-02,10,2,10,5496.26
58,2025-04-14,9,4,14,1135.19
59,2024-05-24,9,7,18,22753.35
60,2025-06-03,9,6,15,1916.98
61,2025-06-08,13,3,3,112.95
62,2024-03-26,13,4,10,755.19
63,2024-07-11,9,2,15,8122.27
64,2025-04-14,9,4,5,404.86
65,2025-05-25,2,7,8,9102.16
66,2024-02-20,5,2,15,7751.89
67,2025-01-24,6,8,20,6302.41
68,2025-08-10,8,3,16,619.01
69,2024-08-02,10,8,8,2313.45
70,2024-07-29,6,2,5,2591.64
71,2024-06-21,8,6,18,2309.34
72,2024-10-13,10,1,19,35390.44
73,2025-05-16,11,7,18,22455.41
74,2024-06-25,4,7,16,17753.16
75,2024-10-22,3,8,5,1615.37
76,2025-02-12,10,2,14,7238.0
77,2024-10-06,4,6,11,1478.31
78,2025-06-29,5,2,16,8108.52
79,2024-09-18,10,1,1,2035.61
80,2024-05-08,3,2,19,11178.29
81,2024-09-30,9,2,6,3538.93
82,2024-08-25,10,7,13,16701.91
83,2025-06-28,5,5,20,1237.68
84,2024-02-12,9,6,3,387.37
85,2025-06-24,2,6,15,1999.18
86,2025-09-11,5,8,15,4453.61
87,2025-07-10,11,2,9,5242.7
88,2025-02-23,7,1,16,32090.14
89,2025-06-10,7,5,18,978.76
90,2025-04-27,9,4,16,1293.51
91,2024-03-25,4,4,10,810.72
92,2024-09-14,13,6,12,1598.24
93,2024-04-15,4,2,18,10594.89
94,2025-05-08,5,5,4,248.56
95,2024-08-18,10,3,9,325.48
96,2025-08-30,10,8,4,1271.56
97,2024-11-13,4,1,9,18297.11
98,2024-10-20,2,1,5,8962.06
99,2025-09-26,3,7,20,24369.13
100,2024-10-07,12,5,19,1208.89
101,2025-02-22,10,4,7,532.18
102,2025-01-20,3,7,15,18545.39
103,2024-08-09,6,8,3,926.98
104,2025-03-03,10,4,14,1037.83
105,2024-07-25,3,1,6,11927.47
106,2025-08-18,8,8,10,3095.87
107,2024-12-16,2,1,14,27583.65
108,2024-07-01,10,1,9,17299.5
109,2024-12-31,8,5,6,382.15
110,2025-09-13,9,7,11,12822.08
111,2024-10-27,9,7,18,19998.83
112,2024-04-12,10,1,18,33974.04
113,2025-03-02,9,8,2,571.54
114,2024-11-12,10,2,1,590.56
115,2024-05-13,9,7,3,3441.43
116,2025-09-01,10,3,16,667.2
117,2024-10-29,9,8,8,2383.41
118,2025-02-16,10,3,3,112.81
119,2025-08-25,9,1,10,19676.83
120,2025-03-24,11,8,18,5386.47
121,2024-10-05,12,4,8,639.26
122,2024-02-14,10,7,13,16819.08
123,2024-05-08,13,3,17,712.36
124,2025-07-06,2,8,1,310.68
125,2024-05-10,9,5,11,661.8
126,2024-09-04,10,7,11,13467.8
127,2025-01-13,9,4,10,852.87
128,2024-03-29,10,2,15,7795.4
129,2024-09-02,1,6,12,1530.83
130,2025-04-05,4,3,3,119.05
131,2024-12-18,9,4,15,1211.15
132,2025-08-05,9,5,18,1003.88
133,2025-02-09,10,7,9,10725.41
134,2025-07-11,2,7,19,22285.48
135,2024-01-25,11,7,9,9949.99
136,2025-09-15,12,8,10,3132.36
137,2024-06-24,4,5,5,301.05
138,2024-08-23,8,6,5,602.7
139,2024-05-25,3,6,17,2193.63
140,2025-08-14,13,5,11,680.59
141,2025-05-16,5,7,18,21136.12
142,2025-01-10,9,5,19,1099.66
143,2025-04-01,9,6,20,2464.98
144,2025-08-11,6,7,4,4523.35
145,2024-12-15,2,3,13,503.24
146,2025-08-31,8,3,14,559.53
147,2025-08-27,5,6,7,894.82
148,2024-03-30,10,6,2,253.8
149,2025-07-08,9,4,20,1699.09
150,2025-09-23,10,4,3,249.51
151,2025-06-19,5,3,20,717.95
152,2024-04-22,5,3,4,160.02
153,2025-06-06,5,6,1,122.28
154,2025-01-04,10,8,15,4700.17
155,2024-12-22,13,1,17,31258.37
156,2025-09-29,11,7,4,4792.53
157,2024-03-16,9,2,5,2646.19
158,2024-09-02,13,5,15,885.79
159,2024-04-11,10,4,14,1097.43
160,2024-11-21,8,2,11,5968.24
161,2024-05-09,12,2,3,1734.43
162,2025-05-08,11,1,19,38717.08
163,2024-10-26,12,7,2,2579.87
164,2025-02-04,4,8,8,2533.35
165,2024-04-11,5,4,14,1167.08
166,2025-02-25,10,1,20,40587.46
167,2024-05-28,10,5,11,633.53
168,2025-03-22,2,1,3,5921.34
169,2024-09-12,7,6,19,2488.74
170,2025-05-17,1,2,9,4896.03
171,2024-10-28,4,2,12,6514.12
172,2024-12-11,10,1,8,14937.41
173,2024-08-18,4,3,9,339.18
174,2024-11-07,3,4,17,1355.62
175,2024-10-17,10,7,1,1192.27
176,2024-11-06,8,7,10,11261.13
177,2025-06-12,9,6,3,383.08
178,2024-10-20,2,5,11,620.09
179,2025-03-08,9,4,12,925.41
180,2024-05-05,2,5,7,391.42
181,2024-03-11,13,8,15,4683.2
182,2025-08-19,9,6,11,1339.75
183,2024-08-19,5,1,12,22814.75
184,2024-02-25,11,2,3,1677.31
185,2025-01-21,10,1,15,30349.29
186,2025-02-20,9,1,15,26677.92
187,2025-04-24,9,3,2,74.85
188,2025-01-02,3,6,10,1266.76
189,2024-02-22,10,6,3,376.45
190,2024-07-16,11,3,11,400.27
191,2024-08-23,10,7,5,6091.24
192,2024-10-05,10,3,17,619.87
193,2024-01-22,6,4,11,931.24
194,2024-04-28,2,2,17,9737.49
195,2024-02-09,6,3,20,764.61
196,2025-05-26,11,3,15,542.29
197,2025-09-13,9,8,8,2413.06
198,2024-12-01,11,6,19,2640.98
199,2024-10-08,9,3,7,286.16
200,2025-03-13,12,2,17,9857.39
201,2024-07-30,12,3,14,510.33
202,2025-07-28,12,7,2,2360.24
203,2024-03-16,4,6,4,544.0
204,2024-04-28,6,8,5,1562.12
205,2025-08-09,1,4,5,398.08
206,2024-04-08,6,5,4,218.92
207,2024-11-23,2,8,20,6034.61
208,2025-04-26,6,1,20,37085.59
209,2025-03-28,9,6,3,415.07
210,2024-12-24,1,8,2,613.02
211,2024-01-20,10,6,8,1070.46
212,2025-05-06,6,1,12,22955.77
213,2025-05-31,9,8,6,1889.71
214,2024-11-24,6,1,7,14113.53
215,2024-10-18,11,8,9,2499.82
216,2025-07-16,1,6,9,1091.24
217,2025-05-10,12,7,11,14200.5
218,2025-08-19,9,2,14,7168.18
219,2025-01-16,6,2,11,6194.49
220,2024-11-04,10,6,15,1793.31
221,2025-09-28,5,1,3,5853.04
222,2025-05-14,3,1,5,10024.7
223,2024-04-19,5,6,12,1518.99
224,2025-04-04,13,6,15,2016.45
225,2024-10-18,10,4,4,292.03
226,2025-08-13,3,5,15,844.58
227,2025-09-29,4,3,3,116.1
228,2024-03-21,10,6,12,1599.9
229,2024-08-17,3,3,12,468.66
230,2024-04-29,10,1,12,22984.97
231,2025-01-19,9,2,3,1596.74
232,2025-01-04,10,2,5,2952.47
233,2025-04-04,7,3,5,192.9
234,2024-04-18,3,3,6,227.36
235,2025-08-28,12,2,9,4700.91
236,2025-03-03,9,2,17,9543.53
237,2024-05-22,9,6,19,2271.07
238,2025-09-01,10,5,7,430.64
239,2024-12-18,10,5,10,588.39
240,2024-08-15,2,1,6,11283.9
241,2025-02-21,6,6,12,1665.74
242,2025-01-25,6,8,4,1155.35
243,2024-08-10,7,7,8,10310.69
244,2025-08-24,10,4,6,473.87
245,2024-08-22,1,7,17,20260.4
246,2024-02-18,6,8,10,3017.61
247,2025-07-27,10,7,12,13352.24
248,2024-09-26,6,7,17,20237.96
249,2025-03-02,9,3,4,153.35
250,2025-08-27,10,4,20,1582.31
251,2024-04-27,6,8,17,5064.9
252,2024-09-04,9,3,13,546.8
253,2024-09-09,11,8,19,5517.41
254,2025-04-01,13,5,1,59.91
255,2025-09-14,9,4,2,160.11
256,2025-02-28,11,3,8,288.62
257,2024-01-22,6,3,14,562.64
258,2025-08-17,12,1,5,9523.38
259,2024-12-06,7,3,15,623.57
260,2025-05-27,10,5,20,1177.01
261,2024-08-16,13,5,10,609.34
262,2024-12-07,9,5,10,554.3
263,2025-09-19,11,3,10,361.42
264,2025-08-19,10,8,7,1999.89
265,2025-04-13,3,4,8,586.57
266,2024-07-03,2,6,16,1932.08
267,2025-01-19,12,7,16,19130.72
268,2024-08-30,10,2,19,9984.09
269,2024-02-08,12,7,6,7699.88
270,2025-06-05,4,5,2,108.73
271,2025-09-20,6,8,5,1584.25
272,2024-04-09,3,8,9,2794.43
273,2024-08-14,10,4,6,482.41
274,2024-11-05,6,7,4,4557.91
275,2024-07-14,5,4,15,1233.11
276,2025-04-29,1,6,8,959.7
277,2024-10-23,9,5,4,241.24
278,2024-06-25,13,8,5,1489.19
279,2025-04-17,12,4,8,650.24
280,2025-01-04,9,6,3,412.84
281,2025-08-07,4,3,6,227.56
282,2024-06-15,9,2,17,9251.59
283,2024-10-29,9,8,10,3107.17
284,2025-05-12,9,1,14,25924.66
285,2025-08-25,2,8,2,579.56
286,2025-03-13,10,7,12,15535.54
287,2025-08-10,7,3,12,439.44
288,2024-04-20,13,1,1,2044.38
289,2024-11-03,7,4,8,628.02
290,2025-07-23,10,1,14,27074.86
291,2024-07-09,2,1,15,28930.66
292,2025-05-09,8,4,18,1357.67
293,2024-12-22,6,6,19,2489.4
294,2024-08-18,3,4,14,1070.7
295,2025-07-26,12,7,18,21584.87
296,2025-03-30,10,6,14,1779.49
297,2025-01-11,5,4,10,835.19
298,2024-02-26,8,7,18,21703.65
299,2024-09-05,2,8,12,3365.26
300,2024-07-27,10,1,3,5412.75
301,2025-01-24,9,6,10,1384.33
302,2025-09-09,3,8,8,2475.12
303,2024-07-08,6,5,13,762.86
304,2024-09-24,12,8,4,1258.14
305,2024-08-30,4,6,14,1674.73
306,2024-01-20,9,7,10,11332.63
307,2025-06-30,9,6,9,1209.92
308,2025-05-08,9,6,6,729.41
309,2025-07-31,13,1,17,29875.07
310,2025-03-28,10,7,5,6328.84
311,2024-01-12,9,6,2,262.86
312,2024-12-09,9,1,18,34464.44
313,2024-07-31,13,1,17,33900.54
314,2025-08-11,2,2,17,8808.71
315,2025-06-20,5,7,3,3526.88
316,2025-09-24,5,2,2,1026.59
317,2024-02-25,1,3,3,117.0
318,2025-01-28,11,2,17,9958.91
319,2025-04-11,9,5,2,126.01
320,2025-01-14,10,3,11,395.75
321,2025-06-23,11,2,10,5193.5
322,2024-10-13,12,6,13,1745.59
323,2025-04-29,9,6,2,241.39
324,2025-02-20,9,7,11,12206.57
325,2024-12-14,7,7,14,15955.26
326,2025-05-27,6,4,3,221.15
327,2025-03-09,10,6,12,1450.55
328,2024-09-24,5,3,3,111.15
329,2024-10-24,1,6,18,2170.82
330,2024-10-10,6,7,3,3729.51
331,2024-07-10,9,7,6,6783.94
332,2024-03-02,8,7,10,11969.72
333,2024-07-13,10,4,15,1110.48
334,2024-09-07,9,6,15,1883.83
335,2025-09-15,3,6,20,2764.64
336,2025-09-10,13,5,16,1014.65
337,2024-08-04,10,6,4,551.67
338,2024-05-28,10,1,15,30503.9
339,2025-06-29,2,7,16,18091.56
340,2024-05-10,8,7,3,3570.66
341,2025-01-09,12,7,18,19999.06
342,2025-06-18,9,2,4,2290.5
343,2025-03-16,1,7,11,14183.59
344,2024-07-21,9,4,15,1161.13
345,2025-04-10,3,1,16,28461.54
346,2024-04-12,13,3,12,453.91
347,2024-12-09,9,8,15,4369.61
348,2024-04-11,11,2,6,3520.59
349,2025-01-19,6,7,15,17227.74
350,2025-03-12,8,1,20,40308.01
351,2024-01-07,4,5,3,179.19
352,2024-09-28,4,2,9,5075.95
353,2024-08-25,7,7,19,21392.72
354,2024-05-23,10,5,20,1197.02
355,2024-07-07,3,6,5,646.12
356,2024-10-09,4,3,18,664.58
357,2025-07-05,9,6,1,128.68
358,2025-01-25,10,7,16,18940.82
359,2024-03-17,1,4,10,730.93
360,2025-05-31,9,8,18,5409.34
361,2025-01-14,13,1,15,28696.26
362,2025-06-28,10,5,2,117.05
363,2024-11-12,13,4,7,580.49
364,2025-04-22,10,3,20,734.98
365,2024-02-27,7,5,20,1187.32
366,2024-08-10,5,2,5,2948.25
367,2025-09-25,12,3,5,187.19
368,2025-05-21,10,8,5,1518.58
369,2024-11-20,10,2,13,7154.83
370,2024-09-30,13,6,19,2255.89
371,2025-05-03,9,6,3,405.31
372,2025-06-25,9,6,10,1256.51
373,2024-12-11,7,1,2,3554.67
374,2024-04-18,11,8,15,4140.49
375,2025-04-09,3,5,6,375.21
376,2024-09-24,2,3,2,76.71
377,2024-07-04,10,2,1,523.83
378,2024-12-31,8,1,11,21948.85
379,2024-04-24,2,7,3,3732.92
380,2025-07-26,3,3,5,181.53
381,2024-05-17,7,4,5,421.54
382,2024-06-23,12,3,4,158.24
383,2024-08-26,3,5,3,169.87
384,2024-08-07,13,1,10,18095.03
385,2024-10-14,10,4,16,1240.92
386,2024-03-08,12,1,12,24370.12
387,2025-01-29,7,3,16,669.37
388,2024-03-05,5,1,2,4070.65
389,2025-04-23,10,7,13,14557.74
390,2024-08-02,6,4,5,397.3
391,2025-07-01,10,2,10,5664.52
392,2024-02-26,2,7,4,4764.19
393,2025-05-09,10,2,1,567.26
394,2025-09-04,9,5,6,346.74
395,2025-05-04,3,1,11,21915.43
396,2025-04-23,9,2,16,8721.03
397,2025-01-28,7,5,4,250.89
398,2025-05-09,1,1,8,14088.41
399,2024-05-27,13,1,18,35839.77
400,2024-06-28,5,6,9,1221.56
401,2025-03-31,1,4,17,1446.45
402,2024-11-28,6,5,11,606.05
403,2024-08-11,10,4,15,1160.02
404,2025-05-29,10,4,5,363.8
405,2024-09-16,11,1,11,19222.77
406,2025-05-01,2,4,14,1104.59
407,2025-04-22,2,4,17,1324.32
408,2025-05-13,9,3,13,472.51
409,2025-09-10,5,5,11,693.24
410,2024-09-03,9,4,3,253.82
411,2024-04-06,2,8,15,4366.1
412,2025-05-26,9,8,9,2852.27
413,2024-08-20,10,1,7,14007.47
414,2024-07-14,7,1,10,18261.29
415,2024-10-22,9,4,4,314.08
416,2024-01-15,11,4,5,375.92
417,2025-08-26,2,5,3,163.46
418,2024-11-15,3,6,4,478.25
419,2025-02-01,11,7,16,17754.57
420,2024-06-21,4,5,15,939.29
421,2024-07-12,6,7,18,21527.53
422,2024-10-31,10,4,18,1489.08
423,2024-09-24,9,8,12,3837.7
424,2024-05-28,6,4,1,84.0
425,2025-09-25,9,4,6,443.67
426,2025-06-20,12,1,8,15375.99
427,2025-08-25,13,3,6,224.14
428,2024-09-23,9,6,19,2475.94
429,2025-09-23,12,8,18,5235.02
430,2024-07-03,4,8,1,291.92
431,2024-09-12,4,6,2,238.26
432,2025-05-28,11,6,3,379.17
433,2024-03-31,6,3,6,242.7
434,2024-12-12,6,6,8,1059.33
435,2025-05-05,6,3,1,41.8
436,2025-09-26,13,1,6,11580.66
437,2024-06-25,9,8,5,1459.48
438,2024-08-29,10,2,11,5987.43
439,2024-03-05,5,2,1,509.31
440,2024-05-18,8,7,12,14506.04
441,2025-07-17,10,4,6,470.31
442,2024-01-24,5,2,3,1605.31
443,2024-03-11,13,2,11,6129.86
444,2024-02-03,13,3,20,828.64
445,2024-06-15,4,5,10,570.87
446,2025-01-18,9,1,12,20978.87
447,2025-03-03,9,2,1,523.26
448,2024-12-03,3,7,16,19166.51
449,2025-01-15,4,7,12,13677.89
450,2024-07-24,11,1,5,9878.2
451,2024-09-14,9,4,18,1322.12
452,2025-09-11,10,8,19,6048.07
453,2025-08-07,10,3,4,167.21
454,2024-05-19,4,4,5,366.1
455,2024-06-12,11,3,20,749.78
456,2024-03-05,7,7,18,20999.09
457,2025-07-22,10,7,4,4734.29
458,2025-05-19,13,2,19,10897.55
459,2025-07-26,12,5,13,786.0
460,2024-05-23,8,7,2,2359.98
461,2024-02-19,9,5,12,653.65
462,2024-08-04,9,2,8,4135.08
463,2025-06-26,5,7,20,24558.93
464,2025-06-25,10,6,2,258.63
465,2024-12-24,3,1,6,10833.9
466,2024-07-15,9,6,7,870.34
467,2025-03-09,3,1,8,14882.0
468,2025-07-21,9,6,12,1464.66
469,2025-04-09,6,7,2,2270.56
470,2025-07-13,10,4,9,728.24
471,2025-09-12,10,8,5,1535.37
472,2024-07-16,11,5,9,524.53
473,2024-07-16,9,7,19,21349.23
474,2025-07-05,7,5,10,607.41
475,2024-08-01,6,5,9,544.26
476,2024-06-03,9,4,2,165.72
477,2025-03-24,10,1,16,32802.42
478,2024-10-12,1,4,11,900.5
479,2025-06-03,12,6,17,2122.89
480,2025-01-23,6,8,5,1557.82
481,2025-08-13,13,6,3,369.8
482,2024-11-01,12,6,9,1176.9
483,2024-02-23,10,2,16,9331.31
484,2024-10-08,6,1,5,8944.09
485,2025-01-30,12,8,5,1455.93
486,2024-12-12,10,3,11,438.23
487,2025-05-20,3,3,16,652.48
488,2024-11-09,8,7,16,18841.55
489,2024-10-02,1,6,17,2084.43
490,2024-07-14,10,6,10,1213.41
491,2024-05-19,11,5,10,585.84
492,2024-11-09,10,3,11,463.05
493,2024-05-17,12,7,1,1147.86
494,2025-05-05,9,3,4,152.67
495,2025-07-24,5,1,20,40986.07
496,2024-01-23,10,7,15,17655.13
497,2024-05-09,10,1,10,18749.58
498,2025-03-02,10,7,4,4808.9
499,2025-06-03,9,4,9,748.71
500,2024-10-25,3,8,7,2163.24
501,2024-01-16,2,2,19,10713.09
502,2024-12-26,10,2,9,5055.11
503,2024-07-24,1,3,2,82.4
504,2024-11-04,3,1,1,2005.95
505,2024-09-23,8,5,3,173.39
506,2024-10-19,9,7,16,20121.29
507,2024-04-10,10,1,6,10671.55
508,2025-01-30,8,7,12,14656.57
509,2025-05-01,12,8,16,4502.74
510,2024-07-23,6,4,11,871.66
511,2024-11-09,10,8,12,3694.3
512,2025-06-26,12,1,1,1942.57
513,2025-07-10,12,2,16,8531.91
514,2024-12-24,9,7,13,16391.49
515,2025-02-01,2,8,15,4367.56
516,2024-01-21,8,1,18,34450.53
517,2025-09-09,10,4,15,1270.39
518,2024-06-27,9,8,12,3724.37
519,2024-06-26,7,5,18,1065.74
520,2024-05-17,3,7,4,4611.29
521,2025-07-10,4,4,11,814.46
522,2025-07-02,9,8,15,4614.09
523,2024-12-19,9,1,18,36562.75
524,2024-12-24,12,3,19,702.31
525,2025-03-22,9,6,17,2326.82
526,2025-04-11,5,7,11,14193.68
527,2024-10-27,10,5,18,1123.29
528,2025-03-08,4,5,12,755.71
529,2025-09-16,4,6,4,537.53
530,2025-08-29,10,5,14,866.75
531,2024-05-03,10,4,9,739.46
532,2024-07-15,11,5,7,429.76
533,2024-04-02,12,4,18,1396.72
534,2025-04-13,10,1,13,24242.85
535,2024-08-25,9,1,9,16279.07
536,2024-11-15,5,6,19,2469.28
537,2025-09-10,6,3,3,111.14
538,2024-10-05,8,5,5,279.0
539,2024-11-29,13,1,5,10146.17
540,2025-03-04,11,5,16,987.79
541,2025-04-20,9,3,17,617.19
542,2025-01-11,2,4,7,567.45
543,2025-09-02,9,8,18,5679.67
544,2025-03-29,8,4,2,162.61
545,2025-08-31,7,5,1,62.88
546,2025-06-13,8,1,10,20200.14
547,2025-09-01,3,1,3,5433.37
548,2025-04-07,11,4,18,1496.8
549,2024-11-10,11,2,5,2535.83
550,2024-03-10,4,5,18,989.01
551,2024-10-24,9,7,14,16306.49
552,2024-01-09,10,2,19,9672.49
553,2024-12-21,6,5,20,1101.93
554,2024-10-16,10,8,6,1809.64
555,2025-06-10,9,3,10,401.06
556,2025-05-02,7,1,18,36231.65
557,2025-02-01,8,2,10,5235.31
558,2024-06-19,12,3,6,222.17
559,2024-04-11,10,1,18,33970.15
560,2024-03-05,2,8,11,3224.57
561,2024-08-07,2,4,11,867.03
562,2025-04-12,3,6,11,1523.13
563,2025-06-03,10,7,9,11387.71
564,2025-07-25,9,6,10,1287.31
565,2024-03-17,5,3,18,667.9
566,2025-05-01,12,1,19,36536.49
567,2024-02-08,5,8,5,1467.8
568,2025-05-05,6,8,17,5108.5
569,2025-03-25,11,3,17,624.85
570,2025-01-28,12,3,16,667.85
571,2024-07-03,5,4,2,162.26
572,2024-10-12,12,1,2,4090.04
573,2025-01-01,11,5,19,1128.95
574,2024-09-28,10,2,17,8962.05
575,2024-10-23,11,6,16,2160.65
576,2025-07-27,8,4,3,237.55
577,2024-05-12,9,2,8,4332.0
578,2025-04-01,9,3,14,504.28
579,2024-05-15,10,1,19,34042.37
580,2024-12-29,8,1,10,20348.94
581,2024-12-02,9,4,14,1123.84
582,2024-05-29,10,5,6,366.7
583,2025-02-11,5,7,5,5624.23
584,2024-12-22,8,3,20,729.62
585,2024-02-10,10,2,3,1642.32
586,2025-06-27,12,7,17,20141.11
587,2024-11-06,13,8,13,3806.72
588,2025-07-02,9,7,5,5764.34
589,2024-03-18,9,7,9,10262.63
590,2025-02-04,3,1,13,25297.44
591,2024-09-26,3,5,9,561.16
592,2024-08-01,10,4,14,1115.22
593,2025-01-24,9,5,19,1093.08
594,2025-07-12,10,4,15,1238.68
595,2024-12-24,10,1,6,11191.83
596,2025-06-24,9,7,3,3348.91
597,2024-02-09,7,7,20,24599.71
598,2024-02-26,10,3,16,617.91
599,2025-06-13,6,1,20,38044.1
600,2025-04-01,7,1,6,10640.8
601,2025-03-29,8,4,17,1238.86
602,2025-01-18,10,6,12,1662.75
603,2024-06-07,12,1,9,16202.36
604,2024-12-21,7,2,17,10014.99
605,2025-02-02,10,7,19,22740.28
606,2025-05-29,10,1,16,28518.51
607,2025-09-26,10,4,11,856.82
608,2025-04-16,5,5,3,174.14
609,2025-01-21,4,6,12,1478.29
610,2025-05-12,12,4,16,1311.95
611,2024-07-25,5,4,20,1543.6
612,2024-03-14,13,8,20,5526.36
613,2025-07-08,7,6,16,2195.48
614,2024-07-31,4,5,13,732.9
615,2025-06-11,9,1,17,31494.2
616,2024-11-24,3,8,11,3399.9
617,2025-02-06,6,5,6,356.75
618,2025-02-24,7,8,14,4005.48
619,2025-07-12,5,3,19,697.27
620,2024-03-31,5,4,18,1406.58
621,2025-09-07,3,1,6,11250.93
622,2025-03-07,9,6,16,1997.96
623,2024-10-18,10,1,7,13960.45
624,2024-11-19,6,6,12,1562.95
625,2024-01-23,3,4,19,1519.23
626,2025-05-31,7,8,15,4780.54
627,2025-03-07,3,3,11,423.63
628,2025-08-10,2,6,8,1001.2
629,2025-02-20,8,8,12,3742.79
630,2024-05-19,11,3,8,320.09
631,2024-03-15,3,2,4,2042.73
632,2024-01-30,8,2,4,2112.54
633,2025-07-29,6,4,10,782.82
634,2024-05-21,1,6,11,1501.7
635,2025-08-25,9,3,18,665.72
636,2025-03-10,9,5,12,705.92
637,2024-08-22,8,3,10,359.46
638,2024-04-27,6,1,16,32556.86
639,2024-11-07,6,4,1,79.61
640,2024-11-11,5,7,13,14902.6
641,2024-12-29,10,5,10,604.01
642,2024-06-03,2,3,10,365.69
643,2025-04-16,9,6,1,121.82
644,2025-09-14,6,3,15,606.26
645,2024-12-16,7,5,16,1019.21
646,2024-09-05,11,3,2,75.09
647,2024-05-29,12,5,13,807.28
648,2024-07-14,10,8,8,2491.25
649,2025-05-26,9,4,16,1241.58
650,2024-05-13,10,2,9,4926.16
651,2024-02-21,10,2,8,4485.4
652,2024-08-01,3,4,1,84.93
653,2025-04-09,3,2,8,4151.46
654,2025-08-23,13,1,2,3710.2
655,2024-04-05,9,6,18,2429.21
656,2024-11-12,4,7,12,14917.02
657,2025-04-19,9,8,7,2122.41
658,2024-11-30,12,3,3,117.58
659,2025-01-13,9,7,6,7641.14
660,2025-03-01,6,2,18,10386.46
661,2025-05-23,3,5,11,639.63
662,2025-03-23,1,3,6,247.98
663,2024-03-30,9,7,16,19279.32
664,2024-09-28,9,2,1,586.79
665,2025-07-31,2,1,12,22999.55
666,2024-09-30,10,5,17,929.28
667,2025-08-30,13,2,4,2275.12
668,2025-01-04,5,3,18,729.99
669,2025-03-11,7,8,14,4457.26
670,2024-10-20,7,3,18,757.98
671,2024-08-27,13,6,12,1526.29
672,2024-09-01,5,4,13,1070.66
673,2025-09-09,8,7,1,1243.45
674,2024-12-30,13,5,1,57.12
675,2024-01-25,11,5,18,1063.92
676,2024-03-26,9,3,5,187.67
677,2024-07-19,6,7,19,24324.43
678,2025-06-07,4,2,20,11229.91
679,2024-10-08,10,6,12,1642.07
680,2024-04-15,10,1,13,22925.84
681,2025-01-27,6,4,5,366.59
682,2024-11-16,9,2,8,4344.17
683,2024-09-09,9,1,18,33630.67
684,2025-05-28,3,3,16,629.92
685,2024-06-08,9,4,8,588.68
686,2025-08-19,2,7,14,16437.84
687,2025-03-21,10,3,12,476.7
688,2024-05-04,1,4,7,569.4
689,2024-03-20,10,4,20,1687.88
690,2024-01-17,10,2,10,5446.13
691,2025-01-11,4,5,18,1059.12
692,2025-04-15,1,1,9,16189.47
693,2025-02-27,1,1,3,5595.5
694,2025-03-24,11,1,10,20106.34
695,2024-10-07,13,2,11,6024.18
696,2024-06-10,13,1,2,3644.5
697,2024-10-15,3,6,12,1512.18
698,2025-09-18,5,1,9,18126.52
699,2024-02-01,9,5,8,445.7
700,2024-03-21,7,4,14,1060.05
701,2025-08-11,6,3,7,279.66
702,2024-06-13,3,3,14,589.3
703,2025-08-24,12,6,3,390.55
704,2024-08-28,12,1,11,22159.49
705,2024-11-15,13,5,5,308.17
706,2025-05-21,9,5,20,1192.66
707,2025-04-08,7,8,5,1500.56
708,2024-10-03,11,8,16,4521.61
709,2025-05-22,1,5,14,789.33
710,2024-06-14,4,8,20,5990.35
711,2024-07-13,8,1,20,39410.06
712,2025-02-24,10,1,17,30265.01
713,2025-07-25,5,7,2,2422.16
714,2024-02-19,6,7,10,12525.46
715,2024-08-13,12,3,15,615.88
716,2024-04-10,10,3,13,499.99
717,2025-02-11,10,4,15,1107.3
718,2025-04-22,3,2,3,1545.32
719,2025-01-03,7,3,13,511.08
720,2024-09-08,12,3,6,247.81
721,2024-10-31,6,8,10,3060.7
722,2024-06-13,9,5,1,58.61
723,2024-01-08,12,4,7,560.86
724,2024-03-15,9,4,18,1371.52
725,2024-06-16,4,1,12,21098.85
726,2025-07-03,6,2,2,1029.29
727,2024-08-07,10,3,15,608.34
728,2025-05-25,6,7,3,3748.86
729,2024-12-02,3,5,11,651.81
730,2025-02-24,2,2,16,9098.92
731,2025-04-20,8,6,9,1165.72
732,2024-04-22,9,8,16,5036.53
733,2024-08-11,4,2,1,545.92
734,2024-06-16,9,7,14,15578.28
735,2024-06-19,10,5,9,555.66
736,2024-09-01,1,6,11,1395.4
737,2025-06-29,4,6,16,2201.43
738,2024-12-08,10,6,15,2022.92
739,2025-07-01,6,6,18,2335.33
740,2025-06-11,12,6,3,416.08
741,2025-09-21,10,3,19,753.53
742,2025-06-01,6,6,2,248.57
743,2024-10-02,11,5,7,414.66
744,2024-02-09,4,2,15,8242.9
745,2024-05-10,7,8,17,4945.25
746,2024-03-29,13,3,7,282.81
747,2025-01-02,1,1,20,40239.81
748,2024-04-02,10,5,1,59.73
749,2024-08-30,4,5,18,1031.27
750,2024-05-06,5,1,20,38342.33
751,2025-01-18,5,5,19,1075.23
752,2024-09-11,8,3,1,38.82
753,2024-02-23,8,3,20,828.83
754,2024-11-17,7,6,7,933.76
755,2025-09-15,10,8,19,5364.2
756,2024-11-30,9,8,16,4593.94
757,2025-02-27,12,7,6,7429.96
758,2025-07-27,9,1,3,5674.52
759,2024-05-22,10,3,17,620.88
760,2024-09-02,10,5,18,1055.37
761,2024-07-11,3,8,13,3629.22
762,2024-11-08,13,6,18,2394.12
763,2025-05-08,10,8,4,1217.7
764,2025-06-24,4,7,3,3656.6
765,2025-06-22,6,1,3,5439.6
766,2025-05-17,11,3,5,193.53
767,2024-11-17,4,6,10,1304.51
768,2025-08-30,8,6,3,392.12
769,2025-07-08,11,1,12,24250.35
770,2025-01-24,13,2,10,5811.21
771,2024-10-16,6,7,13,15304.39
772,2024-12-04,4,7,12,15183.27
773,2025-03-29,3,2,1,517.73
774,2025-09-16,3,3,14,577.46
775,2025-08-23,9,8,17,5038.09
776,2024-06-29,8,1,19,36070.36
777,2024-07-28,12,6,2,277.74
778,2024-04-10,9,2,5,2846.1
779,2025-05-14,5,2,17,9915.25
780,2025-05-09,13,2,18,10353.33
781,2024-09-14,10,8,15,4509.12
782,2024-11-01,13,5,10,558.61
783,2024-08-19,10,5,2,120.44
784,2025-03-22,6,1,10,18943.7
785,2025-06-02,5,5,9,561.4
786,2024-05-24,9,3,15,572.81
787,2024-07-06,4,1,11,22506.88
788,2025-06-23,11,7,13,14945.92
789,2024-06-18,10,6,2,263.87
790,2024-05-19,8,5,16,981.18
791,2024-10-07,10,8,9,2546.7
792,2025-08-21,8,6,17,2257.17
793,2025-03-11,13,7,20,25605.28
794,2024-07-26,2,7,15,18786.67
795,2025-02-10,4,6,6,750.88
796,2024-03-05,8,2,15,8039.36
797,2024-02-06,9,1,20,38931.66
798,2025-03-11,10,2,3,1740.93
799,2025-08-06,9,3,4,160.88
800,2025-08-26,10,5,14,851.4
801,2024-07-20,10,5,2,115.79
802,2025-09-05,5,8,3,898.81
803,2024-05-27,9,3,18,732.18
804,2025-08-13,10,2,2,1022.97
805,2024-11-17,12,3,1,41.7
806,2025-04-16,12,1,17,33355.34
807,2024-10-22,10,2,18,9448.53
808,2025-05-31,3,6,11,1460.28
809,2025-09-07,2,6,3,408.13
810,2024-06-13,9,7,7,8129.68
811,2025-04-09,9,8,7,1979.02
812,2025-02-13,9,2,18,10108.74
813,2025-06-18,13,1,2,3700.34
814,2024-10-23,4,8,18,5096.7
815,2024-02-08,3,1,16,32363.48
816,2025-03-17,1,1,10,19964.53
817,2025-07-01,2,2,4,2195.0
818,2025-06-14,8,7,11,12399.13
819,2024-08-31,13,4,2,160.35
820,2024-04-30,8,6,18,2197.54
821,2024-04-25,10,7,6,6642.01
822,2024-05-28,2,5,14,851.57
823,2024-04-20,3,5,17,995.04
824,2025-04-11,9,8,20,6432.29
825,2024-09-17,1,4,7,519.16
826,2024-09-25,10,4,15,1236.25
827,2024-06-07,10,8,16,4551.42
828,2025-03-15,6,7,9,10513.66
829,2024-02-14,10,3,6,244.69
830,2025-08-03,10,6,14,1718.95
831,2025-05-30,6,2,8,4559.07
832,2024-06-25,9,8,2,637.49
833,2024-11-22,7,3,15,605.58
834,2024-06-12,3,1,9,16096.99
835,2024-05-22,7,5,20,1115.2
836,2025-08-09,9,4,3,233.65
837,2024-06-22,9,8,9,2490.27
838,2024-07-13,8,4,19,1608.17
839,2024-10-30,1,8,17,4719.43
840,2025-06-10,11,8,16,4600.71
841,2025-05-04,13,3,12,452.71
842,2024-12-07,6,8,19,5925.53
843,2025-05-26,12,7,6,7533.92
844,2025-03-08,11,2,13,7586.27
845,2024-11-04,5,4,3,241.57
846,2024-12-28,12,6,2,241.94
847,2024-09-28,4,2,18,10212.99
848,2024-07-07,3,8,19,6038.47
849,2025-05-20,6,5,17,1031.92
850,2024-09-15,9,2,16,9078.9
851,2024-08-12,9,2,7,4083.97
852,2025-08-05,6,2,4,2078.21
853,2024-05-07,4,1,10,18736.4
854,2024-12-04,8,1,10,18045.24
855,2025-07-01,9,6,14,1828.74
856,2024-12-11,10,8,15,4358.94
857,2024-05-22,5,8,12,3871.14
858,2024-09-20,9,3,20,832.93
859,2025-09-15,11,3,6,224.19
860,2024-04-20,5,3,7,275.73
861,2024-09-14,7,3,18,679.71
862,2024-12-19,3,8,11,3118.4
863,2024-12-24,10,5,16,1003.81
864,2025-09-26,10,8,11,3399.87
865,2024-04-29,9,5,1,58.07
866,2024-03-25,1,4,19,1507.35
867,2024-06-08,2,8,3,968.52
868,2025-02-19,9,1,12,22414.49
869,2024-10-11,1,6,12,1500.47
870,2024-06-22,12,7,15,17391.27
871,2024-11-03,12,3,19,752.61
872,2025-09-23,9,6,3,413.82
873,2024-01-09,10,5,14,783.03
874,2025-08-14,4,7,10,12103.42
875,2025-07-01,6,8,8,2218.31
876,2025-09-06,11,8,4,1229.53
877,2024-12-15,10,4,1,74.19
878,2024-03-04,10,8,19,5641.69
879,2025-09-16,11,6,17,2274.74
880,2025-02-06,3,8,5,1465.77
881,2025-03-10,13,1,10,18356.99
882,2024-06-07,10,2,20,11423.82
883,2025-06-26,10,5,9,546.76
884,2025-02-05,11,1,5,9522.6
885,2024-09-12,12,2,7,3630.59
886,2025-08-04,9,2,14,7637.41
887,2025-08-19,9,5,12,667.11
888,2025-01-02,13,3,10,360.59
889,2025-07-13,3,4,10,742.64
890,2025-04-10,10,2,1,573.13
891,2024-04-06,10,1,16,28531.41
892,2025-03-28,10,2,20,10462.45
893,2024-09-19,2,5,19,1093.71
894,2025-05-02,5,2,4,2308.29
895,2025-04-25,13,3,18,646.33
896,2025-08-17,11,8,12,3714.12
897,2024-04-05,11,7,14,16031.97
898,2025-09-21,3,2,17,8789.32
899,2025-01-23,1,6,16,1937.1
900,2024-08-25,13,8,8,2420.7
901,2024-06-03,2,8,12,3415.28
902,2024-04-04,8,2,4,2070.69
903,2024-04-01,12,3,3,114.45
904,2025-07-06,8,4,14,1145.85
905,2025-02-06,5,7,12,14344.3
906,2024-12-10,5,8,4,1127.46
907,2025-08-29,1,1,3,5695.3
908,2025-02-19,6,5,20,1203.27
909,2024-12-31,9,8,7,2030.64
910,2025-01-14,11,1,2,4096.2
911,2024-11-19,11,8,15,4165.91
912,2025-05-31,12,3,16,617.08
913,2025-05-22,9,8,18,5560.16
914,2025-07-12,9,7,9,10790.83
915,2024-09-20,13,6,2,238.52
916,2024-09-17,10,1,11,20489.85
917,2024-10-27,2,4,8,605.16
918,2025-04-09,12,2,11,5719.93
919,2025-03-22,8,7,9,9971.26
920,2024-08-27,9,6,19,2293.24
921,2024-06-15,9,6,6,788.22
922,2024-12-18,11,2,18,9429.93
923,2025-02-01,11,2,19,9754.63
924,2025-06-12,9,4,12,992.84
925,2025-06-14,8,6,7,890.62
926,2025-03-30,9,1,17,34156.5
927,2025-09-09,10,8,9,2888.85
928,2025-05-25,8,1,17,30736.76
929,2025-05-12,10,7,14,16312.54
930,2024-06-13,8,5,6,340.21
931,2024-04-10,4,4,10,785.47
932,2025-03-16,1,3,9,330.58
933,2025-03-23,4,1,16,31756.06
934,2024-08-26,6,2,14,8173.94
935,2024-10-17,11,3,8,292.63
936,2025-01-02,11,5,16,1002.08
937,2025-06-15,6,7,8,10268.93
938,2024-06-21,5,7,9,11427.09
939,2025-04-15,3,7,16,19761.37
940,2025-08-26,7,6,10,1191.15
941,2025-07-04,10,1,8,14591.57
942,2025-04-16,12,2,18,10462.2
943,2025-08-11,7,5,10,551.32
944,2024-06-18,12,8,11,3500.36
945,2024-02-05,11,8,16,4981.97
946,2024-11-02,12,2,6,3398.61
947,2025-02-18,11,6,15,1995.44
948,2024-05-31,8,3,1,38.38
949,2024-03-17,3,3,20,803.18
950,2024-12-06,10,5,6,364.62
951,2024-06-10,8,3,13,537.53
952,2024-06-28,13,4,3,254.98
953,2024-05-20,8,7,20,23079.01
954,2025-09-01,3,7,15,18942.5
955,2024-06-13,13,5,10,613.26
956,2024-06-15,4,5,7,407.6
957,2024-08-10,5,8,8,2349.94
958,2024-01-14,3,6,13,1727.14
959,2025-05-06,5,2,18,9184.33
960,2025-08-10,13,1,1,1824.15
961,2024-10-16,7,1,19,34230.03
962,2024-09-11,9,2,11,6242.16
963,2024-08-25,13,8,9,2807.06
964,2025-07-24,9,5,17,972.99
965,2025-09-27,10,3,18,741.65
966,2024-02-22,3,4,6,438.8
967,2024-11-11,13,8,2,594.39
968,2024-11-24,2,3,4,152.25
969,2025-07-01,10,5,19,1191.11
970,2025-09-14,9,3,14,582.73
971,2024-03-26,6,5,4,232.0
972,2025-07-02,3,2,15,8670.73
973,2025-09-05,9,1,11,22459.09
974,2024-09-02,10,3,7,288.87
975,2025-06-10,10,7,3,3541.74
976,2025-07-18,2,4,6,465.54
977,2025-09-05,3,5,16,989.48
978,2025-08-08,9,6,4,543.41
979,2025-07-29,9,7,3,3747.74
980,2024-11-09,8,1,17,31465.57
981,2025-04-08,3,8,17,5205.72
982,2024-11-11,12,8,10,2831.33
983,2025-07-04,9,5,19,1039.88
984,2024-04-05,8,2,15,8446.94
985,2024-07-18,2,1,4,7888.31
986,2025-07-05,1,7,10,11642.78
987,2024-11-19,11,6,6,738.22
988,2024-07-21,10,7,18,19933.91
989,2025-03-21,9,7,20,24867.5
990,2025-02-27,10,7,10,11208.26
991,2025-06-20,10,4,1,75.32
992,2024-11-10,10,4,3,229.45
993,2024-01-25,3,3,15,628.42
994,2025-02-08,4,7,2,2336.2
995,2024-11-08,8,8,19,5787.41
996,2024-12-12,9,8,8,2482.29
997,2024-08-27,2,7,16,18023.24
998,2024-11-18,8,3,10,404.12
999,2024-12-24,9,6,20,2725.91
1000,2025-07-28,10,7,14,17695.32
1001,2025-06-09,10,3,20,743.46
1002,2024-12-09,4,3,20,779.02
1003,2024-12-16,5,1,1,1856.09
1004,2024-05-24,11,1,3,5549.09
1005,2025-01-25,9,6,12,1614.72
1006,2025-08-04,11,2,2,1172.95
1007,2025-07-05,2,2,20,11172.64
1008,2025-01-26,9,3,4,165.26
1009,2024-08-12,8,8,4,1133.62
1010,2024-04-17,4,7,1,1151.1
1011,2024-12-22,2,6,14,1765.73
1012,2025-05-16,8,4,5,414.07
1013,2024-11-24,11,6,1,127.81
1014,2024-12-30,2,6,11,1396.67
1015,2024-10-15,1,3,19,688.57
1016,2025-03-24,9,5,14,813.05
1017,2024-08-20,10,6,1,135.75
1018,2024-05-04,8,4,18,1450.29
1019,2024-09-15,11,7,7,8912.03
1020,2024-10-13,10,3,17,715.18
1021,2025-01-19,9,3,1,36.05
1022,2024-07-09,10,7,17,19128.48
1023,2025-03-05,7,1,4,7533.7
1024,2024-09-11,5,4,12,917.54
1025,2025-02-01,3,7,17,21175.24
1026,2024-06-06,10,8,4,1132.14
1027,2024-03-25,8,3,16,595.52
1028,2024-10-21,9,7,9,10945.68
1029,2025-04-09,13,7,6,6790.29
1030,2024-04-22,10,2,7,3815.6
1031,2025-01-24,12,2,20,11598.95
1032,2024-08-10,9,2,12,6382.37
1033,2024-01-31,3,7,2,2567.74
1034,2024-05-30,10,1,4,7653.77
1035,2024-12-08,6,8,11,3448.55
1036,2025-02-20,10,8,15,4620.4
1037,2024-03-22,9,7,13,14933.12
1038,2025-09-07,12,5,3,187.36
1039,2025-06-09,10,2,18,9226.08
1040,2025-05-18,13,4,16,1264.53
1041,2025-01-08,13,5,7,396.17
1042,2024-11-16,11,6,13,1700.85
1043,2024-09-11,4,1,17,31339.73
1044,2024-03-30,3,3,6,224.85
1045,2024-10-24,4,6,6,715.44
1046,2024-08-30,8,6,9,1137.88
1047,2024-06-13,10,4,16,1265.74
1048,2024-07-28,6,7,3,3590.88
1049,2025-07-29,5,2,8,4576.8
1050,2025-01-29,8,4,5,386.99
1051,2025-01-11,8,8,2,552.1
1052,2024-08-10,13,1,2,4061.43
1053,2025-07-03,7,6,7,915.3
1054,2025-05-08,9,5,3,174.04
1055,2025-01-22,5,7,7,8548.44
1056,2025-04-05,7,5,15,852.86
1057,2024-06-18,13,6,1,137.55
1058,2025-02-22,1,1,6,11235.69
1059,2025-05-21,9,2,18,9140.37
1060,2025-03-31,7,7,20,23454.59
1061,2025-04-14,1,8,12,3851.28
1062,2024-01-23,5,6,7,843.76
1063,2025-04-26,5,8,12,3333.19
1064,2025-02-20,1,7,4,5084.1
1065,2025-01-19,10,3,3,118.65
1066,2025-08-24,11,5,7,435.97
1067,2025-04-03,9,8,1,321.02
1068,2024-02-21,13,7,14,16192.61
1069,2024-09-25,10,4,2,152.39
1070,2024-01-08,4,2,19,10944.49
1071,2025-04-10,13,4,7,523.31
1072,2024-03-28,9,1,19,37796.84
1073,2024-07-13,9,6,2,271.28
1074,2024-03-09,9,8,4,1224.07
1075,2024-02-28,1,6,3,404.5
1076,2024-02-24,9,7,3,3370.65
1077,2025-07-09,8,7,8,10160.0
1078,2024-11-21,9,7,20,24457.85
1079,2025-06-02,9,6,19,2330.4
1080,2024-03-05,10,4,19,1411.18
1081,2024-12-08,9,3,8,293.91
1082,2025-02-08,9,6,10,1307.27
1083,2024-12-01,9,5,12,761.27
1084,2024-05-03,5,1,14,25921.63
1085,2024-06-12,2,4,16,1303.39
1086,2024-09-06,9,6,20,2497.29
1087,2025-07-24,12,8,8,2561.26
1088,2024-11-29,4,8,11,3462.24
1089,2025-06-26,1,1,3,5567.46
1090,2024-11-13,10,6,2,277.62
1091,2024-06-24,5,3,11,452.85
1092,2024-05-25,5,2,1,578.11
1093,2025-07-29,7,4,10,784.46
1094,2024-05-22,9,7,3,3380.25
1095,2024-06-04,9,6,11,1441.6
1096,2024-02-16,9,4,18,1375.17
1097,2025-03-06,5,3,17,712.69
1098,2024-03-16,9,2,6,3298.54
1099,2024-12-25,9,8,6,1748.69
1100,2025-04-25,9,5,19,1103.23
1101,2024-02-08,4,4,15,1253.86
1102,2025-07-31,9,6,9,1170.39
1103,2024-11-16,7,1,15,28540.89
1104,2024-11-08,7,8,11,3180.15
1105,2024-07-25,2,2,10,5790.94
1106,2025-06-03,12,2,4,2045.39
1107,2024-06-09,6,5,9,504.72
1108,2025-07-12,10,5,1,61.55
1109,2025-09-28,13,1,16,31133.1
1110,2025-07-18,5,4,16,1210.15
1111,2024-12-01,11,6,3,375.43
1112,2025-04-14,4,8,18,4994.01
1113,2024-08-20,10,8,12,3507.74
1114,2024-10-21,10,5,11,658.03
1115,2024-04-29,13,6,19,2501.92
1116,2025-07-19,13,4,13,955.31
1117,2024-09-04,13,5,3,167.69
1118,2025-06-26,9,1,6,10845.26
1119,2024-06-15,6,2,15,7651.9
1120,2025-07-15,8,3,4,146.74
1121,2024-10-12,12,4,5,418.41
1122,2025-03-26,3,5,19,1067.73
1123,2024-06-12,13,8,3,946.74
1124,2024-09-04,9,8,15,4473.14
1125,2025-03-16,12,6,10,1267.52
1126,2024-10-29,4,7,15,17667.84
1127,2024-03-27,10,1,8,16129.14
1128,2025-01-11,10,2,7,4094.32
1129,2024-04-16,7,2,17,9731.02
1130,2024-07-17,9,8,1,279.51
1131,2024-10-08,10,4,13,951.05
1132,2024-04-27,10,8,16,4770.32
1133,2025-04-23,8,8,9,2847.56
1134,2024-03-31,6,7,6,6713.38
1135,2024-05-09,7,4,2,167.93
1136,2024-02-18,10,2,13,7354.36
1137,2024-02-18,7,4,8,619.32
1138,2024-11-02,13,6,7,929.0
1139,2024-03-28,11,3,6,216.93
1140,2024-08-31,10,4,18,1398.12
1141,2024-04-04,6,1,13,25295.26
1142,2024-06-25,10,5,20,1155.26
1143,2024-08-18,9,2,18,10342.52
1144,2024-07-16,2,6,13,1724.73
1145,2024-09-06,10,6,16,1921.18
1146,2024-11-18,9,4,17,1361.8
1147,2025-02-26,12,5,8,489.97
1148,2024-02-28,7,5,7,389.98
1149,2025-08-19,9,8,11,3106.89
1150,2024-02-11,10,7,10,12481.06
1151,2024-09-13,4,1,8,15924.74
1152,2025-07-22,9,3,15,597.15
1153,2025-09-04,1,3,7,256.64
1154,2025-06-09,4,2,14,7962.68
1155,2024-07-11,4,4,10,762.87
1156,2024-07-29,10,2,12,6480.74
1157,2024-12-23,10,3,16,576.06
1158,2025-05-19,12,3,18,727.46
1159,2024-11-21,7,8,3,875.99
1160,2025-08-15,1,6,16,2032.48
1161,2025-05-10,7,5,19,1044.1
1162,2024-04-18,12,3,7,284.49
1163,2025-05-15,7,8,12,3713.16
1164,2025-05-06,5,1,12,23265.46
1165,2025-03-15,5,8,5,1441.03
1166,2025-07-04,1,2,13,7020.14
1167,2024-12-31,4,7,6,7579.87
1168,2025-09-12,10,7,19,22099.51
1169,2025-05-01,2,6,5,621.16
1170,2025-04-15,1,3,16,574.24
1171,2025-01-03,10,7,6,6827.21
1172,2024-12-11,9,2,15,8323.4
1173,2025-05-14,11,4,9,765.94
1174,2025-08-13,2,3,3,113.13
1175,2024-09-13,9,8,16,4932.71
1176,2025-05-15,1,1,4,7244.84
1177,2024-12-31,13,5,16,939.96
1178,2024-10-01,12,6,8,1104.82
1179,2024-02-26,7,6,4,474.97
1180,2025-07-01,12,1,20,35688.41
1181,2025-05-15,5,8,20,6178.74
1182,2025-03-24,1,6,1,131.76
1183,2025-05-06,10,4,20,1576.09
1184,2024-09-17,13,8,4,1244.98
1185,2024-05-02,9,1,5,9491.85
1186,2025-09-27,13,8,6,1914.17
1187,2025-01-13,5,3,3,109.61
1188,2025-08-22,6,7,9,10316.81
1189,2025-08-04,3,3,18,717.0
1190,2024-09-07,4,2,11,5920.16
1191,2024-10-08,10,7,8,9175.37
1192,2024-03-22,10,4,4,319.68
1193,2024-10-07,10,5,2,119.7
1194,2024-11-03,10,3,17,680.37
1195,2024-01-12,11,6,5,677.63
1196,2025-04-04,3,5,5,306.66
1197,2024-02-06,6,2,9,5333.79
1198,2025-06-27,9,7,2,2584.76
1199,2024-06-18,10,4,2,168.7
1200,2025-05-01,6,3,1,39.3
1201,2025-09-24,10,7,3,3616.04
1202,2024-06-08,11,7,4,4516.53
1203,2025-06-14,11,5,15,906.9
1204,2024-12-09,12,4,7,579.93
1205,2024-09-26,11,2,5,2690.78
1206,2024-05-20,2,6,16,1958.2
1207,2025-03-18,9,3,13,486.31
1208,2024-08-19,9,3,13,529.38
1209,2024-03-23,9,7,9,11028.67
1210,2024-04-12,3,4,1,80.1
1211,2025-04-12,2,3,13,505.72
1212,2025-01-31,2,2,18,9383.77
1213,2025-01-22,9,8,3,902.72
1214,2025-06-06,3,4,4,299.85
1215,2025-01-21,11,2,2,1032.79
1216,2025-01-26,11,1,3,6134.46
1217,2025-01-15,8,1,8,14707.31
1218,2025-06-02,10,8,5,1518.5
1219,2025-09-22,7,4,4,324.22
1220,2024-05-01,11,4,5,401.46
1221,2024-04-21,9,2,18,9494.57
1222,2024-10-19,2,5,14,884.18
1223,2025-03-06,5,4,12,957.65
1224,2024-05-17,11,6,14,1771.02
1225,2024-07-28,9,7,3,3501.71
1226,2025-05-30,3,4,9,655.24
1227,2024-10-06,2,2,6,3307.95
1228,2025-06-15,2,6,19,2594.29
1229,2025-08-04,4,7,6,7021.64
1230,2025-01-07,9,7,16,19483.58
1231,2025-04-23,10,3,13,512.48
1232,2025-03-12,7,4,20,1559.33
1233,2024-09-20,9,5,9,569.45
1234,2025-08-19,5,2,10,5407.88
1235,2024-03-15,10,2,6,3333.69
1236,2025-08-22,11,1,14,27339.06
1237,2024-12-18,10,2,13,6581.91
1238,2024-01-10,8,6,8,1113.61
1239,2025-09-29,13,1,20,37667.97
1240,2025-05-22,12,3,3,114.51
1241,2024-02-20,9,3,12,503.17
1242,2025-06-29,11,2,10,5313.6
1243,2025-05-07,9,4,10,844.24
1244,2025-08-02,13,8,2,586.15
1245,2024-09-20,1,3,13,495.2
1246,2024-03-19,9,3,14,513.14
1247,2025-03-22,5,7,12,13937.55
1248,2025-06-18,2,8,15,4256.52
1249,2024-09-24,12,4,4,300.3
1250,2025-05-11,12,3,7,292.59
1251,2024-04-14,9,8,5,1457.97
1252,2024-12-21,12,7,5,5625.34
1253,2024-05-11,9,4,2,162.51
1254,2025-05-07,8,5,10,588.67
1255,2024-05-08,9,4,9,741.34
1256,2024-07-13,11,4,16,1305.75
1257,2024-12-21,4,3,8,293.05
1258,2024-06-06,3,1,20,36154.79
1259,2025-01-03,10,4,8,615.43
1260,2025-03-14,6,5,12,683.14
1261,2024-08-30,1,1,1,1762.92
1262,2024-12-03,12,2,14,7298.43
1263,2024-08-20,2,1,18,35661.2
1264,2025-06-17,10,6,8,1056.81
1265,2025-07-30,3,2,2,1113.21
1266,2024-06-04,10,2,3,1763.43
1267,2024-12-04,10,3,2,73.36
1268,2025-08-01,10,6,12,1535.24
1269,2024-03-05,8,1,6,11574.76
1270,2024-02-16,9,4,13,1026.18
1271,2024-03-11,8,7,18,22565.51
1272,2024-05-31,3,4,19,1548.24
1273,2024-11-22,10,5,10,623.27
1274,2024-04-14,4,4,10,731.74
1275,2025-08-21,5,1,8,16381.93
1276,2025-03-17,10,6,11,1324.38
1277,2025-04-28,8,5,11,699.39
1278,2024-09-21,10,5,6,340.18
1279,2025-07-19,13,2,13,7645.9
1280,2025-02-19,4,8,8,2332.52
1281,2025-07-14,8,8,8,2488.25
1282,2024-12-07,9,8,6,1890.89
1283,2025-08-30,4,5,1,57.21
1284,2025-04-08,4,3,3,115.62
1285,2024-10-21,10,3,1,39.64
1286,2025-06-26,10,1,5,9112.68
1287,2025-03-05,1,1,4,7647.5
1288,2024-03-19,3,8,6,1744.53
1289,2025-01-14,5,2,1,577.54
1290,2024-12-26,11,3,1,41.57
1291,2024-05-05,10,4,13,1057.69
1292,2024-12-15,13,4,4,339.08
1293,2024-09-08,7,2,2,1116.36
1294,2025-02-17,10,3,10,397.78
1295,2024-07-29,9,6,9,1218.72
1296,2024-01-04,12,3,5,189.39
1297,2025-06-03,9,2,4,2223.35
1298,2024-03-23,13,3,13,495.04
1299,2025-09-15,9,6,5,676.18
1300,2024-10-31,9,8,18,5431.29
1301,2025-04-24,9,4,3,226.96
1302,2024-01-21,9,3,4,145.01
1303,2025-07-18,11,5,15,834.61
1304,2025-08-13,5,4,2,164.24
1305,2024-05-02,10,7,12,13372.61
1306,2024-12-05,9,3,1,36.8
1307,2024-01-16,11,7,5,6254.8
1308,2025-01-05,13,8,14,4349.56
1309,2024-01-17,2,1,2,3861.3
1310,2024-10-17,8,8,18,5582.66
1311,2024-08-21,5,3,9,377.57
1312,2024-04-19,4,1,8,14930.19
1313,2025-02-20,2,8,16,4656.53
1314,2024-05-17,11,7,7,8090.77
1315,2025-05-30,6,4,10,747.37
1316,2024-01-14,12,4,18,1354.14
1317,2024-03-19,9,1,19,38889.51
1318,2024-03-25,6,6,10,1384.68
1319,2024-10-13,7,3,4,151.79
1320,2024-12-21,10,1,19,37790.2
1321,2024-02-09,3,8,3,955.47
1322,2025-07-28,11,3,6,252.47
1323,2025-02-22,9,6,15,2023.34
1324,2025-07-12,8,7,8,9152.75
1325,2024-05-08,10,8,4,1258.51
1326,2025-01-17,13,2,16,8213.55
1327,2024-05-15,5,6,12,1446.26
1328,2024-07-20,9,5,15,906.28
1329,2025-01-29,1,5,13,755.84
1330,2024-11-14,9,6,12,1444.84
1331,2025-07-24,13,1,20,40881.26
1332,2025-04-15,9,3,4,150.77
1333,2024-03-09,7,8,3,878.25
1334,2025-06-22,2,3,4,166.42
1335,2024-06-11,6,6,11,1531.71
1336,2024-12-05,5,1,18,32299.21
1337,2024-08-30,1,7,2,2567.6
1338,2024-12-03,1,1,14,25606.99
1339,2024-03-06,8,5,15,937.57
1340,2024-07-21,11,2,14,7491.72
1341,2024-09-17,8,8,18,5563.15
1342,2024-09-21,10,7,1,1211.69
1343,2025-04-29,9,3,11,440.26
1344,2025-06-25,10,1,5,10097.36
1345,2024-08-27,10,7,9,10835.76
1346,2025-06-29,3,8,19,5332.87
1347,2024-11-01,9,3,20,764.72
1348,2025-09-14,9,1,12,23932.06
1349,2024-12-21,12,8,15,4438.12
1350,2024-11-04,13,6,4,551.2
1351,2025-01-20,3,7,13,15063.43
1352,2025-03-09,10,2,3,1727.62
1353,2025-02-26,8,8,20,6410.14
1354,2025-02-06,1,5,14,787.92
1355,2024-04-11,11,2,12,7080.9
1356,2025-06-23,10,7,1,1284.41
1357,2024-07-27,10,5,14,848.9
1358,2024-02-04,1,6,17,2305.29
1359,2025-09-07,13,4,18,1529.73
1360,2025-06-27,11,7,5,6421.82
1361,2024-10-21,6,3,14,522.5
1362,2024-04-14,9,7,9,11382.92
1363,2024-03-25,1,1,19,34078.06
1364,2025-09-15,9,1,5,10229.4
1365,2024-06-02,10,4,10,751.3
1366,2025-06-15,7,5,2,113.75
1367,2025-03-11,9,2,4,2181.64
1368,2024-08-05,12,2,3,1645.48
1369,2024-10-14,9,1,14,24772.09
1370,2025-04-08,7,6,15,2030.53
1371,2024-05-27,9,1,4,8174.41
1372,2025-02-25,9,3,17,688.64
1373,2024-02-01,1,3,7,289.03
1374,2024-09-04,4,3,9,338.29
1375,2025-04-20,10,8,16,4750.9
1376,2024-07-15,4,5,13,718.27
1377,2024-05-18,4,8,14,4457.28
1378,2025-06-20,9,7,14,15992.85
1379,2025-06-22,8,1,17,31007.5
1380,2025-07-24,13,6,13,1550.87
1381,2025-06-06,7,2,7,3939.51
1382,2024-04-16,6,1,11,19932.36
1383,2024-07-03,2,5,20,1125.66
1384,2025-04-25,13,2,19,11086.34
1385,2024-08-28,6,4,2,165.65
1386,2024-11-01,3,3,20,758.39
1387,2024-08-07,10,1,15,27502.23
1388,2025-08-04,12,1,11,21372.88
1389,2025-06-13,10,5,11,675.34
1390,2024-08-25,9,7,10,12377.2
1391,2025-09-12,3,6,20,2416.01
1392,2024-04-29,13,7,8,9093.41
1393,2024-09-30,12,1,2,3651.97
1394,2025-09-01,2,6,20,2700.38
1395,2025-08-20,9,2,5,2665.65
1396,2025-07-09,12,8,4,1204.18
1397,2024-12-13,5,8,8,2243.25
1398,2024-09-20,11,4,7,570.25
1399,2024-06-20,10,8,13,3705.26
1400,2025-02-11,9,6,10,1333.04
1401,2024-04-04,3,6,13,1804.47
1402,2025-05-31,4,5,14,781.62
1403,2025-03-17,3,2,4,2104.84
1404,2024-02-01,10,8,12,3464.97
1405,2024-11-08,3,7,17,19857.33
1406,2024-02-19,7,7,7,8123.14
1407,2025-01-06,9,7,4,4939.13
1408,2024-06-24,1,1,19,34731.16
1409,2024-06-29,9,7,13,15332.64
1410,2025-04-11,9,3,7,266.34
1411,2025-05-05,2,8,10,3169.23
1412,2025-04-05,3,6,15,1824.11
1413,2024-09-08,4,5,3,167.67
1414,2024-09-19,9,1,16,32198.38
1415,2024-01-21,10,5,8,473.91
1416,2024-03-26,6,6,15,1932.11
1417,2025-03-26,5,8,1,315.73
1418,2024-12-30,10,8,4,1155.83
1419,2024-05-05,8,4,5,385.97
1420,2025-04-13,8,4,3,225.39
1421,2025-09-11,12,8,17,4834.76
1422,2024-09-06,9,5,10,560.79
1423,2025-06-30,3,8,19,6126.96
1424,2025-09-13,9,3,15,601.93
1425,2025-01-23,3,8,10,2791.02
1426,2024-06-23,11,2,2,1095.96
1427,2025-06-30,1,3,12,496.36
1428,2025-09-07,9,2,9,4658.49
1429,2025-08-16,6,1,16,32488.69
1430,2024-10-11,8,2,9,5273.19
1431,2024-11-10,12,3,7,262.08
1432,2024-08-20,6,8,18,5126.43
1433,2024-03-28,9,6,17,2345.59
1434,2024-11-05,8,7,15,16639.7
1435,2024-11-01,10,5,8,478.07
1436,2025-08-06,12,1,13,23209.48
1437,2025-05-21,9,1,3,5291.09
1438,2024-09-07,2,5,19,1117.68
1439,2025-05-09,10,1,7,13327.59
1440,2024-04-27,12,3,10,398.0
1441,2025-06-14,9,4,4,294.11
1442,2024-12-31,5,2,16,8115.93
1443,2025-08-20,6,8,6,1892.24
1444,2025-06-23,10,2,14,7250.97
1445,2025-05-11,5,4,16,1260.05
1446,2025-02-10,7,5,13,752.99
1447,2025-06-19,3,5,15,831.21
1448,2024-02-06,10,8,2,639.18
1449,2025-07-27,9,1,6,11134.67
1450,2024-09-17,10,7,17,18972.87
1451,2025-04-27,7,3,9,367.0
1452,2024-03-06,11,8,13,4188.63
1453,2025-04-21,9,5,5,304.33
1454,2025-02-08,11,2,2,1015.35
1455,2025-03-27,9,8,11,3437.23
1456,2025-05-04,5,3,13,527.75
1457,2025-02-24,3,2,15,8581.99
1458,2025-08-19,6,8,13,3671.13
1459,2024-06-08,9,5,8,449.43
1460,2025-06-16,4,1,4,7235.69
1461,2024-09-24,8,2,11,5734.93
1462,2025-03-13,9,4,19,1579.67
1463,2025-08-06,11,2,15,8139.49
1464,2024-03-14,10,5,4,221.57
1465,2024-09-06,4,5,9,521.69
1466,2024-05-12,6,4,17,1435.79
1467,2024-02-25,10,2,19,10382.56
1468,2024-02-02,7,5,7,402.07
1469,2025-01-17,10,1,8,15176.33
1470,2025-02-23,11,1,12,24541.97
1471,2025-02-24,2,8,5,1444.92
1472,2024-12-24,10,7,16,18596.1
1473,2024-01-25,1,4,18,1446.6
1474,2024-01-22,9,7,13,16087.82
1475,2024-04-28,8,6,12,1472.12
1476,2024-07-03,9,4,14,1149.79
1477,2025-01-29,13,1,8,15951.9
1478,2024-05-28,1,6,20,2644.07
1479,2025-02-20,9,2,3,1535.37
1480,2025-04-19,11,4,15,1225.41
1481,2024-08-12,10,5,11,669.54
1482,2025-08-06,10,8,9,2517.89
1483,2025-01-01,6,4,4,309.55
1484,2025-09-18,10,8,4,1108.09
1485,2025-02-10,6,2,2,1059.19
1486,2025-07-16,7,1,8,14476.71
1487,2024-02-21,6,6,1,137.46
1488,2025-06-27,5,4,1,76.99
1489,2024-11-05,10,1,4,7660.77
1490,2024-08-09,13,8,14,4248.79
1491,2024-05-16,7,4,5,420.77
1492,2024-07-31,13,5,11,656.38
1493,2024-07-27,5,1,4,7361.31
1494,2025-07-08,8,1,15,26246.63
1495,2025-03-11,9,7,2,2430.56
1496,2025-01-19,13,8,6,1730.31
1497,2024-12-16,5,3,5,206.58
1498,2025-03-21,4,8,19,5533.41
1499,2025-09-03,13,5,1,60.68
1500,2025-04-26,9,6,4,481.12
1501,2024-07-06,6,6,14,1682.15
1502,2024-01-28,9,6,11,1526.87
1503,2025-08-29,6,1,6,11153.91
1504,2025-02-12,2,4,11,870.5
1505,2025-02-06,7,4,13,1081.35
1506,2024-10-07,13,2,3,1767.86
1507,2025-09-28,10,7,18,22405.41
1508,2024-02-21,9,8,11,3178.13
1509,2024-07-11,5,6,8,1024.71
1510,2024-07-09,10,7,12,13431.61
1511,2024-09-26,9,4,15,1239.28
1512,2025-09-22,12,4,14,1136.81
1513,2025-06-09,7,2,3,1622.89
1514,2024-12-16,12,4,6,502.55
1515,2024-07-24,9,8,4,1128.27
1516,2025-04-10,13,3,17,701.92
1517,2024-09-21,8,4,10,741.85
1518,2025-02-12,9,1,3,5914.62
1519,2024-10-25,8,7,10,12494.71
1520,2025-04-29,9,2,5,2918.75
1521,2025-03-18,7,8,6,1802.5
1522,2024-03-28,6,6,2,260.65
1523,2025-07-06,8,6,13,1628.32
1524,2025-06-19,10,4,14,1109.39
1525,2024-03-30,6,2,10,5291.35
1526,2024-08-09,12,2,8,4508.96
1527,2025-07-03,10,1,20,40426.16
1528,2025-06-11,1,1,12,21705.63
1529,2025-05-04,9,8,10,3200.64
1530,2024-04-15,12,8,9,2521.53
1531,2025-03-29,13,2,8,4551.77
1532,2024-08-01,10,2,11,6418.03
1533,2025-04-19,9,4,18,1458.66
1534,2025-03-09,1,3,19,726.32
1535,2024-07-25,3,3,16,602.29
1536,2025-09-03,11,4,1,78.17
1537,2025-04-21,1,5,20,1157.4
1538,2024-12-10,10,3,10,411.26
1539,2024-12-14,10,6,18,2314.93
1540,2025-07-26,10,5,14,888.03
1541,2024-04-12,9,6,4,503.42
1542,2025-07-27,11,8,20,5915.52
1543,2024-12-24,12,7,2,2423.91
1544,2024-10-26,11,7,13,15002.71
1545,2024-06-24,10,1,10,18830.9
1546,2025-01-10,10,2,20,11174.57
1547,2025-09-02,1,7,3,3761.53
1548,2025-05-23,2,1,17,30787.46
1549,2025-07-03,8,4,10,828.08
1550,2024-06-22,10,1,2,4007.94
1551,2024-12-20,10,1,6,10998.56
1552,2025-04-09,1,2,13,7314.31
1553,2024-07-28,2,2,17,9664.68
1554,2024-01-18,11,3,4,161.89
1555,2025-02-20,6,6,14,1809.57
1556,2024-06-13,5,8,13,3769.73
1557,2025-01-25,9,4,13,947.67
1558,2024-10-02,9,2,15,7871.42
1559,2024-07-03,7,2,10,5342.81
1560,2024-03-27,4,8,19,5471.97
1561,2024-12-03,10,4,2,164.76
1562,2024-09-10,3,6,19,2489.72
1563,2024-06-17,9,8,18,5399.84
1564,2024-11-26,9,2,4,2169.89
1565,2024-01-17,9,2,6,3134.5
1566,2025-07-29,9,8,5,1559.76
1567,2024-08-15,8,5,9,532.91
1568,2025-03-18,3,4,20,1694.26
1569,2024-12-03,4,6,5,610.35
1570,2024-08-28,4,8,3,971.04
1571,2024-06-10,2,8,11,3086.01
1572,2024-03-04,10,4,12,967.54
1573,2025-06-23,12,5,12,722.1
1574,2025-01-13,10,2,19,9850.91
1575,2024-07-23,2,7,11,13359.78
1576,2025-09-11,10,8,7,1988.48
1577,2024-03-24,11,3,5,184.54
1578,2025-08-04,1,8,14,4310.77
1579,2024-04-13,9,7,13,16114.79
1580,2024-08-28,2,4,6,507.79
1581,2025-07-04,9,8,9,2780.08
1582,2024-09-17,1,6,15,2018.82
1583,2025-02-27,12,4,13,1006.33
1584,2024-06-08,7,4,1,80.09
1585,2025-08-15,9,1,20,36600.74
1586,2024-10-18,13,5,9,541.64
1587,2025-07-17,12,8,16,4549.46
1588,2025-01-16,2,6,1,131.33
1589,2024-05-26,11,2,14,8096.82
1590,2025-04-22,6,5,7,423.25
1591,2025-03-31,12,3,19,767.34
1592,2025-03-26,8,1,3,5417.11
1593,2024-07-26,4,1,9,17387.78
1594,2025-03-09,11,1,10,18302.6
1595,2025-01-29,10,8,3,844.74
1596,2024-06-01,9,1,6,11920.38
1597,2024-03-16,10,4,10,832.64
1598,2024-06-05,10,3,10,362.13
1599,2024-04-30,6,4,7,532.9
1600,2024-07-21,8,2,16,8580.43
1601,2025-01-02,11,3,2,83.61
1602,2025-01-29,13,7,12,14736.4
1603,2024-09-13,13,5,3,177.38
1604,2024-07-22,12,3,16,588.04
1605,2024-10-05,9,1,11,21561.75
1606,2024-01-11,8,6,11,1452.57
1607,2024-08-21,9,3,1,38.62
1608,2025-04-12,10,8,8,2304.99
1609,2025-04-03,6,4,17,1258.74
1610,2025-02-04,9,3,17,627.61
1611,2025-04-14,9,3,5,200.1
1612,2024-03-23,10,3,12,464.91
1613,2024-05-05,12,5,10,550.39
1614,2024-03-23,5,6,1,128.53
1615,2025-04-08,10,8,13,4106.76
1616,2024-03-27,3,3,13,529.17
1617,2025-05-03,8,7,18,20119.65
1618,2025-02-09,4,3,8,305.47
1619,2025-02-23,10,2,8,4137.67
1620,2024-11-10,7,3,14,515.49
1621,2024-12-08,5,7,6,6812.4
1622,2024-11-28,2,2,13,7483.63
1623,2025-02-02,7,8,1,299.33
1624,2025-05-26,6,5,4,239.91
1625,2024-10-02,9,6,18,2497.27
1626,2024-11-03,10,2,5,2528.46
1627,2024-07-20,9,8,14,3896.62
1628,2024-12-13,7,6,9,1147.2
1629,2024-01-27,5,5,12,698.6
1630,2024-02-07,2,1,18,35487.37
1631,2024-03-26,10,8,14,4463.91
1632,2025-02-27,12,8,2,559.35
1633,2025-09-17,10,2,13,7151.43
1634,2025-03-10,6,7,1,1139.31
1635,2025-05-10,2,7,4,5025.52
1636,2025-02-26,9,4,2,154.82
1637,2024-11-11,10,3,9,351.09
1638,2024-05-29,6,1,14,25340.23
1639,2024-07-31,9,6,4,492.99
1640,2024-03-02,6,8,19,5627.74
1641,2024-12-05,9,6,11,1378.05
1642,2025-07-12,9,3,13,487.18
1643,2025-09-12,10,6,3,368.89
1644,2024-08-11,6,8,1,283.48
1645,2025-01-27,8,1,10,19161.49
1646,2025-08-17,3,2,4,2159.37
1647,2024-08-10,11,7,18,21283.83
1648,2025-02-16,6,6,4,529.56
1649,2025-03-10,9,7,8,10151.51
1650,2025-06-26,8,3,13,489.84
1651,2024-11-28,4,2,13,7228.53
1652,2024-06-03,1,4,5,401.93
1653,2025-01-30,8,1,11,21256.02
1654,2025-04-07,13,1,20,40310.53
1655,2025-07-17,11,3,15,572.74
1656,2025-08-26,12,6,5,623.64
1657,2024-11-26,5,8,8,2513.95
1658,2024-04-08,9,6,6,742.4
1659,2025-05-13,10,7,17,22017.42
1660,2024-10-30,5,2,20,11238.41
1661,2024-12-08,10,5,13,807.29
1662,2024-10-19,12,8,14,4393.15
1663,2025-05-19,9,2,6,3223.62
1664,2024-07-10,9,5,4,229.58
1665,2025-04-21,10,5,11,627.74
1666,2025-04-15,9,1,5,8960.28
1667,2024-10-01,7,5,10,631.99
1668,2024-12-05,8,5,5,306.5
1669,2024-08-12,7,4,1,83.44
1670,2024-01-15,7,7,16,19563.91
1671,2024-05-11,11,6,17,2148.92
1672,2024-05-20,9,3,16,663.65
1673,2024-09-13,6,4,5,380.99
1674,2025-03-18,7,8,19,6076.38
1675,2025-07-07,10,4,7,540.93
1676,2025-09-03,9,5,18,1140.44
1677,2024-03-15,10,8,19,5720.93
1678,2024-05-30,13,4,8,651.18
1679,2025-02-22,9,2,7,3986.47
1680,2024-04-24,6,4,8,606.11
1681,2024-03-29,12,1,11,21858.3
1682,2024-11-14,9,2,18,10023.31
1683,2024-01-13,8,2,15,8600.5
1684,2025-02-25,9,1,9,17787.11
1685,2024-05-26,9,5,10,567.74
1686,2025-04-03,9,8,4,1291.63
1687,2024-08-29,13,8,16,4541.28
1688,2024-08-20,12,8,11,3372.8
1689,2025-05-30,10,4,10,790.22
1690,2024-04-02,6,4,19,1542.28
1691,2024-10-17,4,3,20,800.29
1692,2024-12-04,9,7,9,10331.23
1693,2025-07-01,7,5,11,672.54
1694,2024-08-22,9,7,1,1250.35
1695,2024-09-20,11,8,9,2492.42
1696,2025-04-25,6,6,1,125.32
1697,2025-01-24,4,4,20,1580.74
1698,2024-07-10,6,8,19,5672.52
1699,2025-03-23,10,8,8,2315.57
1700,2024-04-01,10,5,18,1039.82
1701,2024-04-25,10,6,14,1899.71
1702,2025-02-02,9,8,8,2333.89
1703,2025-01-22,11,1,5,9908.38
1704,2025-04-22,6,6,15,2011.56
1705,2024-06-30,7,4,9,683.17
1706,2024-04-14,8,7,16,20115.75
1707,2025-09-24,7,7,2,2576.56
1708,2025-01-12,6,6,3,401.52
1709,2025-05-31,9,2,19,11136.13
1710,2025-05-15,10,7,9,10740.76
1711,2024-05-08,6,3,19,722.01
1712,2025-06-23,8,1,13,24982.21
1713,2024-01-22,5,7,5,5768.5
1714,2024-09-03,9,4,19,1603.15
1715,2025-02-03,4,3,7,264.63
1716,2025-08-30,1,3,18,684.99
1717,2025-08-21,10,4,10,747.44
1718,2025-08-17,10,1,5,10068.71
1719,2025-09-01,1,4,13,952.93
1720,2025-05-26,9,2,3,1770.66
1721,2024-12-29,3,4,4,338.28
1722,2025-09-27,8,4,3,248.37
1723,2024-04-09,9,1,13,25885.45
1724,2024-09-21,13,2,14,8234.4
1725,2025-04-16,10,7,16,17712.69
1726,2025-08-04,1,4,6,478.9
1727,2025-04-13,10,1,20,39817.5
1728,2024-10-02,8,3,14,517.38
1729,2025-05-10,11,3,12,496.39
1730,2024-12-18,6,6,9,1183.65
1731,2024-02-01,9,3,14,506.38
1732,2025-01-04,3,1,12,24236.18
1733,2024-04-09,9,7,18,21394.08
1734,2024-01-02,9,5,5,286.64
1735,2025-03-29,2,8,19,5423.01
1736,2025-08-29,5,2,4,2272.34
1737,2024-07-15,5,5,11,670.85
1738,2024-12-30,13,5,5,286.88
1739,2025-05-06,11,7,2,2512.97
1740,2025-03-09,11,4,6,466.17
1741,2025-07-13,4,7,15,19418.97
1742,2024-11-13,10,6,11,1531.77
1743,2025-07-21,10,8,4,1232.26
1744,2024-03-01,7,1,18,32137.8
1745,2024-04-08,9,5,5,312.62
1746,2025-09-21,2,3,13,532.96
1747,2024-05-01,10,1,7,13789.44
1748,2024-05-08,11,1,18,33430.85
1749,2025-01-07,7,2,6,3365.1
1750,2025-08-23,10,7,7,8102.2
1751,2024-08-15,12,7,16,19101.71
1752,2024-01-01,5,5,7,440.96
1753,2024-02-27,8,3,16,656.19
1754,2025-09-03,5,3,14,536.48
1755,2024-03-07,13,5,5,313.53
1756,2025-08-30,3,8,5,1541.34
1757,2024-04-13,6,2,20,10929.24
1758,2024-04-18,10,8,5,1396.9
1759,2024-09-12,5,1,13,26021.98
1760,2024-11-04,3,8,10,2867.82
1761,2025-02-19,9,6,8,1092.99
1762,2025-09-10,8,2,9,5211.63
1763,2025-03-12,6,5,12,660.77
1764,2024-07-10,9,7,9,10115.65
1765,2025-01-25,11,7,20,24072.83
1766,2025-02-18,9,2,19,9754.93
1767,2025-02-05,10,7,13,16144.85
1768,2024-11-13,9,1,13,25923.96
1769,2025-03-29,1,3,1,39.81
1770,2024-10-27,1,8,9,2638.91
1771,2025-09-11,5,1,11,20749.31
1772,2025-06-08,4,6,13,1744.97
1773,2024-12-19,2,6,20,2595.78
1774,2024-08-27,6,2,13,6923.37
1775,2024-10-08,5,8,12,3506.11
1776,2024-05-13,3,1,4,7218.98
1777,2025-03-13,6,3,13,516.61
1778,2025-04-22,12,7,9,10187.88
1779,2024-04-24,7,5,20,1193.24
1780,2024-11-15,1,3,9,324.4
1781,2024-06-24,12,8,7,1980.85
1782,2025-07-13,9,8,14,4237.85
1783,2024-06-01,9,7,19,24217.63
1784,2025-04-20,13,5,14,808.85
1785,2024-08-30,7,3,11,453.71
1786,2025-01-11,3,8,18,5238.85
1787,2025-04-27,10,4,15,1141.23
1788,2024-11-12,9,2,6,3042.14
1789,2025-08-04,9,3,3,120.41
1790,2025-01-30,13,1,20,37924.15
1791,2025-09-22,4,8,10,3018.43
1792,2025-01-30,12,7,5,6255.65
1793,2025-07-16,13,1,12,23106.84
1794,2024-03-02,8,3,7,262.03
1795,2024-05-28,4,8,4,1167.7
1796,2025-04-16,10,7,13,16090.25
1797,2024-03-27,7,7,9,10799.45
1798,2024-06-29,13,2,11,5992.36
1799,2025-07-25,2,1,12,21313.13
1800,2024-01-16,6,5,1,61.83
1801,2024-03-07,4,8,6,1810.14
1802,2025-04-06,3,6,19,2324.3
1803,2025-05-27,9,8,1,305.86
1804,2025-06-08,3,5,10,552.97
1805,2024-05-19,2,4,20,1492.85
1806,2024-11-22,10,7,15,19278.75
1807,2024-07-12,3,8,7,2198.8
1808,2025-09-20,9,2,17,8722.18
1809,2025-01-26,10,7,18,22094.89
1810,2025-05-22,6,7,13,15438.11
1811,2024-04-03,9,7,10,11995.42
1812,2025-04-07,1,1,7,14243.25
1813,2025-08-06,9,6,2,259.42
1814,2024-06-03,13,1,14,27600.69
1815,2024-10-01,10,4,4,313.84
1816,2024-08-30,10,8,7,2123.9
1817,2024-10-08,12,2,10,5054.96
1818,2025-06-29,13,7,8,9403.06
1819,2024-05-01,5,5,14,849.84
1820,2024-08-23,13,5,14,851.15
1821,2024-08-02,12,8,9,2743.26
1822,2025-04-13,8,4,3,242.22
1823,2024-12-13,4,6,6,828.92
1824,2025-08-23,8,5,10,623.56
1825,2024-10-16,12,4,3,239.08
1826,2025-09-27,9,2,4,2100.66
1827,2025-05-21,11,4,14,1126.41
1828,2025-02-15,1,4,7,572.9
1829,2024-05-09,11,5,6,345.51
1830,2024-10-14,3,5,17,932.97
1831,2025-03-23,8,8,3,949.45
1832,2024-05-15,9,6,2,241.96
1833,2024-01-21,10,6,12,1433.68
1834,2024-01-09,1,1,13,25748.33
1835,2025-03-05,9,2,1,562.08
1836,2025-03-15,6,7,15,19181.49
1837,2024-07-15,13,8,16,5122.12
1838,2024-09-24,3,3,13,547.49
1839,2024-01-24,11,3,2,77.5
1840,2024-06-29,8,6,7,966.84
1841,2025-05-05,8,7,15,17607.05
1842,2025-04-29,4,4,7,559.05
1843,2025-06-02,7,8,18,5713.15
1844,2024-08-21,7,8,4,1208.22
1845,2025-09-05,12,7,2,2284.57
1846,2025-03-23,13,7,6,7710.57
1847,2025-01-29,4,3,13,513.09
1848,2024-08-27,5,3,16,605.65
1849,2025-05-06,12,2,3,1537.84
1850,2024-02-22,11,6,12,1474.44
1851,2025-07-04,7,6,19,2609.63
1852,2024-05-25,6,3,5,184.49
1853,2024-10-25,9,8,9,2782.06
1854,2025-03-26,3,8,4,1249.09
1855,2024-10-06,4,1,19,37167.02
1856,2025-02-08,4,1,16,32555.14
1857,2025-09-23,12,2,6,3101.6
1858,2024-05-06,13,4,11,840.13
1859,2024-09-21,13,8,1,305.85
1860,2024-09-28,5,5,17,1067.88
1861,2024-05-19,10,5,9,526.66
1862,2025-05-14,10,8,3,875.94
1863,2025-08-20,1,1,10,18627.43
1864,2024-02-07,10,7,11,12918.67
1865,2024-11-03,10,3,12,484.41
1866,2024-07-26,12,2,11,6388.28
1867,2024-04-21,10,4,3,224.76
1868,2024-07-06,2,2,1,568.6
1869,2025-08-11,2,8,11,3451.08
1870,2025-04-18,4,2,6,3078.81
1871,2025-06-07,5,1,3,5593.91
1872,2025-06-21,10,8,20,6198.02
1873,2025-02-12,11,8,6,1802.18
1874,2024-07-24,12,4,4,326.26
1875,2024-08-31,13,3,13,517.98
1876,2024-12-23,6,7,9,11360.68
1877,2025-03-21,13,5,10,614.01
1878,2024-09-14,10,7,3,3700.24
1879,2025-09-17,10,6,19,2557.43
1880,2025-02-20,13,5,11,643.89
1881,2024-12-19,10,6,18,2507.42
1882,2024-02-13,7,8,15,4373.54
1883,2024-10-21,12,8,15,4249.93
1884,2025-09-02,12,6,13,1808.41
1885,2024-01-17,10,3,5,197.9
1886,2024-10-14,3,6,7,833.89
1887,2025-09-05,9,4,7,551.81
1888,2025-09-01,3,1,12,24470.45
1889,2024-12-05,6,4,17,1438.26
1890,2024-01-16,6,3,11,437.95
1891,2024-04-16,3,5,11,672.34
1892,2024-09-30,13,2,1,544.35
1893,2024-09-03,5,6,16,2158.71
1894,2024-09-06,4,3,11,448.33
1895,2025-04-20,9,4,16,1276.8
1896,2025-07-26,7,3,20,757.74
1897,2025-08-06,13,5,3,175.57
1898,2024-08-01,3,1,16,29152.04
1899,2025-06-25,9,3,9,376.65
1900,2025-07-28,4,4,20,1606.56
1901,2025-07-28,9,5,8,493.95
1902,2024-01-14,5,3,10,360.38
1903,2024-03-14,9,3,15,596.78
1904,2025-05-19,2,5,15,853.27
1905,2024-05-16,3,1,4,7052.03
1906,2024-05-01,11,7,18,19960.01
1907,2024-05-27,9,1,10,18455.28
1908,2024-12-26,10,3,16,580.46
1909,2025-01-02,13,4,3,246.66
1910,2024-10-27,10,8,13,3928.15
1911,2024-10-17,3,2,7,3811.33
1912,2024-07-22,5,1,2,3884.84
1913,2024-02-13,10,3,5,195.02
1914,2025-03-30,1,5,16,872.03
1915,2024-03-05,4,1,7,12717.69
1916,2024-03-16,12,3,13,483.7
1917,2025-05-11,6,6,17,2153.85
1918,2024-07-19,4,5,13,720.26
1919,2025-02-19,10,7,7,7976.41
1920,2025-05-10,12,4,19,1557.61
1921,2024-06-21,9,5,12,703.9
1922,2025-07-31,11,4,17,1240.68
1923,2025-07-15,4,7,11,13111.05
1924,2025-08-17,9,5,8,440.11
1925,2024-02-03,1,1,9,18267.3
1926,2025-01-29,3,1,12,21749.99
1927,2025-07-24,2,7,1,1161.11
1928,2024-05-01,9,4,4,337.21
1929,2024-02-02,12,8,6,1660.13
1930,2025-07-20,9,5,9,490.44
1931,2025-04-11,4,7,13,14426.63
1932,2024-10-27,13,1,3,6115.78
1933,2025-04-26,4,5,1,60.62
1934,2025-04-10,11,1,19,38017.21
1935,2024-12-13,5,1,10,18576.88
1936,2024-12-03,3,6,18,2337.15
1937,2024-10-24,9,6,15,2084.7
1938,2025-03-31,12,7,12,15463.03
1939,2024-04-28,12,8,15,4682.67
1940,2024-02-13,9,3,20,760.24
1941,2025-07-10,9,4,13,958.27
1942,2024-12-20,1,2,19,9603.26
1943,2024-05-17,5,6,16,1937.49
1944,2025-01-17,8,7,8,9718.3
1945,2025-09-23,5,8,5,1580.24
1946,2024-01-02,10,2,16,8284.16
1947,2024-07-09,8,4,18,1453.45
1948,2024-01-20,6,4,6,498.85
1949,2024-11-21,3,6,13,1545.68
1950,2024-10-04,6,8,20,6089.6
1951,2024-12-19,7,5,16,998.55
1952,2024-03-29,10,6,16,2227.35
1953,2025-05-19,2,5,18,992.68
1954,2025-03-07,2,7,11,12653.79
1955,2024-08-23,10,8,7,2138.21
1956,2025-02-13,10,1,17,31995.97
1957,2025-04-14,7,1,9,17325.25
1958,2025-08-07,6,3,2,75.38
1959,2024-05-10,11,4,16,1261.22
1960,2025-06-15,12,7,2,2324.07
1961,2025-02-07,9,8,4,1123.5
1962,2025-08-31,9,8,16,4697.61
1963,2025-01-04,10,2,14,7653.61
1964,2024-11-02,2,5,12,705.13
1965,2025-08-21,3,1,6,10639.95
1966,2025-03-24,9,5,16,878.57
1967,2024-10-28,9,4,7,521.8
1968,2024-01-15,2,1,4,7625.85
1969,2024-08-19,11,6,8,1091.54
1970,2024-12-04,9,2,6,3234.9
1971,2025-06-13,3,3,17,625.38
1972,2025-09-24,2,3,8,318.34
1973,2025-08-27,11,7,2,2496.91
1974,2024-10-16,4,6,13,1663.54
1975,2025-08-10,9,7,6,6902.02
1976,2024-03-11,9,7,3,3635.53
1977,2025-05-27,1,5,13,740.1
1978,2024-09-12,11,6,10,1363.35
1979,2025-05-18,11,3,16,607.73
1980,2025-01-08,9,2,9,5043.08
1981,2025-02-14,5,6,8,1042.9
1982,2025-06-26,9,7,9,10392.04
1983,2025-05-24,12,3,10,370.65
1984,2025-01-20,4,8,19,5718.34
1985,2024-08-11,5,6,6,821.96
1986,2024-10-14,10,8,18,5262.97
1987,2024-04-18,7,7,1,1116.78
1988,2024-12-16,13,5,17,1013.82
1989,2024-11-05,13,2,16,8695.7
1990,2024-04-17,10,1,2,4008.97
1991,2024-07-27,10,7,7,7781.68
1992,2024-04-08,13,5,10,583.37
1993,2025-01-31,5,6,8,974.49
1994,2024-06-25,11,7,7,8456.06
1995,2025-01-31,9,5,16,887.29
1996,2024-07-10,9,3,8,300.99
1997,2024-11-10,11,7,15,17174.56
1998,2025-04-23,8,7,20,24962.67
1999,2024-06-14,10,7,17,19885.23
2000,2024-10-12,8,4,12,894.08
2001,2025-04-06,3,7,7,8020.9
2002,2025-04-24,12,7,20,25450.49
2003,2025-01-26,10,2,15,8515.74
2004,2024-09-24,1,7,15,19178.46
2005,2024-06-30,7,5,16,892.36
2006,2024-12-30,9,4,2,170.11
2007,2024-03-23,12,2,20,11323.13
2008,2025-08-23,9,5,5,311.92
2009,2024-07-01,6,2,8,4653.28
2010,2025-06-02,12,3,10,392.99
2011,2024-07-06,11,4,20,1633.73
2012,2025-06-21,4,2,15,8305.41
2013,2025-01-09,4,1,11,22076.86
2014,2024-01-24,9,1,13,23245.08
2015,2024-04-24,11,6,19,2562.04
2016,2025-04-21,10,3,20,811.76
2017,2024-01-02,9,8,13,3931.4
2018,2024-11-29,10,6,20,2611.98
2019,2024-07-16,13,3,17,700.97
2020,2024-03-10,13,5,4,239.94
2021,2024-10-03,6,4,1,75.4
2022,2024-11-19,9,3,10,383.53
2023,2025-08-08,5,7,15,18613.12
2024,2024-04-22,13,4,5,420.09
2025,2024-02-22,9,7,14,15666.0
2026,2025-01-19,1,8,3,878.76
2027,2024-05-18,13,3,18,676.12
2028,2025-01-01,1,7,11,13830.46
2029,2024-08-07,1,2,15,8575.59
2030,2025-03-27,9,2,5,2935.15
2031,2024-11-13,10,5,5,278.11
2032,2024-10-09,8,1,2,3678.23
2033,2025-01-30,8,3,14,550.11
2034,2024-01-02,2,1,9,17712.4
2035,2025-08-14,3,8,4,1119.35
2036,2025-02-27,13,8,9,2733.28
2037,2025-05-10,10,6,17,2072.16
2038,2024-12-31,5,4,8,663.85
2039,2025-08-28,6,7,2,2573.61
2040,2024-04-05,3,4,8,670.5
2041,2025-08-20,10,6,14,1876.08
2042,2024-03-16,3,8,3,939.6
2043,2024-10-23,8,7,16,20669.52
2044,2024-08-22,9,8,13,3955.18
2045,2024-08-08,9,3,11,405.61
2046,2024-03-17,2,1,5,9556.33
2047,2025-09-13,11,3,2,71.79
2048,2025-09-21,7,6,19,2289.24
2049,2024-03-31,13,2,2,1118.09
2050,2024-05-21,7,8,4,1155.33
2051,2024-03-08,9,3,3,116.29
2052,2025-05-29,9,8,20,5734.84
2053,2024-09-11,3,8,15,4398.3
2054,2025-04-19,8,4,10,811.01
2055,2025-04-17,1,1,19,38246.68
2056,2024-04-19,10,5,11,668.49
2057,2024-11-10,3,5,7,439.14
2058,2024-10-14,7,1,2,4005.29
2059,2025-06-18,9,7,11,13093.58
2060,2025-04-20,10,3,1,41.3
2061,2024-03-25,12,6,5,597.74
2062,2024-12-17,5,4,6,467.77
2063,2025-04-22,11,6,11,1306.1
2064,2024-12-20,4,6,17,2113.51
2065,2025-02-11,12,4,14,1153.73
2066,2025-09-10,9,5,18,1146.41
2067,2024-01-21,9,2,16,9247.17
2068,2025-07-28,9,6,19,2342.33
2069,2025-07-10,11,5,13,738.21
2070,2025-09-03,8,7,1,1186.56
2071,2024-07-31,11,7,1,1200.34
2072,2025-03-12,6,1,16,32760.6
2073,2024-08-09,3,4,13,1036.98
2074,2024-06-11,10,2,11,6180.89
2075,2024-04-22,10,5,6,362.92
2076,2025-08-09,4,3,12,437.87
2077,2025-01-14,9,2,3,1774.23
2078,2024-01-05,5,5,6,332.1
2079,2025-05-23,10,8,17,4791.63
2080,2024-03-18,10,6,6,760.12
2081,2025-04-30,12,2,3,1558.01
2082,2025-04-10,4,6,1,125.7
2083,2024-04-02,9,7,7,7953.15
2084,2025-02-09,10,4,16,1275.62
2085,2024-09-30,12,1,15,27063.4
2086,2025-03-26,7,6,14,1878.16
2087,2024-11-27,3,2,20,11016.04
2088,2024-12-03,9,6,4,526.32
2089,2024-08-28,6,7,10,11114.76
2090,2025-03-26,13,5,13,828.27
2091,2025-09-19,13,6,3,386.89
2092,2024-01-29,6,3,3,123.92
2093,2025-07-10,7,2,9,5152.87
2094,2025-02-03,9,2,8,4075.13
2095,2025-05-17,12,2,18,10570.12
2096,2025-08-09,10,2,13,7425.11
2097,2024-11-01,10,5,2,111.14
2098,2024-01-06,12,1,16,31888.62
2099,2024-05-13,13,4,3,230.71
2100,2025-04-16,2,1,16,29015.11
2101,2025-09-06,11,4,14,1018.46
2102,2025-06-08,10,4,16,1273.62
2103,2025-03-28,4,5,12,666.79
2104,2025-02-04,5,2,14,7384.71
2105,2024-04-11,9,5,5,298.62
2106,2025-09-12,5,1,8,16402.85
2107,2025-04-07,3,4,9,763.26
2108,2025-04-25,11,1,14,24914.08
2109,2025-04-30,10,6,11,1527.35
2110,2024-07-31,10,3,7,268.16
2111,2025-09-01,5,8,9,2672.98
2112,2024-05-13,10,1,15,28595.67
2113,2024-08-08,6,3,14,569.5
2114,2024-03-03,9,5,8,468.17
2115,2024-12-05,7,3,16,596.1
2116,2024-07-04,9,4,18,1424.21
2117,2025-04-28,9,2,9,5227.18
2118,2024-10-22,2,2,8,4672.23
2119,2025-09-06,12,3,16,671.67
2120,2024-09-03,10,7,19,22221.05
2121,2025-05-04,10,7,9,11138.73
2122,2024-10-21,11,6,4,506.09
2123,2024-09-02,11,6,16,2149.51
2124,2024-11-07,9,2,4,2218.89
2125,2024-02-14,9,2,4,2259.58
2126,2024-04-26,10,4,12,886.85
2127,2024-10-25,13,8,7,1963.41
2128,2024-03-26,5,4,2,157.39
2129,2025-05-18,10,8,7,2199.36
2130,2024-12-22,5,5,1,58.31
2131,2024-11-21,10,1,4,8180.23
2132,2024-06-06,11,4,2,163.88
2133,2024-04-24,9,8,8,2445.56
2134,2025-04-29,7,5,14,780.26
2135,2024-12-04,1,6,2,259.36
2136,2024-04-06,10,4,3,223.87
2137,2025-06-18,5,6,15,1828.93
2138,2025-01-29,13,7,6,7327.81
2139,2024-07-22,4,1,7,13092.68
2140,2025-08-21,12,2,5,2921.04
2141,2025-09-02,3,8,13,4155.42
2142,2024-04-26,9,4,5,378.6
2143,2025-01-15,2,2,11,6063.23
2144,2025-01-18,11,1,14,26545.62
2145,2025-06-06,10,2,17,8807.1
2146,2025-03-09,2,6,15,1831.17
2147,2024-02-02,10,1,1,2009.26
2148,2024-05-17,10,2,3,1696.53
2149,2024-11-12,12,6,2,269.87
2150,2025-04-27,13,6,13,1723.2
2151,2024-08-10,6,3,3,117.86
2152,2025-01-12,6,2,5,2602.58
2153,2025-06-05,6,8,2,600.69
2154,2024-02-19,10,4,13,1001.59
2155,2024-12-29,9,7,13,15757.25
2156,2024-07-28,5,6,12,1587.96
2157,2025-06-03,7,1,18,35353.97
2158,2024-06-16,8,8,20,5860.87
2159,2025-05-30,13,3,5,181.41
2160,2024-04-17,7,2,18,10538.54
2161,2025-05-05,13,3,18,752.37
2162,2024-12-29,7,4,17,1374.75
2163,2025-03-31,3,7,20,24683.15
2164,2025-03-15,10,5,14,799.25
2165,2025-05-18,3,7,7,7867.9
2166,2024-11-26,1,7,10,12855.27
2167,2025-08-31,7,5,2,112.08
2168,2024-09-30,9,3,10,370.76
2169,2025-03-29,9,5,14,864.6
2170,2025-09-08,9,1,8,15752.96
2171,2024-12-20,4,5,11,672.42
2172,2025-04-14,10,6,2,249.32
2173,2024-08-11,4,4,7,594.56
2174,2025-01-04,9,2,13,7397.87
2175,2024-03-23,10,8,17,5072.62
2176,2024-02-18,13,4,19,1402.88
2177,2024-04-26,10,4,2,167.67
2178,2025-09-06,12,8,11,3559.47
2179,2025-07-14,10,1,1,2024.03
2180,2025-06-17,9,6,14,1693.89
2181,2025-08-19,5,7,11,13141.44
2182,2024-08-06,13,2,14,8198.41
2183,2024-10-14,9,6,5,684.82
2184,2025-06-16,12,5,4,237.48
2185,2024-12-06,11,3,14,519.33
2186,2024-06-22,9,3,3,112.14
2187,2024-03-12,5,1,10,17865.95
2188,2024-02-13,7,1,11,20012.16
2189,2025-09-11,10,2,4,2282.56
2190,2025-08-27,13,1,17,34271.31
2191,2025-02-21,11,1,13,23320.3
2192,2025-05-11,2,3,7,262.26
2193,2024-11-07,9,7,19,21372.81
2194,2025-05-21,10,3,20,743.92
2195,2025-05-14,1,4,10,840.1
2196,2024-11-18,4,5,8,470.25
2197,2025-08-02,3,1,7,12726.71
2198,2024-02-22,10,8,1,305.07
2199,2025-01-27,10,5,10,596.99
2200,2024-11-21,5,3,13,527.78
2201,2025-03-04,10,7,10,12634.14
2202,2025-05-12,10,8,3,956.04
2203,2024-09-28,7,4,5,384.28
2204,2024-12-20,6,4,6,503.62
2205,2025-06-15,4,3,14,537.63
2206,2024-10-24,10,8,5,1475.52
2207,2025-09-14,1,8,6,1871.79
2208,2025-04-30,9,4,11,892.66
2209,2024-07-11,13,3,18,730.87
2210,2025-06-27,12,7,4,5169.87
2211,2024-11-09,1,3,13,514.34
2212,2024-11-09,5,7,19,22356.02
2213,2025-06-28,1,8,14,3930.03
2214,2025-05-23,11,6,19,2387.02
2215,2025-07-05,10,7,18,20386.78
2216,2025-07-09,5,1,1,2000.04
2217,2024-01-02,10,7,20,23580.18
2218,2024-02-24,11,7,17,19427.52
2219,2025-02-24,11,1,2,4068.63
2220,2025-03-17,2,2,11,5608.37
2221,2025-03-06,4,8,14,4285.33
2222,2025-03-11,5,8,15,4458.74
2223,2025-04-24,8,3,13,528.33
2224,2024-04-27,1,2,16,9100.21
2225,2025-08-19,13,2,9,4563.69
2226,2024-07-23,13,4,7,548.92
2227,2025-08-23,7,3,7,266.22
2228,2025-01-15,2,1,7,14036.44
2229,2024-04-01,9,1,13,23156.88
2230,2024-12-27,10,3,15,584.6
2231,2024-04-16,4,2,18,9560.6
2232,2025-09-08,11,6,2,243.17
2233,2025-09-15,2,5,10,636.72
2234,2024-07-15,2,8,18,5061.56
2235,2025-06-06,10,3,6,218.09
2236,2025-07-25,12,3,4,159.2
2237,2024-11-01,9,6,16,2157.92
2238,2025-05-19,11,4,18,1363.53
2239,2025-01-14,13,7,1,1168.99
2240,2025-05-08,9,7,13,16051.14
2241,2025-04-16,8,8,8,2553.72
2242,2025-07-15,1,1,13,24847.45
2243,2024-05-28,10,6,6,722.75
2244,2024-09-28,10,8,4,1235.86
2245,2024-03-09,10,3,3,126.02
2246,2025-09-13,10,1,18,34677.68
2247,2024-11-07,9,5,18,1124.54
2248,2025-08-16,11,1,20,39145.49
2249,2024-11-09,10,5,17,1078.28
2250,2025-02-20,11,2,3,1589.97
2251,2024-11-24,11,1,15,26623.98
2252,2025-01-15,8,8,7,2113.19
2253,2025-08-24,9,7,3,3866.99
2254,2025-09-15,9,8,13,3926.19
2255,2024-11-11,9,3,5,189.39
2256,2025-05-14,10,6,17,2017.79
2257,2025-06-07,7,5,1,60.54
2258,2024-10-13,10,6,15,1956.42
2259,2024-08-03,9,6,12,1490.62
2260,2024-11-26,8,3,12,492.45
2261,2024-07-13,13,5,13,807.54
2262,2025-01-16,12,2,11,5947.11
2263,2025-08-15,4,6,16,1957.63
2264,2025-09-12,4,4,8,616.16
2265,2024-04-01,11,2,18,10215.01
2266,2025-03-15,9,7,18,20993.04
2267,2025-05-27,6,5,8,434.81
2268,2025-07-25,12,2,4,2341.42
2269,2024-06-10,11,6,19,2347.48
2270,2024-09-27,8,2,11,5839.62
2271,2024-06-13,4,3,12,476.94
2272,2025-05-02,13,2,8,4601.98
2273,2024-01-20,9,3,4,150.6
2274,2025-05-29,4,7,20,24112.17
2275,2025-01-03,9,3,16,574.75
2276,2024-12-28,9,6,13,1586.52
2277,2025-06-16,11,7,14,15612.9
2278,2024-12-23,10,8,18,5350.06
2279,2024-12-15,7,6,9,1168.68
2280,2025-09-10,10,6,20,2492.5
2281,2025-02-25,3,2,14,8282.91
2282,2024-01-09,1,3,10,382.04
2283,2024-07-03,13,3,4,163.47
2284,2024-01-08,7,1,17,30754.55
2285,2024-05-30,2,5,10,623.15
2286,2025-02-09,13,8,5,1499.9
2287,2024-06-26,8,8,10,3068.71
2288,2024-09-28,9,3,12,452.12
2289,2024-06-24,11,2,5,2609.03
2290,2024-05-02,11,1,10,19366.97
2291,2025-07-29,9,7,9,10781.92
2292,2024-09-15,9,8,13,3911.66
2293,2025-06-04,12,8,15,4371.01
2294,2025-03-05,9,7,5,6348.23
2295,2025-02-28,9,8,13,4149.38
2296,2024-10-15,9,3,15,628.09
2297,2024-11-24,4,8,7,2243.07
2298,2025-09-06,12,6,6,733.45
2299,2025-02-25,10,3,4,161.81
2300,2025-02-08,10,4,18,1433.53
2301,2025-03-20,10,4,19,1586.42
2302,2025-08-28,5,2,16,9099.92
2303,2024-12-15,3,7,10,11514.5
2304,2025-07-18,9,8,20,6206.87
2305,2025-02-19,11,8,1,284.97
2306,2024-02-24,5,8,17,5435.1
2307,2025-04-20,11,3,19,794.5
2308,2024-04-23,1,2,5,2873.79
2309,2025-07-16,9,3,2,82.78
2310,2025-02-21,13,8,17,5102.82
2311,2025-04-06,10,6,17,2142.95
2312,2025-08-19,10,1,7,12266.43
2313,2024-10-12,2,6,4,512.72
2314,2025-09-05,12,2,1,573.5
2315,2025-08-21,13,6,1,120.59
2316,2025-07-19,9,1,20,39944.32
2317,2025-09-25,2,8,3,915.65
2318,2025-03-08,10,2,7,3632.34
2319,2025-09-08,8,3,2,73.2
2320,2024-04-12,7,2,5,2926.51
2321,2024-02-04,3,6,17,2284.21
2322,2025-03-02,10,1,10,19208.41
2323,2025-01-10,10,8,10,3132.79
2324,2024-08-05,2,5,1,61.74
2325,2024-04-30,6,1,19,37033.1
2326,2024-08-08,3,4,12,1023.02
2327,2025-06-06,11,1,7,13751.71
2328,2025-05-31,9,1,4,7266.47
2329,2024-06-05,13,6,18,2272.47
2330,2024-06-19,1,2,5,2536.66
2331,2024-11-02,7,3,16,597.12
2332,2025-02-16,2,2,14,7595.24
2333,2024-04-22,11,2,11,5864.53
2334,2025-07-25,10,1,8,15681.06
2335,2024-02-27,1,6,13,1799.51
2336,2024-11-20,8,5,20,1097.85
2337,2025-09-28,7,7,6,7713.53
2338,2024-04-27,11,8,14,3865.84
2339,2024-04-14,10,2,2,1046.56
2340,2024-10-27,5,8,13,3760.33
2341,2024-11-03,1,1,17,30203.6
2342,2024-04-05,9,2,11,6236.41
2343,2024-02-13,9,4,2,157.04
2344,2024-02-18,12,6,17,2352.26
2345,2024-10-20,3,4,1,72.9
2346,2025-07-14,10,8,14,4336.69
2347,2024-06-14,9,6,7,975.21
2348,2025-02-21,3,8,9,2846.16
2349,2024-05-06,7,2,17,8945.57
2350,2024-01-22,2,5,13,756.54
2351,2025-03-04,1,2,4,2038.09
2352,2024-04-18,5,1,9,17324.98
2353,2024-03-05,10,5,19,1031.86
2354,2024-03-04,10,1,9,17393.33
2355,2024-08-15,11,8,13,4076.8
2356,2024-06-27,2,8,19,5644.38
2357,2025-02-19,10,2,14,8187.84
2358,2024-12-10,13,8,16,4854.54
2359,2025-05-21,8,4,17,1379.47
2360,2025-08-12,13,8,1,279.22
2361,2025-07-28,11,3,1,37.22
2362,2025-08-08,11,2,3,1623.48
2363,2025-03-23,10,5,4,249.2
2364,2025-09-15,2,6,20,2609.54
2365,2025-05-31,8,3,4,145.6
2366,2025-07-02,9,5,17,927.66
2367,2025-01-16,8,5,10,593.31
2368,2025-09-01,12,4,19,1616.96
2369,2025-08-24,9,1,1,1825.93
2370,2024-12-03,2,3,7,267.77
2371,2024-03-24,10,2,6,3299.74
2372,2024-07-28,3,7,18,22995.57
2373,2024-10-14,13,8,2,577.64
2374,2024-04-13,12,2,19,10303.36
2375,2025-08-06,10,3,16,602.45
2376,2025-01-23,6,7,12,13494.55
2377,2025-07-14,10,7,6,6961.36
2378,2024-11-02,10,7,13,15716.81
2379,2024-11-06,5,5,5,274.46
2380,2024-04-01,3,6,19,2552.98
2381,2025-01-14,3,4,9,714.94
2382,2025-02-25,12,3,9,345.11
2383,2025-01-05,9,2,14,7098.24
2384,2024-03-10,13,2,19,11092.01
2385,2025-03-24,13,3,7,282.38
2386,2025-04-27,12,6,6,833.57
2387,2025-01-22,2,6,1,137.46
2388,2025-05-14,9,5,4,240.39
2389,2025-07-22,10,5,1,61.72
2390,2024-12-01,10,2,17,8775.67
2391,2025-05-16,10,1,13,24535.82
2392,2024-03-15,5,2,8,4630.74
2393,2025-03-04,13,7,20,24626.56
2394,2025-04-15,9,8,10,3206.55
2395,2025-08-02,2,6,19,2357.36
2396,2024-04-08,9,3,2,82.3
2397,2024-07-12,12,1,12,21378.38
2398,2025-05-02,5,7,7,8294.16
2399,2025-03-17,2,5,11,635.75
2400,2024-02-19,9,5,5,285.5
2401,2024-02-17,12,7,9,11293.37
2402,2024-11-10,9,1,11,21855.5
2403,2025-06-06,6,7,12,14377.03
2404,2024-02-01,9,5,11,697.26
2405,2025-02-22,8,4,12,911.31
2406,2024-04-23,10,7,11,13623.66
2407,2024-09-08,9,4,2,145.59
2408,2025-07-12,3,3,10,370.1
2409,2025-09-10,9,8,10,2952.59
2410,2024-10-13,2,3,9,362.75
2411,2025-09-15,9,5,18,1112.45
2412,2024-01-09,12,1,4,7565.11
2413,2025-04-22,13,3,7,289.36
2414,2025-08-29,8,1,9,16943.65
2415,2024-07-24,3,7,3,3396.83
2416,2024-06-14,5,8,11,3156.37
2417,2024-10-10,10,1,15,28731.6
2418,2024-09-30,5,3,10,366.78
2419,2024-07-03,6,5,12,741.63
2420,2024-02-03,13,5,10,604.43
2421,2025-05-08,12,2,4,2069.49
2422,2025-09-21,6,8,20,6224.1
2423,2025-08-06,8,4,8,648.63
2424,2024-05-18,4,4,18,1430.85
2425,2025-08-05,7,1,18,31779.84
2426,2024-10-11,5,1,9,16623.26
2427,2025-02-22,10,4,11,899.48
2428,2025-03-03,5,4,10,728.29
2429,2025-06-04,10,2,13,7069.1
2430,2024-03-05,8,3,9,337.19
2431,2024-07-23,8,4,18,1508.23
2432,2025-02-28,9,2,1,561.45
2433,2025-04-30,6,2,5,2761.09
2434,2024-07-19,9,7,20,24260.73
2435,2024-12-28,3,1,10,20488.56
2436,2024-04-24,9,5,15,910.63
2437,2025-06-17,11,7,9,10238.45
2438,2025-01-22,5,8,6,1806.18
2439,2024-05-07,3,8,1,294.81
2440,2025-01-28,13,1,19,36410.32
2441,2024-02-15,3,3,8,295.81
2442,2025-01-02,9,7,4,4450.8
2443,2025-02-15,12,8,13,3663.94
2444,2024-06-04,7,2,10,5105.01
2445,2024-08-10,6,4,3,240.4
2446,2024-08-01,10,3,7,264.91
2447,2024-08-27,10,2,2,1010.8
2448,2024-11-23,10,3,1,38.19
2449,2025-09-04,9,8,3,875.72
2450,2024-11-09,12,7,14,16178.19
2451,2024-10-15,7,2,3,1700.78
2452,2025-09-22,1,8,18,5247.88
2453,2025-08-15,5,8,2,602.19
2454,2025-05-20,8,4,10,796.82
2455,2025-01-27,8,7,20,23843.0
2456,2024-11-09,9,2,16,8824.95
2457,2025-06-01,2,1,12,23892.22
2458,2025-07-06,9,7,1,1237.1
2459,2024-03-21,8,6,15,2043.13
2460,2025-06-29,4,1,10,20441.68
2461,2025-08-30,12,6,5,690.48
2462,2024-12-26,13,2,15,8217.42
2463,2025-05-13,9,7,20,22789.93
2464,2025-06-10,10,3,9,328.08
2465,2024-04-28,5,3,5,198.22
2466,2024-03-11,1,5,12,681.54
2467,2024-09-16,6,8,2,582.62
2468,2025-07-06,3,6,16,2173.15
2469,2025-05-05,2,7,8,10253.32
2470,2025-09-03,9,4,5,381.0
2471,2024-12-21,12,6,9,1069.06
2472,2025-08-31,11,3,6,241.07
2473,2024-04-27,8,7,18,23066.02
2474,2024-12-08,2,6,18,2374.56
2475,2024-04-12,7,1,20,36023.27
2476,2025-09-19,10,6,6,765.01
2477,2024-09-26,13,8,2,630.8
2478,2024-11-27,11,6,1,118.78
2479,2025-06-28,10,5,18,1097.92
2480,2025-03-15,10,8,14,4262.56
2481,2024-10-27,3,5,9,569.79
2482,2025-05-04,13,3,16,594.27
2483,2024-06-20,10,2,2,1055.45
2484,2025-01-25,9,4,6,441.29
2485,2025-07-27,10,6,15,1859.47
2486,2024-09-10,12,7,17,18965.39
2487,2024-11-10,10,8,7,2129.66
2488,2024-07-16,6,4,18,1377.32
2489,2024-10-08,13,5,13,817.93
2490,2024-02-22,11,5,2,115.99
2491,2024-03-15,13,3,7,275.82
2492,2024-02-06,13,6,4,478.23
2493,2024-01-31,13,2,8,4110.72
2494,2025-05-30,13,2,20,11834.3
2495,2024-08-13,13,7,2,2471.71
2496,2024-10-23,9,4,11,913.16
2497,2024-03-18,4,1,3,5849.1
2498,2025-06-03,12,6,2,237.8
2499,2025-04-15,1,6,4,502.56
2500,2025-08-09,7,5,15,903.93
2501,2024-08-05,13,8,4,1250.88
2502,2024-11-27,9,6,19,2519.26
2503,2025-03-27,11,1,1,2045.62
2504,2024-06-22,6,1,7,13697.17
2505,2024-09-17,13,4,14,1025.59
2506,2024-08-06,2,5,20,1257.38
2507,2024-09-09,9,3,18,686.18
2508,2024-10-03,9,3,2,76.27
2509,2025-09-10,9,1,1,1867.94
2510,2025-06-25,2,7,15,17935.2
2511,2024-07-09,9,5,5,305.23
2512,2025-01-30,6,6,8,952.83
2513,2025-05-19,11,6,11,1307.31
2514,2024-01-14,9,7,11,12682.78
2515,2024-04-04,9,3,19,688.97
2516,2025-04-17,3,4,10,768.64
2517,2025-06-04,9,7,2,2344.77
2518,2025-01-13,12,5,8,435.29
2519,2024-10-09,8,3,20,833.35
2520,2025-09-06,12,8,11,3434.24
2521,2025-09-20,9,3,3,110.84
2522,2024-08-24,8,4,8,623.82
2523,2024-01-12,10,8,12,3515.74
2524,2025-09-20,12,3,1,41.54
2525,2025-07-05,5,1,6,10827.12
2526,2025-03-16,9,3,3,114.24
2527,2025-01-02,12,1,12,23026.98
2528,2024-12-21,4,6,11,1430.41
2529,2024-08-25,10,8,6,1858.75
2530,2024-02-15,1,6,8,1028.49
2531,2025-07-14,2,7,20,25699.6
2532,2025-08-05,11,5,11,696.92
2533,2024-03-28,9,3,16,590.31
2534,2025-02-26,9,4,5,405.27
2535,2024-08-02,9,5,7,428.27
2536,2025-05-13,2,6,19,2491.17
2537,2024-04-20,10,1,5,8790.27
2538,2025-08-26,10,4,5,371.65
2539,2025-08-23,10,2,8,4302.71
2540,2025-05-19,9,7,11,14015.94
2541,2024-01-05,13,1,12,23572.81
2542,2024-11-13,9,7,19,21326.04
2543,2024-03-08,1,3,20,728.79
2544,2025-09-18,2,5,13,811.82
2545,2025-02-06,13,4,4,338.45
2546,2025-09-11,9,5,3,180.4
2547,2024-03-16,12,2,14,7669.83
2548,2025-01-23,7,7,13,15501.42
2549,2024-10-09,10,3,3,118.32
2550,2024-02-28,9,5,10,604.73
2551,2025-09-18,10,4,8,638.83
2552,2025-02-19,3,4,5,416.9
2553,2025-06-30,2,3,9,335.08
2554,2025-06-27,7,6,9,1193.23
2555,2024-12-27,12,1,18,35466.98
2556,2025-04-08,2,7,5,6133.89
2557,2025-04-22,10,7,9,10317.2
2558,2025-07-30,10,5,15,952.13
2559,2024-02-26,9,4,8,607.81
2560,2025-06-16,5,2,12,6955.18
2561,2024-10-03,10,6,15,2021.18
2562,2025-04-01,9,8,13,3954.18
2563,2024-07-27,10,6,7,882.84
2564,2024-12-03,11,7,13,16676.26
2565,2025-09-09,2,4,9,668.51
2566,2024-01-26,10,1,19,35111.38
2567,2025-08-28,9,6,6,806.25
2568,2025-08-28,9,7,10,12660.94
2569,2024-07-08,9,5,5,282.71
2570,2024-04-14,4,2,10,5097.04
2571,2025-01-15,4,3,14,573.66
2572,2024-08-23,10,1,15,28788.41
2573,2024-06-29,13,1,1,1909.38
2574,2025-08-28,11,3,5,208.48
2575,2024-11-17,12,5,11,613.32
2576,2024-08-03,12,7,17,21371.07
2577,2025-03-18,10,1,4,7592.62
2578,2025-03-17,11,1,17,31822.89
2579,2024-05-05,12,8,15,4235.08
2580,2024-10-23,4,1,4,7326.99
2581,2025-08-20,10,6,5,677.37
2582,2025-08-21,7,1,2,3509.54
2583,2024-05-27,3,5,6,343.79
2584,2024-04-15,1,5,8,507.32
2585,2025-08-16,10,2,16,9477.52
2586,2024-06-10,9,6,5,646.87
2587,2024-01-30,10,8,8,2340.08
2588,2024-09-19,12,4,8,596.44
2589,2025-06-19,5,4,17,1365.22
2590,2025-07-11,10,4,12,906.36
2591,2024-12-24,13,8,13,3645.18
2592,2024-02-16,4,8,4,1250.78
2593,2024-06-11,1,1,16,28559.41
2594,2025-07-07,11,4,18,1462.45
2595,2024-03-23,11,7,9,10858.98
2596,2024-06-11,8,5,5,278.25
2597,2025-09-20,13,3,6,249.71
2598,2025-05-17,6,3,12,472.51
2599,2024-05-10,11,3,6,242.77
2600,2024-05-30,12,6,7,884.45
2601,2025-06-30,10,8,8,2233.6
2602,2024-07-29,10,8,9,2529.16
2603,2024-08-27,11,5,4,241.78
2604,2025-03-24,4,7,6,7086.29
2605,2025-03-26,5,8,12,3534.4
2606,2024-12-05,7,5,19,1044.36
2607,2024-03-05,2,5,3,165.03
2608,2024-09-05,5,2,19,10799.67
2609,2024-08-30,9,6,6,719.53
2610,2024-01-22,3,3,1,36.32
2611,2024-04-27,10,3,10,363.37
2612,2025-04-25,12,7,15,18092.1
2613,2025-01-28,9,4,3,224.3
2614,2024-03-15,9,3,5,193.06
2615,2024-11-25,7,8,18,5331.19
2616,2024-06-16,10,5,7,387.58
2617,2024-09-04,4,6,6,740.96
2618,2025-02-09,7,1,12,22738.01
2619,2025-01-26,9,5,16,869.52
2620,2025-09-12,9,5,10,594.22
2621,2024-08-15,8,8,10,3184.71
2622,2024-10-10,7,1,9,18069.7
2623,2024-09-20,10,8,7,1944.65
2624,2025-01-27,9,8,15,4196.94
2625,2024-09-23,9,7,8,9325.2
2626,2024-11-29,1,6,12,1451.44
2627,2025-04-01,8,4,3,250.4
2628,2025-03-01,9,6,20,2536.02
2629,2024-11-10,6,6,9,1230.6
2630,2024-06-26,10,2,10,5588.37
2631,2025-02-10,10,4,9,685.49
2632,2025-07-26,12,5,1,59.24
2633,2025-01-25,3,1,19,35089.14
2634,2024-12-06,13,5,4,226.53
2635,2025-08-03,9,3,2,80.39
2636,2024-02-14,6,6,7,872.24
2637,2024-09-09,11,3,5,180.56
2638,2025-01-28,11,7,3,3397.47
2639,2025-06-24,3,6,4,485.98
2640,2024-11-26,11,6,17,2265.62
2641,2024-09-10,10,8,1,302.66
2642,2025-08-18,9,2,9,5103.71
2643,2025-04-13,8,4,3,220.79
2644,2024-02-18,4,3,7,287.36
2645,2024-04-26,11,4,10,784.63
2646,2025-03-21,1,4,15,1225.61
2647,2025-04-01,10,1,2,3829.7
2648,2024-08-26,10,3,19,783.72
2649,2024-02-20,12,2,16,8697.08
2650,2024-06-03,1,4,11,807.61
2651,2025-07-01,13,3,6,245.8
2652,2024-10-14,4,6,6,736.72
2653,2025-03-03,5,3,1,36.72
2654,2024-06-22,12,4,1,75.45
2655,2024-03-05,10,7,15,17611.78
2656,2024-11-05,10,6,11,1362.04
2657,2025-03-13,4,2,6,3510.21
2658,2024-07-20,9,4,1,75.42
2659,2024-04-23,3,5,15,823.84
2660,2025-05-09,13,1,3,5655.27
2661,2025-06-10,6,6,2,255.5
2662,2025-06-29,10,8,4,1263.69
2663,2024-12-17,11,7,4,4893.93
2664,2024-05-30,5,7,12,14722.14
2665,2024-11-13,10,8,5,1461.47
2666,2024-05-11,9,6,13,1648.61
2667,2025-08-14,10,3,8,311.27
2668,2025-05-25,2,3,4,146.76
2669,2025-01-07,13,1,8,15670.58
2670,2025-06-15,10,1,3,5655.45
2671,2024-08-11,1,4,20,1491.79
2672,2025-02-27,10,3,20,757.33
2673,2024-12-16,4,3,16,668.46
2674,2025-01-23,4,1,12,24090.22
2675,2024-05-25,10,5,19,1188.99
2676,2025-08-11,10,1,18,35912.72
2677,2024-08-18,12,1,10,18996.69
2678,2025-02-05,6,5,15,817.15
2679,2025-02-25,7,6,3,393.94
2680,2025-04-05,9,3,13,501.09
2681,2025-07-25,10,7,8,9243.66
2682,2024-08-29,4,6,19,2315.16
2683,2024-09-17,2,3,1,39.96
2684,2024-05-07,6,2,11,6448.74
2685,2024-06-24,3,6,11,1477.45
2686,2024-11-10,9,3,14,517.38
2687,2025-05-22,4,7,13,14541.69
2688,2024-01-30,10,6,4,490.78
2689,2025-01-11,11,1,9,17293.07
2690,2025-07-12,2,2,6,3478.73
2691,2025-06-01,7,5,17,1029.12
2692,2025-01-11,12,7,18,21598.28
2693,2024-04-03,9,6,9,1171.45
2694,2024-08-20,3,1,2,3977.03
2695,2025-08-14,9,8,8,2527.45
2696,2025-09-08,10,5,13,797.55
2697,2024-11-10,3,5,6,332.01
2698,2025-06-16,4,4,6,437.38
2699,2024-05-16,5,4,4,304.95
2700,2025-07-26,10,2,3,1639.37
2701,2025-05-20,9,5,19,1155.2
2702,2025-04-15,2,1,2,3627.45
2703,2025-05-07,10,1,2,3497.43
2704,2025-01-12,4,7,7,8901.27
2705,2024-09-03,4,4,17,1428.77
2706,2024-09-21,10,7,20,22736.32
2707,2024-03-01,9,7,6,7571.68
2708,2025-07-14,4,4,17,1366.51
2709,2025-09-08,4,8,14,4468.89
2710,2024-04-10,10,7,6,7082.09
2711,2024-08-20,10,1,3,5414.31
2712,2024-06-12,5,3,4,160.32
2713,2024-06-27,12,8,20,6219.19
2714,2025-04-20,10,1,13,26475.0
2715,2025-03-18,8,6,19,2320.43
2716,2025-01-02,11,5,8,492.41
2717,2024-11-16,8,8,17,5258.95
2718,2025-02-05,9,4,18,1465.86
2719,2025-05-05,1,3,13,497.01
2720,2025-01-09,10,6,19,2580.19
2721,2024-08-22,9,3,11,417.07
2722,2025-03-05,1,8,10,3185.57
2723,2024-11-16,10,3,20,769.02
2724,2024-03-01,8,7,16,17730.34
2725,2024-11-24,10,8,9,2725.55
2726,2024-08-06,5,4,20,1656.34
2727,2024-11-26,6,8,17,5462.08
2728,2025-02-06,11,2,13,6900.59
2729,2024-08-10,1,3,17,695.48
2730,2024-05-22,11,1,6,11208.91
2731,2024-10-19,9,1,1,2002.27
2732,2024-07-17,9,4,1,79.71
2733,2025-07-23,11,6,16,1999.64
2734,2025-02-28,10,5,4,238.01
2735,2024-01-18,12,8,12,3839.15
2736,2025-04-04,10,7,4,4870.79
2737,2025-03-15,1,6,13,1621.4
2738,2024-06-05,8,5,14,819.24
2739,2025-08-14,12,2,17,9291.34
2740,2024-02-06,3,4,14,1083.41
2741,2024-07-29,6,5,5,299.79
2742,2024-07-31,7,7,18,22990.65
2743,2024-05-17,13,7,5,6275.9
2744,2024-09-14,9,8,5,1455.7
2745,2025-08-27,4,1,11,20006.35
2746,2024-08-13,10,5,16,914.9
2747,2024-08-09,10,6,20,2465.59
2748,2025-07-08,11,4,11,800.33
2749,2024-08-09,10,4,4,299.12
2750,2024-02-25,10,7,5,6152.08
2751,2024-03-05,10,8,8,2562.48
2752,2024-11-27,3,5,18,1086.22
2753,2025-01-22,10,6,18,2256.88
2754,2024-05-21,11,3,11,401.64
2755,2024-12-13,9,8,3,835.88
2756,2025-03-10,7,2,9,4900.08
2757,2025-05-22,10,6,5,624.11
2758,2025-07-11,6,8,4,1172.43
2759,2025-01-31,4,5,20,1123.96
2760,2025-01-09,4,2,17,8911.56
2761,2025-04-09,5,3,14,584.12
2762,2025-07-31,11,2,12,6898.33
2763,2024-01-13,11,7,6,6988.0
2764,2024-11-16,6,6,7,964.63
2765,2025-06-15,9,2,17,9429.35
2766,2024-12-06,6,7,16,17933.18
2767,2025-08-24,9,7,19,24376.46
2768,2025-06-19,3,5,13,782.84
2769,2024-09-12,9,1,2,3562.32
2770,2024-12-07,9,4,11,822.24
2771,2024-10-25,9,5,6,362.53
2772,2024-12-28,9,8,19,5582.09
2773,2024-10-01,10,8,11,3371.34
2774,2024-04-19,9,2,19,9682.21
2775,2025-02-07,10,2,5,2656.83
2776,2025-08-10,9,2,15,7595.16
2777,2024-08-16,13,6,4,539.93
2778,2024-12-17,12,7,17,19110.1
2779,2024-02-02,9,6,14,1906.82
2780,2024-07-12,13,8,18,5036.94
2781,2024-01-15,11,3,4,154.63
2782,2024-05-05,11,7,19,21733.78
2783,2025-03-05,10,1,15,30586.9
2784,2024-08-29,3,7,1,1247.26
2785,2025-06-04,2,4,18,1336.83
2786,2024-04-25,11,6,4,494.81
2787,2025-04-10,6,2,17,9657.31
2788,2025-07-25,6,8,7,2066.55
2789,2025-06-09,9,4,13,1069.32
2790,2024-06-23,7,7,19,21871.02
2791,2024-02-28,1,6,18,2255.78
2792,2025-09-14,2,5,15,908.46
2793,2024-10-10,7,8,19,5413.57
2794,2024-04-01,6,7,20,22243.54
2795,2024-07-08,9,8,1,317.05
2796,2025-05-23,7,1,11,22273.06
2797,2024-10-05,5,2,14,7165.25
2798,2025-04-14,13,6,7,879.13
2799,2024-08-17,11,1,12,24477.35
2800,2025-01-16,3,4,1,76.02
2801,2024-04-25,11,2,9,5046.75
2802,2025-01-06,9,6,7,964.63
2803,2024-02-15,9,5,20,1203.92
2804,2024-05-24,9,5,20,1181.73
2805,2025-05-17,7,4,11,874.23
2806,2024-12-14,9,4,1,80.79
2807,2025-01-24,3,2,13,7524.27
2808,2025-05-23,1,5,7,418.99
2809,2024-12-24,4,8,15,4609.37
2810,2025-05-04,4,5,16,936.37
2811,2025-04-26,9,2,12,6264.4
2812,2025-09-13,4,3,13,477.25
2813,2024-02-10,5,3,8,331.69
2814,2024-09-22,9,1,9,17796.41
2815,2025-04-10,10,5,4,238.46
2816,2025-05-31,11,2,2,1119.32
2817,2025-09-05,12,3,9,353.47
2818,2025-05-06,9,7,9,11431.67
2819,2024-05-26,2,8,10,3140.86
2820,2025-06-29,10,4,6,467.87
2821,2024-02-21,4,7,17,20176.81
2822,2024-12-04,3,7,15,18560.04
2823,2024-05-08,1,6,8,1013.99
2824,2024-03-07,7,7,18,21888.2
2825,2025-02-20,1,2,16,8423.36
2826,2025-09-11,1,8,7,2138.75
2827,2024-02-06,9,3,3,109.68
2828,2024-02-12,9,2,13,7131.99
2829,2025-06-24,6,5,14,864.64
2830,2024-05-19,11,2,16,9253.75
2831,2024-10-24,13,3,8,324.96
2832,2025-08-07,4,3,3,119.77
2833,2024-06-21,9,2,5,2944.55
2834,2024-01-21,5,8,16,5094.38
2835,2025-04-01,8,6,11,1326.91
2836,2024-03-14,9,5,18,981.14
2837,2025-09-01,11,6,19,2466.71
2838,2024-04-04,9,2,11,6478.72
2839,2024-03-24,11,7,10,12446.41
2840,2024-07-18,9,7,5,5725.34
2841,2024-01-13,9,5,15,850.85
2842,2025-06-23,9,2,19,9779.33
2843,2025-07-07,3,7,10,11123.74
2844,2025-05-22,12,4,13,1044.73
2845,2024-06-09,6,4,9,715.59
2846,2025-08-30,1,3,4,149.11
2847,2024-07-31,4,1,6,10602.65
2848,2024-12-14,13,3,1,38.12
2849,2025-05-21,1,1,1,1913.75
2850,2025-05-11,13,8,8,2436.0
2851,2025-01-01,10,2,4,2108.91
2852,2025-02-05,11,2,13,7214.33
2853,2024-07-05,10,4,15,1230.91
2854,2025-05-27,10,1,13,22747.22
2855,2025-01-14,11,2,18,9763.82
2856,2024-02-11,1,5,8,453.05
2857,2025-07-01,13,2,4,2204.22
2858,2025-02-19,10,5,11,649.13
2859,2024-08-23,13,4,9,745.69
2860,2024-06-13,10,5,14,814.25
2861,2025-02-02,9,5,19,1191.05
2862,2024-11-14,10,2,2,1106.88
2863,2024-01-20,3,2,17,8813.65
2864,2024-11-17,12,5,1,55.69
2865,2025-01-07,9,2,16,8449.62
2866,2024-06-30,12,4,14,1072.66
2867,2025-09-27,1,5,3,167.36
2868,2025-09-03,9,6,4,520.04
2869,2025-03-05,10,6,12,1563.97
2870,2024-10-18,12,1,15,28948.12
2871,2024-10-25,1,3,18,673.06
2872,2024-03-23,12,3,7,294.12
2873,2025-08-20,8,6,3,363.79
2874,2025-01-08,7,8,14,4156.47
2875,2025-05-26,10,5,10,578.85
2876,2025-03-21,12,8,14,4527.65
2877,2025-06-25,1,2,11,5784.49
2878,2025-06-10,13,5,16,996.16
2879,2025-09-08,2,7,18,20456.33
2880,2025-05-14,3,8,6,1769.54
2881,2025-07-08,10,7,12,15395.06
2882,2025-07-12,5,2,20,11646.39
2883,2025-01-16,9,5,20,1141.0
2884,2024-05-14,2,4,12,874.44
2885,2025-06-15,6,8,10,3227.31
2886,2024-07-29,4,1,10,19676.86
2887,2025-01-17,13,3,3,113.94
2888,2025-02-19,10,3,12,449.79
2889,2024-10-19,10,5,3,184.54
2890,2024-12-15,4,2,17,8805.5
2891,2024-11-06,6,6,19,2564.32
2892,2025-06-15,10,5,19,1175.05
2893,2024-10-23,11,1,12,24052.25
2894,2024-05-29,3,6,10,1227.27
2895,2025-05-01,5,1,4,7849.08
2896,2025-09-03,8,4,16,1191.65
2897,2024-12-23,1,1,7,12576.57
2898,2025-02-14,9,1,3,5322.79
2899,2024-06-18,12,8,4,1150.21
2900,2024-03-30,11,7,2,2507.78
2901,2024-10-12,12,6,20,2777.22
2902,2024-07-20,9,5,15,930.52
2903,2024-01-13,3,4,15,1154.8
2904,2024-04-14,9,3,18,705.2
2905,2025-05-11,9,8,20,6250.03
2906,2025-08-31,2,1,18,35222.55
2907,2025-09-16,3,4,20,1675.84
2908,2024-07-16,9,2,18,9404.45
2909,2024-11-18,8,2,1,521.07
2910,2025-04-29,9,6,15,2048.66
2911,2025-03-19,10,5,7,432.72
2912,2025-09-10,3,2,13,7234.15
2913,2025-03-29,7,6,15,1860.57
2914,2025-06-12,10,6,3,383.09
2915,2025-07-09,12,6,5,602.63
2916,2024-10-23,6,3,13,472.34
2917,2024-06-09,1,5,6,341.66
2918,2024-04-09,9,4,19,1413.81
2919,2024-03-04,1,5,4,245.01
2920,2025-06-19,6,4,2,149.09
2921,2024-12-05,7,7,10,11816.22
2922,2025-07-19,9,6,8,1000.6
2923,2024-01-21,3,5,16,932.01
2924,2024-12-23,11,7,4,4661.8
2925,2025-05-11,12,2,5,2765.21
2926,2024-12-15,11,3,8,316.61
2927,2024-03-29,7,3,13,535.72
2928,2025-06-18,9,4,13,947.94
2929,2025-05-19,11,6,9,1146.67
2930,2024-09-23,8,1,15,27134.01
2931,2024-09-25,11,8,18,5827.6
2932,2025-04-29,4,8,11,3198.04
2933,2024-06-01,8,2,10,5492.86
2934,2024-05-29,1,3,11,412.5
2935,2024-10-21,3,8,6,1815.84
2936,2024-11-18,8,3,1,38.66
2937,2024-05-02,13,4,11,828.43
2938,2024-12-05,10,6,20,2425.36
2939,2024-12-22,9,1,14,28270.15
2940,2024-12-30,13,7,19,23454.54
2941,2025-05-31,10,5,1,57.55
2942,2025-06-30,10,8,7,2126.11
2943,2024-09-03,11,7,9,11277.81
2944,2025-05-07,8,1,16,30384.93
2945,2024-09-11,5,7,3,3649.94
2946,2025-06-01,5,3,16,595.05
2947,2024-11-22,4,1,6,10802.32
2948,2024-04-05,2,8,12,3687.12
2949,2025-09-12,2,3,2,81.49
2950,2024-10-02,6,7,19,22995.02
2951,2024-04-02,8,1,7,13472.75
2952,2025-08-05,10,1,4,8199.89
2953,2024-10-18,9,2,2,1084.35
2954,2024-11-28,12,1,7,13944.3
2955,2024-11-16,10,6,1,138.11
2956,2024-05-31,11,3,9,374.41
2957,2024-04-10,11,3,19,714.76
2958,2025-08-15,1,4,19,1388.73
2959,2024-07-22,3,6,20,2674.34
2960,2024-04-06,9,4,5,392.6
2961,2024-05-28,11,3,19,695.7
2962,2024-02-18,13,7,2,2256.17
2963,2024-10-16,6,3,15,618.98
2964,2025-09-17,9,5,20,1227.0
2965,2025-04-29,9,7,10,12606.84
2966,2024-09-26,8,1,6,10563.78
2967,2024-04-02,13,3,20,723.4
2968,2024-10-01,11,5,8,481.04
2969,2025-08-13,9,3,6,228.33
2970,2024-01-09,3,6,3,358.56
2971,2025-06-14,7,1,4,7739.65
2972,2024-08-06,10,1,8,16055.67
2973,2025-06-16,6,4,20,1502.55
2974,2024-05-15,11,7,6,7306.09
2975,2024-01-30,9,4,4,297.11
2976,2024-07-28,3,1,15,29761.47
2977,2025-08-10,9,3,2,73.23
2978,2024-06-10,9,5,19,1097.99
2979,2024-10-09,9,5,3,178.88
2980,2025-09-22,2,3,6,230.09
2981,2024-12-08,5,7,5,6426.39
2982,2024-08-29,10,7,9,10597.99
2983,2024-01-29,9,2,15,8641.68
2984,2025-02-13,10,5,11,687.89
2985,2025-04-19,2,4,11,848.79
2986,2025-04-27,3,2,10,5259.65
2987,2024-11-14,12,8,5,1442.62
2988,2025-04-11,5,3,5,209.69
2989,2025-06-22,10,6,18,2430.19
2990,2025-09-13,6,8,16,4447.83
2991,2025-02-02,13,4,6,480.74
2992,2024-03-27,12,1,6,11102.85
2993,2025-09-08,5,6,17,2293.21
2994,2024-06-05,10,3,11,442.69
2995,2024-10-22,4,5,13,764.82
2996,2024-09-26,12,6,12,1444.01
2997,2024-05-13,4,6,1,134.26
2998,2025-06-09,13,7,6,7495.99
2999,2025-01-20,4,5,6,362.28
3000,2025-06-07,5,5,3,170.98
3001,2025-06-05,9,7,13,14776.92
3002,2024-10-25,1,6,2,277.11
3003,2024-03-04,11,1,1,1964.99
3004,2025-05-20,9,4,12,987.89
3005,2024-05-14,11,2,3,1765.49
3006,2025-04-13,8,1,17,30441.92
3007,2024-10-19,8,7,2,2390.02
3008,2024-08-05,10,6,1,118.98
3009,2024-06-11,8,8,14,4306.87
3010,2024-06-15,12,4,14,1037.81
3011,2024-07-21,10,7,10,11303.46
3012,2024-09-17,12,5,4,251.69
3013,2024-12-01,12,6,16,2212.95
3014,2024-11-02,10,5,20,1140.79
3015,2024-08-02,8,2,16,8541.97
3016,2024-11-14,13,8,20,6110.88
3017,2024-05-30,12,5,18,1014.29
3018,2024-03-13,9,4,9,693.41
3019,2024-12-20,7,5,15,894.95
3020,2025-07-23,10,6,8,1011.94
3021,2025-01-29,5,8,6,1712.98
3022,2024-03-02,1,1,20,37001.05
3023,2025-07-29,9,5,6,330.86
3024,2025-05-31,9,1,19,37703.27
3025,2025-03-31,1,8,14,4359.29
3026,2025-09-06,9,5,7,410.16
3027,2025-01-14,9,6,14,1735.61
3028,2025-04-04,7,4,13,1035.78
3029,2024-03-05,10,2,17,9143.01
3030,2024-02-05,2,8,16,5126.02
3031,2024-01-14,9,6,2,266.15
3032,2024-10-10,6,4,12,934.64
3033,2025-08-06,5,4,15,1140.82
3034,2024-06-19,8,8,7,1939.48
3035,2025-07-30,3,3,6,242.79
3036,2024-12-05,9,5,3,180.24
3037,2025-03-16,8,4,17,1398.85
3038,2024-02-17,9,4,19,1480.52
3039,2025-04-14,10,8,13,3603.02
3040,2025-03-11,11,5,19,1056.08
3041,2024-02-27,10,7,3,3625.96
3042,2024-02-02,7,3,2,81.28
3043,2025-08-23,10,1,16,28885.01
3044,2025-05-24,9,2,19,10959.06
3045,2025-01-25,8,6,7,942.39
3046,2025-05-07,12,7,10,12212.63
3047,2024-05-12,4,4,3,243.62
3048,2025-04-08,10,1,4,7331.39
3049,2024-10-31,1,7,20,22769.79
3050,2024-11-13,1,5,20,1185.76
3051,2025-01-25,9,5,8,495.54
3052,2025-04-12,11,2,15,8531.04
3053,2025-07-15,1,7,9,11082.22
3054,2025-03-15,9,1,4,7449.69
3055,2025-02-06,10,3,17,619.84
3056,2025-05-28,3,1,20,40880.62
3057,2024-11-17,1,1,17,32949.86
3058,2025-07-18,11,8,6,1771.81
3059,2024-10-28,4,5,10,622.33
3060,2025-03-24,1,3,17,663.81
3061,2025-01-27,10,8,9,2522.37
3062,2025-08-26,10,7,4,4547.7
3063,2024-01-19,1,3,1,37.38
3064,2025-05-18,4,7,7,8631.86
3065,2024-06-24,11,7,6,7363.5
3066,2025-06-23,9,1,3,5404.08
3067,2025-03-25,10,5,6,362.93
3068,2024-01-22,2,3,8,309.93
3069,2025-08-11,9,7,2,2303.97
3070,2024-01-02,12,5,8,462.59
3071,2025-04-10,1,6,8,1064.76
3072,2024-03-14,9,8,12,3760.64
3073,2024-07-10,8,5,17,1010.51
3074,2025-01-30,13,4,17,1314.94
3075,2024-05-08,4,3,8,308.4
3076,2025-02-19,9,7,10,12163.79
3077,2025-01-28,9,3,5,202.75
3078,2025-01-03,4,7,19,23237.33
3079,2024-03-09,9,7,6,6841.89
3080,2025-02-11,12,3,19,790.18
3081,2025-01-17,4,8,13,3934.93
3082,2025-02-23,7,7,1,1161.81
3083,2024-02-19,13,5,20,1239.11
3084,2025-01-05,4,2,5,2960.67
3085,2025-08-04,6,1,15,30444.52
3086,2025-05-12,2,5,8,498.65
3087,2025-01-27,4,2,1,523.01
3088,2024-05-08,10,8,5,1387.96
3089,2024-09-03,10,5,6,367.72
3090,2024-08-15,1,3,2,78.23
3091,2024-02-03,12,7,14,17092.0
3092,2024-07-22,12,7,5,6398.76
3093,2025-05-29,12,1,12,22431.77
3094,2024-12-04,7,1,15,29012.26
3095,2024-11-07,6,8,5,1561.85
3096,2025-09-10,6,1,10,18224.05
3097,2024-04-15,3,4,3,242.94
3098,2025-07-09,2,1,16,30336.32
3099,2024-12-17,13,1,8,14995.22
3100,2024-05-28,1,6,20,2680.81
3101,2025-02-11,9,4,7,549.43
3102,2025-06-17,11,5,9,560.45
3103,2025-05-31,9,1,15,29623.45
3104,2025-05-28,6,2,1,565.85
3105,2025-05-30,9,8,2,645.84
3106,2025-09-16,2,4,6,501.6
3107,2024-09-19,4,5,2,119.98
3108,2024-12-25,7,2,4,2133.09
3109,2025-04-26,9,6,8,1048.89
3110,2025-03-16,11,1,2,3667.38
3111,2025-06-12,10,6,10,1211.0
3112,2025-05-20,9,3,6,218.33
3113,2025-02-10,7,3,2,74.74
3114,2025-01-21,10,5,1,60.51
3115,2024-10-14,3,6,3,416.15
3116,2025-04-21,4,4,8,616.08
3117,2025-08-24,9,8,10,2886.55
3118,2025-08-06,10,7,16,17794.78
3119,2024-12-09,13,3,2,83.98
3120,2025-02-26,9,5,8,440.2
3121,2024-05-03,7,2,4,2138.13
3122,2024-02-17,3,7,8,9118.42
3123,2024-10-21,6,8,6,1698.26
3124,2024-12-02,1,8,9,2640.97
3125,2025-04-15,10,3,7,254.65
3126,2025-05-12,11,6,8,1044.64
3127,2025-06-13,13,3,14,518.03
3128,2024-10-04,1,4,1,74.42
3129,2024-08-18,3,8,18,5751.83
3130,2024-12-30,1,1,13,23646.21
3131,2025-06-28,7,3,17,704.06
3132,2024-07-25,1,2,1,580.59
3133,2025-09-23,2,4,1,74.49
3134,2024-09-11,10,8,12,3639.41
3135,2025-07-13,9,3,13,469.82
3136,2024-02-13,11,8,12,3840.33
3137,2025-03-25,5,5,19,1202.04
3138,2025-01-22,9,5,11,620.46
3139,2025-03-07,3,7,12,14697.79
3140,2025-07-03,6,6,13,1805.89
3141,2025-06-08,7,2,16,8947.78
3142,2024-10-07,5,7,4,5038.74
3143,2024-11-03,8,5,15,936.5
3144,2025-08-18,1,4,12,993.47
3145,2024-01-30,7,4,1,73.54
3146,2025-09-03,8,2,11,5964.84
3147,2024-02-29,3,5,10,549.89
3148,2024-11-14,5,7,9,11200.76
3149,2025-06-18,10,8,19,5293.63
3150,2025-08-24,2,7,14,18048.37
3151,2024-10-22,4,6,13,1780.35
3152,2024-08-31,9,5,18,1055.2
3153,2025-04-08,1,3,8,336.65
3154,2025-06-12,2,5,8,498.85
3155,2024-06-01,1,6,14,1802.78
3156,2024-05-02,10,8,7,2196.14
3157,2025-07-15,6,1,6,12065.93
3158,2025-05-22,11,8,13,3973.2
3159,2024-05-18,9,4,20,1689.48
3160,2025-07-19,10,1,5,9097.42
3161,2024-07-16,13,2,14,7829.69
3162,2024-12-29,6,4,10,789.32
3163,2024-05-06,9,8,11,3468.9
3164,2024-07-27,7,7,2,2559.3
3165,2025-04-10,9,4,18,1526.52
3166,2025-06-29,10,4,7,568.35
3167,2025-09-26,10,3,5,194.77
3168,2025-08-27,8,1,13,24299.15
3169,2025-08-20,8,4,18,1390.49
3170,2024-09-08,6,5,5,301.14
3171,2025-03-12,10,5,2,111.06
3172,2025-03-17,8,6,17,2076.16
3173,2025-01-30,1,7,6,6639.89
3174,2024-06-05,9,6,13,1779.78
3175,2025-05-02,6,8,9,2620.11
3176,2024-04-03,12,8,19,6008.84
3177,2025-02-16,2,7,2,2434.28
3178,2024-08-26,12,4,5,415.45
3179,2024-06-22,3,4,19,1442.7
3180,2024-05-12,9,2,4,2136.11
3181,2024-06-30,1,2,6,3391.53
3182,2025-08-16,3,4,19,1614.4
3183,2024-12-18,4,3,11,421.98
3184,2024-12-14,11,3,5,185.8
3185,2024-12-09,6,5,3,173.83
3186,2025-09-23,4,5,19,1146.55
3187,2025-09-18,9,5,13,708.65
3188,2025-04-08,9,7,7,8915.55
3189,2025-07-13,11,8,5,1428.32
3190,2025-01-14,9,3,14,509.63
3191,2024-10-31,7,6,15,1992.09
3192,2024-12-19,12,7,11,12836.27
3193,2024-09-19,13,3,9,349.33
3194,2024-10-11,8,7,17,21561.45
3195,2024-03-08,7,5,11,608.14
3196,2024-08-18,2,8,10,2762.37
3197,2024-06-12,8,7,1,1202.41
3198,2024-12-01,1,2,15,7602.39
3199,2025-07-27,6,5,5,314.65
3200,2024-05-23,10,6,2,259.67
3201,2025-09-20,10,5,3,168.86
3202,2025-05-25,10,8,20,5985.4
3203,2025-02-03,9,5,11,699.88
3204,2024-09-26,9,1,10,18436.32
3205,2025-05-16,7,8,10,3234.17
3206,2024-08-31,10,4,19,1441.25
3207,2025-06-27,10,1,5,9734.82
3208,2025-02-27,5,1,8,16333.09
3209,2025-09-16,3,5,20,1244.48
3210,2024-08-25,1,2,19,10838.4
3211,2025-01-08,9,6,4,528.9
3212,2025-05-07,13,3,7,251.32
3213,2025-07-03,6,7,17,21398.72
3214,2024-05-13,10,4,6,509.73
3215,2024-09-25,9,5,6,351.69
3216,2024-12-29,2,8,7,2167.13
3217,2025-02-11,10,2,12,6158.22
3218,2025-06-10,2,3,10,407.41
3219,2025-06-23,9,7,20,24187.24
3220,2025-08-21,5,8,5,1432.82
3221,2024-12-21,9,3,6,223.82
3222,2024-02-07,11,7,11,13884.12
3223,2025-03-05,8,5,15,953.6
3224,2024-03-08,10,7,16,18628.49
3225,2025-09-23,12,1,15,29619.6
3226,2025-02-07,6,1,18,34625.17
3227,2025-05-21,10,3,13,533.51
3228,2024-12-26,8,1,5,10193.05
3229,2024-05-07,9,2,6,3090.83
3230,2024-01-31,11,2,18,10480.44
3231,2025-01-28,10,7,4,4808.25
3232,2025-03-17,9,7,13,16137.31
3233,2025-07-22,1,3,8,311.05
3234,2024-10-12,9,4,8,609.24
3235,2025-07-09,10,8,2,575.29
3236,2024-09-04,9,7,17,21323.52
3237,2024-06-05,7,8,1,314.42
3238,2025-05-23,11,4,4,307.05
3239,2025-07-06,6,1,12,21427.93
3240,2025-02-19,12,4,17,1294.4
3241,2024-08-24,13,4,4,339.86
3242,2024-12-09,1,2,5,2936.58
3243,2025-07-10,4,8,4,1166.27
3244,2025-05-29,9,1,19,36882.69
3245,2024-11-17,1,3,8,318.93
3246,2024-07-26,8,5,9,523.52
3247,2024-01-28,10,4,14,1145.93
3248,2024-01-25,8,3,20,757.45
3249,2025-03-25,12,6,19,2625.47
3250,2024-05-14,12,3,15,560.06
3251,2025-05-28,4,1,5,9593.65
3252,2025-08-18,10,3,8,298.35
3253,2025-09-26,7,6,9,1167.97
3254,2024-01-27,9,4,10,763.66
3255,2024-07-18,4,2,12,6844.15
3256,2025-03-18,12,8,9,2803.99
3257,2024-11-04,8,6,1,138.25
3258,2025-03-26,8,2,10,5833.67
3259,2024-08-17,5,8,13,4024.21
3260,2025-06-21,4,8,15,4347.22
3261,2025-06-17,11,7,10,12315.72
3262,2025-05-26,1,3,14,586.34
3263,2025-05-14,9,7,6,6758.29
3264,2024-11-21,3,7,14,16568.46
3265,2025-09-28,10,4,9,673.9
3266,2025-06-08,11,3,8,300.45
3267,2025-08-06,4,8,14,4236.1
3268,2025-02-27,1,8,15,4582.27
3269,2024-08-01,8,5,10,545.34
3270,2025-07-14,2,5,13,817.07
3271,2025-07-19,7,1,4,7656.26
3272,2024-10-07,2,6,13,1782.62
3273,2025-05-19,10,8,15,4410.45
3274,2024-08-16,1,4,18,1381.81
3275,2024-09-08,2,4,9,742.79
3276,2025-01-18,9,3,18,748.12
3277,2024-12-01,5,4,3,227.62
3278,2025-05-08,2,8,10,3038.52
3279,2024-04-11,10,8,17,5113.92
3280,2024-03-02,12,1,10,17513.23
3281,2024-12-17,8,2,17,8876.53
3282,2024-12-21,2,8,8,2240.94
3283,2024-03-25,2,4,14,1102.71
3284,2025-08-31,1,2,18,9812.6
3285,2025-03-07,6,5,5,287.01
3286,2025-03-13,10,1,5,10047.57
3287,2024-07-11,11,2,12,7053.97
3288,2024-01-16,1,3,7,253.53
3289,2024-09-08,10,6,1,132.62
3290,2024-08-09,2,5,5,272.69
3291,2024-08-27,5,3,1,36.48
3292,2024-07-15,11,3,5,183.63
3293,2025-09-25,5,3,6,240.17
3294,2025-03-21,2,1,3,5345.04
3295,2024-06-17,9,4,8,646.33
3296,2025-09-05,3,4,6,454.53
3297,2025-07-15,10,6,5,615.75
3298,2025-05-27,6,8,14,4396.93
3299,2024-11-07,4,3,2,80.87
3300,2024-11-11,9,8,8,2314.26
3301,2024-09-25,9,4,12,933.55
3302,2024-05-26,7,7,12,15123.63
3303,2024-12-12,12,3,12,489.53
3304,2025-02-28,8,5,4,227.19
3305,2024-07-14,11,6,6,747.81
3306,2024-07-29,10,7,11,13552.54
3307,2025-04-15,10,7,5,6251.41
3308,2025-07-30,10,3,10,371.44
3309,2024-10-12,12,3,10,365.24
3310,2024-11-24,10,7,7,8729.21
3311,2024-07-29,13,5,14,832.41
3312,2025-03-29,1,2,13,7400.47
3313,2025-02-11,5,2,14,7189.4
3314,2024-12-20,2,4,15,1106.96
3315,2024-06-17,3,1,16,31313.18
3316,2025-08-29,5,7,16,20609.82
3317,2025-08-04,7,5,19,1068.63
3318,2024-08-07,10,5,15,870.4
3319,2024-05-02,9,3,13,534.78
3320,2024-06-14,11,2,15,7758.94
3321,2025-02-10,12,1,7,13070.55
3322,2025-03-27,13,2,6,3368.86
3323,2024-08-12,9,7,15,19409.97
3324,2025-01-19,4,4,20,1481.65
3325,2024-05-21,10,1,4,7476.11
3326,2024-07-30,9,2,7,3674.78
3327,2024-12-05,10,8,7,2253.55
3328,2024-08-05,11,5,3,183.47
3329,2024-12-16,4,2,9,5264.11
3330,2025-09-16,9,2,1,509.26
3331,2024-05-15,12,3,17,669.56
3332,2025-08-20,8,1,3,6039.89
3333,2024-05-03,13,4,9,711.22
3334,2025-01-20,12,1,7,12908.57
3335,2024-12-06,13,2,16,9258.1
3336,2025-08-17,7,2,11,6316.51
3337,2024-03-20,9,4,5,412.87
3338,2025-08-20,11,3,10,415.35
3339,2025-09-14,9,2,10,5131.63
3340,2025-07-10,6,3,16,667.32
3341,2024-06-20,8,6,16,2024.56
3342,2024-03-08,9,2,2,1171.43
3343,2024-04-08,13,2,19,11263.4
3344,2024-04-14,6,1,3,5888.41
3345,2024-09-06,8,7,6,7071.59
3346,2024-09-14,3,6,6,805.91
3347,2024-03-11,3,6,10,1287.23
3348,2024-11-29,9,5,17,1007.13
3349,2025-02-19,9,4,2,146.13
3350,2025-04-16,7,8,12,3852.91
3351,2024-09-27,9,3,6,232.06
3352,2024-10-13,3,6,13,1641.3
3353,2024-12-05,10,2,10,5805.36
3354,2025-07-03,1,7,17,20883.99
3355,2024-07-22,10,8,4,1272.37
3356,2025-06-18,8,1,9,18426.22
3357,2024-04-26,3,8,14,3977.23
3358,2024-09-19,10,3,5,186.56
3359,2025-01-22,6,5,16,917.83
3360,2025-09-29,9,5,2,108.58
3361,2025-01-21,9,2,8,4302.77
3362,2025-08-26,7,1,11,19867.08
3363,2025-08-21,3,3,1,40.82
3364,2025-04-16,10,8,18,5815.19
3365,2024-07-08,3,1,3,5262.87
3366,2025-08-11,10,6,8,999.19
3367,2024-04-19,10,2,9,4773.33
3368,2024-08-09,12,3,18,649.93
3369,2025-01-22,9,1,13,23588.97
3370,2025-01-24,10,1,8,15106.1
3371,2024-05-04,4,8,9,2886.26
3372,2024-10-21,9,6,11,1430.93
3373,2025-06-02,9,5,1,59.42
3374,2025-05-06,11,7,19,23302.08
3375,2024-05-09,9,7,1,1176.43
3376,2024-11-01,5,8,9,2644.38
3377,2024-08-29,8,2,8,4334.56
3378,2025-08-05,2,6,8,1054.29
3379,2025-04-29,9,3,20,823.54
3380,2025-05-28,9,3,11,449.78
3381,2025-04-01,5,3,9,332.7
3382,2024-02-04,2,3,10,365.7
3383,2025-07-22,9,6,18,2261.83
3384,2025-02-08,1,3,16,630.3
3385,2024-05-17,9,4,7,528.37
3386,2025-04-02,6,3,8,329.39
3387,2025-06-17,9,4,2,152.43
3388,2024-11-10,4,2,15,7784.29
3389,2025-02-17,11,1,10,17735.18
3390,2024-05-26,3,4,19,1423.21
3391,2024-12-04,13,1,13,23586.12
3392,2024-02-05,4,4,19,1418.6
3393,2025-08-27,7,3,5,180.81
3394,2024-04-04,5,4,7,541.82
3395,2024-03-19,2,1,1,1802.93
3396,2024-03-30,3,6,13,1734.83
3397,2024-03-02,10,6,20,2501.2
3398,2025-03-01,12,4,1,76.29
3399,2025-09-17,3,4,3,254.53
3400,2025-08-15,9,2,10,5341.99
3401,2025-07-02,8,2,20,10621.1
3402,2025-02-25,12,2,15,8859.59
3403,2024-11-06,2,3,16,638.79
3404,2024-01-30,9,2,11,6016.57
3405,2025-06-10,9,3,5,187.07
3406,2025-03-04,10,8,1,294.55
3407,2024-06-14,5,3,7,281.04
3408,2024-05-11,12,7,17,21119.59
3409,2024-06-25,9,2,10,5793.75
3410,2024-02-11,13,4,15,1247.6
3411,2025-05-15,9,3,8,322.14
3412,2024-11-11,9,7,13,15881.06
3413,2025-09-10,10,2,16,9007.62
3414,2024-10-27,9,6,7,963.59
3415,2025-05-30,10,1,13,25887.1
3416,2024-08-12,8,4,12,881.81
3417,2024-08-03,13,4,8,630.89
3418,2024-08-26,10,8,14,4038.84
3419,2024-11-04,3,5,12,745.43
3420,2024-04-28,1,7,19,21448.83
3421,2025-01-09,6,2,5,2884.85
3422,2024-04-19,8,7,16,18214.88
3423,2025-04-17,9,4,9,732.02
3424,2024-04-23,2,7,12,15323.98
3425,2024-08-12,9,1,10,20237.89
3426,2024-11-27,12,6,4,546.05
3427,2024-11-25,4,3,3,113.12
3428,2025-08-30,13,4,7,548.11
3429,2024-02-25,9,5,11,603.73
3430,2025-05-23,8,7,7,8275.0
3431,2025-07-16,13,7,7,7733.84
3432,2025-06-08,3,1,17,31209.54
3433,2025-06-21,10,4,7,596.61
3434,2025-04-02,7,3,18,713.82
3435,2024-03-20,4,1,11,21357.3
3436,2025-08-01,12,3,1,39.39
3437,2025-01-29,11,2,7,3625.07
3438,2024-03-26,9,4,12,879.73
3439,2024-01-02,2,6,10,1267.61
3440,2025-01-07,10,1,18,36248.1
3441,2024-12-25,10,1,10,18246.45
3442,2024-07-29,2,7,13,16582.49
3443,2025-06-30,4,2,9,4952.9
3444,2024-08-30,9,4,2,161.15
3445,2024-12-29,6,5,15,829.77
3446,2024-07-23,2,1,5,10085.33
3447,2024-10-22,9,4,16,1304.8
3448,2024-12-29,7,7,4,4481.42
3449,2024-10-10,7,4,7,522.9
3450,2025-04-27,11,6,18,2213.29
3451,2025-01-12,9,7,11,13072.71
3452,2024-09-27,5,4,19,1538.5
3453,2024-08-05,7,3,4,155.2
3454,2025-01-24,2,6,18,2438.8
3455,2024-12-10,12,1,7,12243.3
3456,2024-05-12,11,3,16,649.35
3457,2025-03-16,5,2,12,6915.83
3458,2024-04-19,9,5,14,773.99
3459,2024-11-30,4,1,18,36457.69
3460,2025-04-28,1,8,8,2421.34
3461,2024-12-10,9,8,4,1127.21
3462,2024-08-29,10,8,17,5443.98
3463,2024-02-29,8,2,5,2557.54
3464,2024-08-03,4,5,16,901.2
3465,2025-05-08,9,8,16,4488.14
3466,2025-04-22,8,2,19,10568.8
3467,2025-04-21,8,7,13,16273.08
3468,2025-02-22,10,4,7,534.2
3469,2025-04-23,3,5,5,317.96
3470,2024-06-08,9,4,6,445.73
3471,2024-07-20,13,1,15,26303.05
3472,2024-07-10,1,2,11,6032.08
3473,2025-08-10,6,2,2,1022.32
3474,2024-10-31,1,1,5,9345.09
3475,2025-03-29,11,6,20,2561.72
3476,2024-06-25,6,4,12,946.79
3477,2024-08-06,8,2,9,4849.61
3478,2025-08-19,13,7,10,12343.26
3479,2025-07-24,2,8,5,1576.15
3480,2025-05-30,3,7,18,21023.1
3481,2024-05-18,10,3,10,358.96
3482,2025-05-05,10,1,18,33586.54
3483,2025-05-12,10,6,3,392.53
3484,2024-06-17,3,2,13,7655.84
3485,2025-03-15,10,4,11,924.42
3486,2024-10-08,10,4,1,73.81
3487,2025-02-11,9,4,3,239.01
3488,2025-06-17,6,1,6,11442.72
3489,2025-04-15,5,6,18,2463.47
3490,2025-04-06,9,4,2,168.71
3491,2024-10-30,2,7,13,14777.3
3492,2025-06-05,2,3,14,547.74
3493,2025-05-20,6,8,9,2816.25
3494,2025-08-12,4,2,2,1182.23
3495,2025-04-01,10,1,20,37570.73
3496,2025-02-28,6,3,4,157.44
3497,2024-04-29,8,4,16,1364.86
3498,2024-02-01,10,7,16,18976.18
3499,2024-12-17,8,3,17,667.53
3500,2024-07-06,9,6,1,120.49
3501,2025-06-01,3,7,6,7306.13
3502,2024-11-15,11,1,19,37231.19
3503,2024-03-19,8,6,6,735.27
3504,2025-08-01,9,1,15,27534.44
3505,2025-01-28,2,6,11,1446.81
3506,2024-08-31,9,8,13,3772.94
3507,2025-01-22,13,1,11,19315.9
3508,2025-08-25,3,8,4,1275.25
3509,2025-01-19,4,2,5,2784.63
3510,2024-10-17,11,8,3,921.35
3511,2024-11-06,1,6,2,237.54
3512,2025-02-13,10,8,18,5689.67
3513,2025-09-25,10,1,5,9631.2
3514,2025-07-24,7,1,3,5828.03
3515,2024-12-15,4,1,13,25325.18
3516,2024-05-29,5,4,14,1124.53
3517,2024-01-19,3,1,1,1984.82
3518,2025-08-28,11,3,13,519.27
3519,2025-06-14,9,4,16,1354.04
3520,2024-01-28,11,8,3,944.17
3521,2025-08-31,13,6,14,1857.52
3522,2025-04-27,9,8,7,2053.59
3523,2024-06-24,6,2,9,4846.78
3524,2025-01-10,11,6,17,2087.25
3525,2024-06-10,6,4,12,971.5
3526,2025-07-12,11,4,14,1190.7
3527,2024-07-08,1,8,16,4696.26
3528,2025-08-06,6,3,14,569.71
3529,2025-06-28,5,4,14,1193.92
3530,2024-02-03,1,5,11,680.12
3531,2025-02-14,9,7,15,17035.73
3532,2024-06-09,4,4,19,1391.89
3533,2025-05-07,12,6,9,1186.07
3534,2025-09-13,1,1,3,5625.64
3535,2024-04-07,1,3,1,37.75
3536,2025-09-07,2,4,11,831.04
3537,2025-02-15,10,4,8,657.34
3538,2024-09-06,2,2,4,2070.3
3539,2024-07-31,12,7,12,13673.43
3540,2025-01-19,11,7,6,7552.66
3541,2025-01-03,9,4,18,1470.9
3542,2025-09-05,5,7,2,2514.5
3543,2025-02-08,6,2,16,9016.69
3544,2024-09-23,10,4,15,1222.64
3545,2024-12-04,9,2,14,7631.43
3546,2024-03-27,11,2,11,6358.3
3547,2025-04-28,12,3,14,524.8
3548,2024-02-01,5,2,17,10043.36
3549,2024-01-18,9,1,14,26888.1
3550,2024-07-09,10,4,20,1604.7
3551,2024-12-16,2,6,2,266.76
3552,2025-01-12,12,3,14,540.82
3553,2024-05-23,10,5,8,496.75
3554,2025-09-06,6,6,3,396.76
3555,2024-09-30,11,7,10,11743.23
3556,2024-05-25,10,2,8,4220.08
3557,2024-11-14,9,2,4,2272.71
3558,2024-08-07,5,2,17,9856.9
3559,2024-11-10,9,4,3,251.66
3560,2025-03-26,9,8,4,1234.22
3561,2024-05-05,9,8,20,5641.45
3562,2025-06-16,12,4,6,474.7
3563,2025-02-25,10,8,8,2522.92
3564,2025-01-18,8,2,11,5983.59
3565,2024-12-10,10,6,5,651.7
3566,2024-11-14,6,2,12,6971.04
3567,2024-02-20,11,3,1,36.7
3568,2025-01-01,9,1,7,13813.61
3569,2024-02-24,9,7,15,18752.35
3570,2024-02-17,1,4,9,700.54
3571,2024-08-15,2,3,8,326.42
3572,2024-03-11,5,3,15,554.35
3573,2024-03-31,5,7,2,2246.61
3574,2024-03-30,9,3,12,490.17
3575,2025-05-09,10,2,13,7163.23
3576,2024-06-26,11,4,18,1436.87
3577,2025-08-27,9,4,13,1043.47
3578,2025-04-19,10,7,16,18229.82
3579,2024-03-16,10,2,2,1179.96
3580,2024-11-09,5,6,1,135.08
3581,2024-08-30,4,8,1,301.4
3582,2025-06-01,10,5,10,576.95
3583,2024-12-03,9,6,11,1393.91
3584,2024-11-06,2,8,15,4668.74
3585,2025-04-02,9,3,14,523.33
3586,2025-05-10,10,7,15,18126.44
3587,2024-12-16,9,4,18,1500.74
3588,2025-06-24,1,3,7,281.19
3589,2024-08-09,7,2,10,5311.79
3590,2024-12-16,4,4,1,76.43
3591,2024-11-23,10,5,6,361.15
3592,2024-12-26,3,7,18,22419.49
3593,2024-07-23,1,5,13,744.08
3594,2025-02-13,12,1,7,13032.25
3595,2024-01-05,5,4,16,1300.99
3596,2025-05-02,10,2,12,6668.8
3597,2025-05-31,10,2,6,3284.81
3598,2024-06-27,2,5,2,115.68
3599,2024-03-26,9,3,5,195.42
3600,2024-06-06,2,2,15,8493.94
3601,2025-03-19,11,8,11,3393.53
3602,2025-07-02,9,5,19,1116.89
3603,2025-03-03,2,3,5,182.72
3604,2025-07-11,10,7,12,14438.67
3605,2025-03-25,13,1,14,24786.53
3606,2025-07-11,11,6,14,1910.48
3607,2025-06-28,3,8,12,3791.69
3608,2025-07-18,8,7,20,23251.54
3609,2025-01-25,2,4,17,1418.84
3610,2025-07-30,1,3,2,73.18
3611,2024-12-19,8,8,12,3420.59
3612,2024-10-12,11,4,14,1180.49
3613,2024-12-01,11,6,9,1175.56
3614,2025-04-09,11,4,16,1298.9
3615,2024-10-02,10,4,11,896.09
3616,2024-07-04,9,2,5,2737.02
3617,2025-02-19,3,6,11,1329.51
3618,2025-02-17,10,6,18,2463.39
3619,2025-09-19,13,5,16,999.53
3620,2024-04-04,10,3,7,268.89
3621,2024-10-16,9,5,12,680.61
3622,2025-01-21,6,2,11,5932.34
3623,2024-01-12,10,8,20,5903.95
3624,2025-09-07,1,7,10,11735.74
3625,2024-04-26,5,1,18,36836.01
3626,2025-04-17,9,4,11,889.97
3627,2024-10-20,2,4,7,593.97
3628,2024-11-21,9,3,4,155.47
3629,2024-01-15,12,5,5,302.1
3630,2025-08-31,2,4,2,155.77
3631,2024-07-05,6,1,4,8071.89
3632,2024-08-10,3,5,5,303.0
3633,2024-08-03,11,6,1,133.08
3634,2025-04-17,13,2,17,9222.19
3635,2025-09-24,1,5,4,228.79
3636,2025-02-28,2,4,15,1097.58
3637,2024-08-17,6,2,20,10199.63
3638,2025-07-15,10,2,1,561.56
3639,2024-07-26,10,3,2,79.67
3640,2025-04-22,8,7,20,22745.35
3641,2024-07-03,7,5,3,186.48
3642,2025-05-17,9,1,20,39760.8
3643,2024-08-04,10,3,10,358.94
3644,2025-05-11,5,4,7,580.07
3645,2024-07-01,5,4,16,1237.9
3646,2024-10-08,12,5,2,118.15
3647,2024-08-09,6,3,13,543.0
3648,2024-09-14,8,4,11,913.66
3649,2024-05-16,10,6,20,2485.87
3650,2025-03-07,1,7,20,25434.72
3651,2024-08-31,2,8,13,3792.76
3652,2025-01-18,4,1,19,37802.32
3653,2024-12-25,9,5,10,612.62
3654,2024-10-05,13,7,15,18256.44
3655,2024-01-20,10,8,1,317.86
3656,2024-02-21,11,8,3,839.63
3657,2025-01-03,10,8,4,1168.65
3658,2024-11-08,6,6,3,389.65
3659,2025-04-08,7,5,9,536.35
3660,2024-08-06,4,6,20,2740.0
3661,2024-09-04,12,5,11,675.94
3662,2024-10-25,11,4,16,1232.28
3663,2025-05-14,5,3,18,694.66
3664,2025-02-10,12,8,4,1161.73
3665,2024-02-24,11,4,18,1381.89
3666,2025-05-11,10,5,17,1082.07
3667,2025-05-17,9,5,19,1075.17
3668,2025-07-19,10,4,11,870.69
3669,2024-03-19,10,3,15,589.61
3670,2025-09-11,9,4,1,82.27
3671,2024-09-30,12,8,15,4392.2
3672,2025-08-01,7,7,5,5569.54
3673,2024-07-17,10,4,20,1518.86
3674,2025-05-13,10,4,4,317.88
3675,2024-06-26,8,7,3,3586.62
3676,2024-11-18,4,2,15,7973.39
3677,2025-07-29,4,7,5,5892.6
3678,2024-08-25,1,8,16,4619.49
3679,2024-10-03,5,5,8,505.3
3680,2024-04-28,7,4,15,1232.38
3681,2025-07-20,13,4,16,1241.61
3682,2024-01-28,12,1,16,30001.16
3683,2024-11-16,4,2,3,1598.8
3684,2025-05-29,2,1,2,3885.11
3685,2025-05-08,10,6,13,1638.65
3686,2024-08-11,5,4,17,1446.83
3687,2024-11-02,5,3,7,288.94
3688,2025-09-21,10,1,2,3652.3
3689,2025-05-07,2,4,10,800.73
3690,2024-11-02,2,7,11,14242.52
3691,2025-07-30,9,8,9,2657.57
3692,2024-12-02,8,2,17,9546.29
3693,2025-03-29,5,8,19,5619.39
3694,2025-06-30,9,3,20,719.57
3695,2024-10-22,13,6,1,129.55
3696,2024-05-17,5,4,1,81.91
3697,2024-11-02,6,1,11,20147.82
3698,2025-01-09,4,3,3,112.38
3699,2024-03-22,7,1,10,18943.07
3700,2025-01-19,11,5,15,918.03
3701,2024-11-22,11,3,1,37.05
3702,2024-01-20,12,3,8,326.13
3703,2024-09-23,2,7,14,16289.53
3704,2024-08-18,4,4,12,883.74
3705,2024-09-21,7,5,14,862.01
3706,2024-06-18,9,6,6,798.0
3707,2024-09-14,9,1,19,36210.98
3708,2025-09-15,12,7,11,12906.44
3709,2025-07-18,7,6,20,2447.0
3710,2024-03-28,4,2,18,10501.05
3711,2025-09-26,13,2,9,5230.46
3712,2025-02-21,11,5,6,331.5
3713,2024-11-27,11,1,19,37440.56
3714,2024-08-26,9,4,10,738.26
3715,2024-03-21,5,6,12,1513.93
3716,2024-08-30,1,1,10,18372.7
3717,2025-03-30,2,1,20,41017.28
3718,2025-01-18,10,6,11,1409.15
3719,2024-07-06,11,6,10,1211.5
3720,2025-02-15,2,7,20,25373.52
3721,2024-02-24,6,2,20,11713.22
3722,2025-09-14,12,7,13,16074.29
3723,2025-05-16,11,3,6,240.15
3724,2024-10-22,3,3,5,200.83
3725,2025-08-21,8,7,20,24262.97
3726,2025-01-06,10,8,19,5973.26
3727,2024-01-14,9,3,12,467.42
3728,2024-11-23,10,3,5,180.35
3729,2025-08-13,5,6,20,2577.25
3730,2025-01-22,13,3,20,761.24
3731,2025-04-25,1,1,5,10123.23
3732,2025-06-15,1,1,6,11925.04
3733,2024-10-31,7,5,16,908.28
3734,2025-09-18,13,1,19,33328.99
3735,2025-09-14,9,6,14,1774.83
3736,2024-03-26,7,6,14,1894.21
3737,2025-01-07,12,8,13,3804.9
3738,2025-02-25,11,2,7,3774.97
3739,2024-04-21,12,1,3,6145.73
3740,2025-01-22,1,5,16,993.95
3741,2025-08-07,2,1,7,13312.01
3742,2025-04-28,5,6,8,1041.93
3743,2024-08-22,9,2,9,4909.06
3744,2024-09-25,6,3,18,672.73
3745,2025-05-06,9,1,19,35107.57
3746,2024-10-15,1,5,17,1044.59
3747,2025-05-13,8,6,13,1727.65
3748,2024-09-29,10,3,6,234.96
3749,2024-01-03,10,4,5,378.91
3750,2024-12-25,7,5,14,824.01
3751,2024-01-22,13,5,11,680.33
3752,2025-05-05,9,8,11,3113.38
3753,2024-03-16,9,6,11,1441.64
3754,2025-03-02,5,8,9,2521.58
3755,2024-08-11,9,3,14,541.09
3756,2025-03-19,10,8,14,4036.82
3757,2024-09-21,6,6,14,1751.29
3758,2025-01-06,8,1,2,3837.94
3759,2025-06-21,2,2,13,7461.63
3760,2025-05-06,9,3,6,249.8
3761,2025-05-19,10,4,10,824.42
3762,2024-10-26,1,5,14,846.47
3763,2025-03-08,9,1,9,15745.89
3764,2025-01-20,2,6,8,1021.87
3765,2025-01-05,8,8,4,1282.28
3766,2025-07-26,7,3,13,469.76
3767,2024-07-26,10,7,5,5995.94
3768,2024-06-15,12,5,20,1193.86
3769,2025-04-22,11,6,14,1789.95
3770,2025-06-13,7,1,6,12271.09
3771,2025-09-13,10,4,18,1364.19
3772,2024-09-12,6,3,3,124.75
3773,2024-06-23,9,7,16,19634.22
3774,2024-01-04,9,1,16,31988.94
3775,2025-01-26,9,2,20,10988.56
3776,2024-03-06,9,5,10,551.86
3777,2024-09-11,10,7,9,11007.21
3778,2025-05-20,9,6,19,2441.54
3779,2024-10-06,6,1,16,28044.39
3780,2024-07-24,10,4,10,754.94
3781,2025-03-22,2,7,19,21613.38
3782,2025-02-06,10,1,16,29921.75
3783,2025-07-18,7,6,19,2436.81
3784,2024-02-18,3,6,9,1154.0
3785,2025-02-25,5,2,9,5094.55
3786,2025-08-29,9,6,13,1611.14
3787,2025-09-11,10,5,4,231.98
3788,2024-11-30,9,6,5,617.94
3789,2024-10-02,9,6,16,2145.52
3790,2025-08-21,2,7,13,14462.6
3791,2025-05-27,5,2,7,3788.0
3792,2025-03-21,13,5,15,814.47
3793,2024-10-20,9,8,4,1152.86
3794,2024-12-13,11,4,10,742.53
3795,2024-09-12,1,4,16,1352.75
3796,2024-02-08,9,4,20,1662.07
3797,2024-09-17,10,1,4,7521.05
3798,2025-02-01,10,1,16,30593.02
3799,2025-01-06,6,2,13,7598.18
3800,2024-09-27,11,4,18,1483.58
3801,2024-10-20,5,4,14,1103.67
3802,2025-06-09,10,7,2,2395.8
3803,2025-01-11,5,2,7,3677.28
3804,2024-06-07,1,5,7,383.07
3805,2024-05-17,10,4,14,1089.22
3806,2024-12-07,10,7,15,18773.64
3807,2024-07-27,13,4,1,81.08
3808,2024-06-30,7,7,12,14539.9
3809,2024-12-28,13,6,6,829.55
3810,2025-05-02,11,5,3,166.85
3811,2024-10-13,13,2,3,1728.76
3812,2025-06-09,3,5,6,343.93
3813,2025-08-19,9,3,11,450.28
3814,2025-05-19,6,5,9,520.6
3815,2024-10-04,11,5,10,630.08
3816,2025-05-27,9,6,3,369.28
3817,2025-09-11,10,3,2,74.33
3818,2024-03-31,9,8,14,4208.73
3819,2025-08-05,11,2,9,4847.72
3820,2024-03-11,10,4,7,530.25
3821,2024-03-29,4,3,18,669.1
3822,2024-12-24,12,7,10,11939.93
3823,2024-01-14,8,8,14,3936.85
3824,2024-10-05,10,6,1,128.65
3825,2024-03-04,8,2,16,8288.28
3826,2024-12-29,9,5,4,236.04
3827,2024-06-29,11,3,13,534.98
3828,2024-07-19,8,5,4,239.35
3829,2025-04-26,10,4,20,1625.94
3830,2025-06-09,9,8,1,287.01
3831,2025-09-28,10,8,2,563.84
3832,2025-01-23,2,7,18,20363.45
3833,2024-11-27,4,6,8,960.5
3834,2025-05-02,10,6,6,761.81
3835,2024-11-03,10,1,18,35318.7
3836,2024-12-28,3,4,7,577.13
3837,2024-12-22,6,2,1,540.94
3838,2024-09-03,2,5,11,692.43
3839,2025-04-10,7,1,6,11821.33
3840,2025-05-23,3,4,7,516.44
3841,2025-03-09,10,1,8,14800.35
3842,2024-03-31,12,2,16,9064.05
3843,2024-12-20,12,5,3,166.51
3844,2024-01-07,2,7,9,10870.62
3845,2025-01-21,6,4,15,1163.23
3846,2024-11-21,11,8,15,4763.28
3847,2024-10-12,4,6,19,2568.27
3848,2025-07-05,11,8,8,2225.13
3849,2025-06-06,10,8,11,3517.75
3850,2024-07-24,12,2,1,531.62
3851,2024-02-14,6,8,7,2215.48
3852,2024-10-11,11,5,6,353.07
3853,2025-02-07,13,5,16,930.94
3854,2024-12-10,13,8,13,3779.36
3855,2025-05-10,8,8,5,1502.82
3856,2024-10-11,9,5,17,976.98
3857,2025-05-19,9,5,13,770.49
3858,2025-07-05,7,3,14,508.23
3859,2025-06-01,9,8,15,4781.07
3860,2024-02-12,10,7,5,5881.2
3861,2025-07-25,11,8,3,924.49
3862,2025-05-19,13,2,5,2768.67
3863,2025-06-07,8,3,10,371.39
3864,2025-05-29,1,3,7,278.1
3865,2024-10-06,10,1,13,24947.69
3866,2025-04-04,1,6,5,613.08
3867,2024-09-01,3,5,3,166.71
3868,2025-07-01,1,7,9,10374.58
3869,2024-08-08,9,6,8,967.05
3870,2025-05-22,9,1,9,16179.62
3871,2024-05-02,11,6,8,1110.34
3872,2025-09-14,7,1,16,30661.74
3873,2025-01-06,13,7,1,1234.32
3874,2025-09-03,4,4,3,252.81
3875,2025-03-01,10,6,18,2285.32
3876,2025-02-12,9,3,18,736.94
3877,2024-05-14,12,8,7,2209.66
3878,2024-05-12,6,6,14,1711.71
3879,2025-03-27,7,5,4,233.25
3880,2025-01-14,9,8,1,276.93
3881,2025-01-05,6,2,5,2937.81
3882,2025-04-18,10,2,16,8588.44
3883,2024-10-18,9,3,3,108.68
3884,2024-04-23,9,1,4,7420.39
3885,2024-11-17,5,1,8,16085.83
3886,2025-08-11,7,4,7,509.95
3887,2024-12-15,12,4,13,1032.74
3888,2025-06-09,11,6,15,2082.93
3889,2024-12-11,5,6,17,2264.47
3890,2024-03-27,1,2,19,10317.99
3891,2024-12-09,3,3,12,436.07
3892,2025-01-26,9,6,5,617.99
3893,2024-11-19,1,5,19,1147.45
3894,2024-09-12,3,2,11,6073.33
3895,2025-08-14,11,2,14,8106.97
3896,2024-03-18,9,1,15,27729.56
3897,2025-07-14,13,5,6,342.62
3898,2025-02-07,3,3,12,475.58
3899,2025-04-12,4,8,15,4309.66
3900,2025-06-05,9,5,10,560.86
3901,2024-09-13,6,8,17,5096.25
3902,2024-09-25,2,7,10,11467.78
3903,2024-02-13,3,1,8,14633.45
3904,2024-08-15,6,7,2,2448.57
3905,2024-01-13,2,6,16,1974.19
3906,2024-05-19,7,3,5,190.82
3907,2024-06-25,10,4,2,160.41
3908,2025-08-18,10,1,4,7813.27
3909,2025-08-30,3,8,6,1892.04
3910,2024-07-21,13,6,14,1826.68
3911,2025-03-09,9,3,20,817.09
3912,2025-01-05,10,8,10,2838.52
3913,2025-06-30,13,6,20,2545.84
3914,2025-06-04,10,2,12,6323.63
3915,2024-05-18,10,3,10,387.81
3916,2024-01-14,10,3,20,787.83
3917,2025-03-10,8,8,14,3909.4
3918,2024-05-04,9,4,11,843.71
3919,2025-08-17,4,4,4,310.97
3920,2025-04-19,2,7,15,19297.05
3921,2025-01-31,9,5,8,485.89
3922,2024-08-29,4,3,12,443.63
3923,2024-09-08,4,2,8,4213.7
3924,2024-09-12,10,4,2,149.93
3925,2025-07-06,3,8,9,2493.35
3926,2025-04-24,9,1,8,14536.07
3927,2024-10-19,3,3,11,401.26
3928,2024-09-28,7,8,2,629.18
3929,2025-09-28,1,3,5,207.34
3930,2025-08-31,7,2,3,1671.7
3931,2025-07-12,3,4,17,1407.63
3932,2024-12-30,9,4,12,1009.19
3933,2025-05-02,6,5,3,180.3
3934,2025-04-11,11,6,12,1547.05
3935,2024-11-08,5,3,9,345.92
3936,2024-04-15,8,2,18,10130.45
3937,2024-07-06,3,1,15,28192.49
3938,2024-05-09,6,7,17,21407.52
3939,2024-11-16,12,5,7,425.28
3940,2025-08-13,9,1,4,7041.96
3941,2024-10-30,2,1,7,13505.47
3942,2024-12-20,2,4,2,152.46
3943,2024-04-11,13,2,14,8260.16
3944,2024-09-19,9,6,14,1930.53
3945,2024-02-07,9,6,13,1746.43
3946,2024-12-07,9,1,16,32567.98
3947,2024-01-03,10,2,10,5443.82
3948,2024-09-19,6,8,17,4874.19
3949,2025-09-07,4,7,20,23782.83
3950,2025-02-07,13,6,4,527.69
3951,2025-01-18,8,2,9,4852.08
3952,2024-11-10,9,7,15,17633.01
3953,2024-12-14,2,7,10,11720.3
3954,2025-06-09,11,4,10,758.27
3955,2025-08-15,10,4,19,1604.75
3956,2024-09-18,11,6,14,1757.25
3957,2024-12-01,9,4,1,81.24
3958,2025-01-23,2,3,14,511.73
3959,2024-05-09,11,3,9,360.25
3960,2025-06-21,6,1,2,4099.89
3961,2024-12-24,10,1,19,36578.34
3962,2025-07-07,8,8,8,2407.84
3963,2024-03-29,4,4,10,758.24
3964,2024-01-31,9,5,8,457.87
3965,2024-06-29,1,5,4,233.65
3966,2024-10-27,13,7,13,14732.9
3967,2024-09-24,9,7,6,6791.35
3968,2025-03-07,1,3,5,187.19
3969,2024-08-08,7,8,15,4754.24
3970,2024-09-24,10,1,9,16003.44
3971,2025-05-27,9,1,11,19450.0
3972,2025-01-14,3,3,7,276.46
3973,2025-05-26,9,1,19,36409.33
3974,2024-09-03,9,6,18,2437.29
3975,2024-08-19,1,3,9,361.9
3976,2025-07-02,4,2,8,4650.82
3977,2024-09-29,5,2,4,2341.25
3978,2025-04-04,10,2,9,5168.67
3979,2025-02-01,1,2,1,528.24
3980,2025-07-22,9,2,4,2306.53
3981,2025-05-05,11,7,20,22629.18
3982,2025-01-24,10,4,10,734.81
3983,2024-08-04,4,2,17,8741.13
3984,2025-01-26,2,1,11,22298.19
3985,2024-08-26,3,1,10,18418.23
3986,2024-01-03,10,1,13,24502.28
3987,2024-11-24,4,1,7,12451.96
3988,2025-08-12,5,8,5,1607.13
3989,2025-09-17,9,1,15,29513.39
3990,2025-09-26,8,5,20,1204.05
3991,2024-11-19,9,4,8,642.97
3992,2025-09-13,9,2,6,3460.45
3993,2024-01-07,7,4,6,468.44
3994,2025-08-28,10,1,12,22747.57
3995,2025-04-07,1,1,18,34742.92
3996,2025-06-04,3,4,13,950.99
3997,2024-08-04,6,7,15,18286.41
3998,2025-03-10,9,5,17,963.25
3999,2025-03-18,8,2,1,591.89
4000,2024-11-30,10,8,16,5145.36
4001,2024-12-08,9,5,20,1122.84
4002,2024-02-08,9,2,3,1631.81
4003,2025-06-29,13,5,20,1090.06
4004,2024-08-13,13,6,11,1498.28
4005,2024-07-03,10,5,19,1162.33
4006,2024-10-03,3,2,16,9172.12
4007,2024-07-04,5,1,2,3683.22
4008,2024-05-28,10,6,7,934.69
4009,2025-02-25,10,8,8,2247.85
4010,2025-07-20,10,3,9,351.37
4011,2025-08-16,10,6,17,2149.53
4012,2025-07-01,3,8,13,3933.33
4013,2024-03-14,12,4,9,719.7
4014,2024-12-08,9,8,2,593.32
4015,2024-04-01,12,6,15,1968.29
4016,2024-10-12,7,7,19,23009.0
4017,2025-05-14,7,7,7,8829.56
4018,2024-01-19,13,6,12,1544.53
4019,2025-04-26,5,3,16,643.53
4020,2025-09-22,8,3,12,454.68
4021,2024-02-24,1,3,13,546.34
4022,2025-06-02,10,2,2,1024.77
4023,2024-03-07,9,4,18,1366.92
4024,2025-03-02,9,3,3,123.65
4025,2025-01-22,3,4,17,1419.0
4026,2025-02-01,1,7,16,18056.78
4027,2024-02-29,10,2,16,9031.74
4028,2025-03-05,10,7,12,15481.56
4029,2024-04-28,13,3,5,180.05
4030,2025-05-01,8,5,4,235.27
4031,2025-09-16,4,1,5,9023.41
4032,2025-03-05,9,7,17,19385.79
4033,2024-03-04,11,7,9,9961.83
4034,2025-02-04,2,4,6,510.21
4035,2024-05-06,12,7,15,19185.15
4036,2024-07-08,9,6,6,828.03
4037,2024-10-28,5,5,17,967.44
4038,2025-05-12,8,7,17,19136.72
4039,2024-08-23,13,4,2,156.13
4040,2024-01-28,9,8,3,949.09
4041,2025-04-01,10,1,13,25471.46
4042,2024-12-07,9,3,12,473.78
4043,2025-05-03,13,4,15,1122.11
4044,2025-09-11,8,1,7,12539.56
4045,2025-01-10,1,6,12,1587.11
4046,2024-11-30,5,8,19,5422.36
4047,2025-07-11,6,6,3,390.98
4048,2025-04-27,5,2,3,1532.21
4049,2025-09-09,9,4,17,1327.03
4050,2025-03-20,11,2,4,2076.65
4051,2025-07-09,4,1,1,1912.08
4052,2024-02-04,13,3,19,796.01
4053,2025-01-23,9,4,6,496.7
4054,2025-04-25,9,2,6,3366.03
4055,2024-09-20,12,6,5,612.38
4056,2025-02-27,11,5,5,297.11
4057,2024-11-11,10,8,20,6190.26
4058,2024-10-17,2,6,12,1506.39
4059,2025-09-06,12,1,17,30293.46
4060,2024-07-19,3,7,6,6863.61
4061,2024-01-14,9,3,8,303.13
4062,2024-07-02,10,4,9,731.8
4063,2024-06-09,9,4,19,1408.47
4064,2025-07-09,9,2,14,7943.59
4065,2025-08-06,8,7,18,21500.62
4066,2024-06-15,1,6,9,1237.14
4067,2024-03-30,7,8,1,277.47
4068,2025-05-05,9,2,11,6260.14
4069,2024-05-01,13,3,17,610.34
4070,2024-09-23,6,1,20,40801.6
4071,2025-04-19,2,4,4,307.4
4072,2024-05-14,5,3,5,200.01
4073,2024-09-02,11,4,15,1213.05
4074,2025-08-18,10,5,16,1018.77
4075,2025-07-20,4,6,2,269.21
4076,2025-05-29,11,6,17,2258.2
4077,2025-04-18,9,3,13,469.72
4078,2025-01-07,1,4,1,75.9
4079,2025-01-09,10,1,19,35912.94
4080,2025-06-11,11,5,5,279.81
4081,2025-09-06,6,5,12,718.9
4082,2025-06-08,9,8,11,3270.92
4083,2024-03-22,10,8,19,5971.3
4084,2025-05-19,9,3,15,620.01
4085,2024-04-03,13,1,18,34564.77
4086,2025-01-07,9,1,4,8055.64
4087,2024-05-29,10,4,13,1061.4
4088,2024-01-11,9,5,15,875.46
4089,2024-12-24,9,4,1,81.36
4090,2025-08-07,10,4,19,1526.05
4091,2025-07-15,9,8,4,1225.61
4092,2025-08-25,12,4,7,554.85
4093,2024-12-31,7,3,17,648.73
4094,2025-07-15,9,2,18,10313.6
4095,2025-02-02,8,4,2,163.35
4096,2024-01-06,5,5,20,1195.56
4097,2025-05-02,11,5,11,645.11
4098,2025-07-20,6,2,2,1089.55
4099,2025-05-11,3,6,10,1321.83
4100,2024-09-21,9,7,1,1283.84
4101,2025-02-05,12,4,20,1583.98
4102,2025-07-16,10,8,20,6195.88
4103,2024-12-23,6,4,16,1229.59
4104,2024-03-09,9,5,7,445.44
4105,2025-09-05,4,8,4,1258.82
4106,2024-10-12,12,4,11,890.91
4107,2024-12-24,4,3,5,185.35
4108,2024-08-05,5,4,14,1120.45
4109,2025-01-21,10,1,6,10891.22
4110,2025-08-22,10,7,11,12557.04
4111,2025-03-30,6,2,10,5598.1
4112,2024-02-23,3,3,8,300.41
4113,2025-06-07,6,1,19,34597.5
4114,2025-04-13,13,1,5,8791.23
4115,2024-03-10,8,5,9,568.13
4116,2025-06-11,10,2,6,3087.28
4117,2025-02-15,13,3,16,641.67
4118,2024-10-31,1,7,4,5111.91
4119,2025-09-18,10,1,12,22373.09
4120,2024-09-20,10,5,12,693.24
4121,2024-09-07,3,7,7,8676.45
4122,2024-12-12,9,5,7,395.3
4123,2025-09-22,9,1,9,17578.77
4124,2024-05-27,10,4,13,1037.77
4125,2025-07-01,13,7,19,21039.37
4126,2024-03-01,8,6,1,126.94
4127,2024-11-08,13,8,1,320.05
4128,2024-04-06,1,4,19,1584.66
4129,2024-11-23,9,3,4,153.06
4130,2024-06-07,5,4,19,1557.36
4131,2025-02-15,9,7,20,22643.35
4132,2024-01-28,2,3,14,506.0
4133,2025-07-28,9,8,15,4678.99
4134,2024-08-27,9,6,16,2141.72
4135,2024-05-19,9,3,2,76.75
4136,2024-12-31,10,1,3,6135.31
4137,2025-01-20,12,5,14,852.92
4138,2024-04-28,12,8,14,3872.83
4139,2025-06-24,10,5,15,836.24
4140,2025-09-29,4,8,7,2084.22
4141,2024-12-16,12,5,1,58.45
4142,2024-07-30,6,8,15,4698.31
4143,2024-05-01,9,8,5,1510.98
4144,2025-06-09,3,3,13,522.17
4145,2024-10-05,3,1,1,1850.87
4146,2024-12-29,8,6,13,1738.35
4147,2025-06-08,2,7,13,15114.81
4148,2025-07-03,10,3,15,592.73
4149,2024-05-24,10,5,5,297.67
4150,2025-03-31,5,7,1,1120.27
4151,2025-01-22,5,1,17,31973.04
4152,2024-01-03,9,7,16,20343.47
4153,2024-12-07,10,1,16,31973.74
4154,2024-11-04,9,6,15,1965.06
4155,2025-08-12,8,1,11,22474.71
4156,2025-01-31,1,8,2,630.26
4157,2024-01-31,4,6,2,243.49
4158,2024-05-16,10,4,20,1498.0
4159,2024-05-23,12,8,12,3832.97
4160,2025-03-17,10,6,8,1092.79
4161,2025-05-13,9,5,9,559.16
4162,2025-03-25,10,5,6,328.86
4163,2024-09-17,10,8,10,2778.89
4164,2024-09-28,12,4,8,627.81
4165,2024-07-01,8,7,13,16202.93
4166,2024-11-17,9,7,1,1264.8
4167,2024-03-22,10,5,20,1209.7
4168,2025-02-26,7,2,9,4761.44
4169,2024-06-19,11,6,17,2158.18
4170,2024-09-21,5,6,1,130.34
4171,2024-05-30,7,4,11,819.69
4172,2024-03-28,3,1,17,31621.56
4173,2025-01-09,8,7,17,20758.02
4174,2025-02-15,11,2,8,4291.49
4175,2025-03-27,1,8,7,2150.68
4176,2024-01-11,10,3,5,199.89
4177,2025-02-26,13,3,1,37.97
4178,2024-05-17,9,8,18,5714.9
4179,2024-03-02,10,5,16,1015.25
4180,2024-08-04,6,1,10,18001.02
4181,2024-04-02,10,5,16,1017.51
4182,2024-11-07,9,8,11,3318.66
4183,2024-05-02,11,3,14,541.28
4184,2025-08-17,9,8,19,6149.75
4185,2024-09-06,5,5,15,921.6
4186,2024-01-07,12,3,19,799.23
4187,2025-08-01,1,6,20,2553.15
4188,2025-09-25,13,4,9,696.99
4189,2024-04-08,11,5,10,587.97
4190,2025-03-29,8,2,12,6492.7
4191,2024-04-24,12,1,15,26334.83
4192,2024-12-31,11,4,4,309.87
4193,2025-03-10,6,4,2,150.75
4194,2025-06-16,12,8,3,905.31
4195,2024-08-16,12,6,14,1715.86
4196,2024-04-22,2,1,16,30600.48
4197,2025-01-12,10,7,14,15664.52
4198,2025-03-02,9,7,13,14930.19
4199,2024-08-14,9,1,6,11628.22
4200,2024-09-11,2,3,17,684.74
4201,2025-08-12,6,5,13,777.96
4202,2024-08-23,9,3,18,757.05
4203,2024-05-10,5,4,6,497.85
4204,2024-11-25,10,3,7,283.74
4205,2024-11-08,7,7,10,11283.41
4206,2024-12-08,7,7,18,22299.58
4207,2024-05-02,9,7,1,1242.7
4208,2025-08-13,8,4,9,703.9
4209,2024-10-23,10,4,8,608.33
4210,2025-05-17,13,6,16,1979.04
4211,2025-09-04,3,8,16,4910.84
4212,2024-09-06,7,6,19,2439.16
4213,2024-11-27,10,3,6,235.9
4214,2025-08-18,1,3,9,325.27
4215,2024-09-13,6,7,17,20738.25
4216,2025-09-19,10,8,2,580.14
4217,2025-01-23,11,2,12,6892.33
4218,2024-08-07,12,8,8,2410.62
4219,2024-09-14,9,5,9,532.27
4220,2025-03-30,9,4,7,525.34
4221,2025-09-10,3,6,12,1556.58
4222,2024-01-14,11,3,8,320.86
4223,2025-07-04,10,5,6,349.57
4224,2025-03-10,9,4,2,147.51
4225,2025-07-14,5,1,4,7281.62
4226,2025-07-19,7,4,8,617.42
4227,2025-08-01,9,2,2,1105.17
4228,2025-06-22,4,5,7,401.51
4229,2025-03-21,9,8,3,971.71
4230,2024-11-08,9,8,19,5853.02
4231,2024-09-12,7,6,12,1430.46
4232,2024-07-08,10,3,19,765.91
4233,2024-12-28,12,5,3,178.68
4234,2025-04-10,3,6,5,676.89
4235,2025-03-29,9,3,3,115.02
4236,2025-02-23,10,2,10,5781.83
4237,2024-08-14,3,4,2,165.32
4238,2024-10-10,9,5,15,842.87
4239,2024-05-01,13,4,12,975.79
4240,2024-03-24,3,5,10,543.71
4241,2025-09-29,8,5,1,59.72
4242,2024-03-22,9,1,12,23584.41
4243,2025-01-31,9,1,1,1832.86
4244,2024-07-17,3,4,5,383.93
4245,2025-08-06,2,2,7,4027.41
4246,2024-07-04,11,6,16,1921.55
4247,2025-03-02,10,8,14,4231.49
4248,2024-08-11,3,2,5,2536.78
4249,2025-04-13,4,2,8,4068.35
4250,2025-01-25,3,1,18,34428.31
4251,2024-10-07,8,6,6,735.39
4252,2025-02-03,9,3,3,120.2
4253,2025-01-25,11,4,4,313.08
4254,2025-07-26,10,8,2,647.2
4255,2025-04-13,2,8,3,829.63
4256,2025-08-07,2,2,17,9770.81
4257,2025-06-19,1,4,7,577.93
4258,2024-07-14,13,5,19,1097.3
4259,2024-07-19,9,7,12,13381.7
4260,2025-05-15,3,8,5,1434.26
4261,2024-06-17,8,4,16,1356.97
4262,2025-03-19,11,1,11,21793.22
4263,2025-07-07,1,4,19,1527.91
4264,2024-11-03,12,1,1,1852.02
4265,2025-02-15,11,7,13,16065.3
4266,2025-09-22,5,8,2,554.81
4267,2025-01-02,1,1,19,36054.89
4268,2024-02-18,8,4,6,452.48
4269,2025-05-16,7,8,10,2896.95
4270,2025-01-20,9,3,8,310.41
4271,2025-02-04,4,6,18,2447.75
4272,2025-08-31,10,6,11,1532.28
4273,2024-04-10,9,7,1,1289.06
4274,2024-05-18,10,7,16,19331.05
4275,2024-12-13,8,4,5,423.62
4276,2025-04-13,8,8,12,3610.88
4277,2024-07-30,8,8,9,2526.45
4278,2024-04-22,8,2,15,8014.85
4279,2024-12-08,1,5,12,709.52
4280,2025-05-14,5,2,12,6524.14
4281,2025-04-22,10,2,3,1624.36
4282,2024-10-11,1,4,13,957.35
4283,2025-05-13,1,6,11,1382.62
4284,2024-09-18,5,7,17,21933.35
4285,2025-08-20,13,4,16,1254.31
4286,2024-06-10,12,5,11,626.24
4287,2025-04-01,10,1,1,1817.23
4288,2025-02-17,8,3,5,194.89
4289,2025-01-02,10,8,9,2780.78
4290,2025-05-01,10,4,13,1075.94
4291,2025-06-03,1,6,15,1786.85
4292,2024-02-01,10,2,14,7911.01
4293,2024-04-10,4,5,1,56.55
4294,2025-01-25,4,8,15,4164.43
4295,2024-12-12,9,6,4,499.89
4296,2024-07-18,9,7,14,17004.5
4297,2025-09-19,10,8,12,3798.57
4298,2024-12-20,13,2,14,8260.11
4299,2025-08-23,11,8,7,2023.02
4300,2024-08-07,10,3,8,302.67
4301,2024-06-20,5,3,14,526.65
4302,2025-04-26,10,1,2,3549.15
4303,2025-08-31,3,5,11,643.65
4304,2024-07-08,11,5,18,1024.93
4305,2024-05-24,10,4,11,898.7
4306,2025-07-30,12,4,7,551.53
4307,2025-04-23,11,8,19,6150.11
4308,2025-08-16,8,6,13,1616.34
4309,2024-03-27,2,3,3,123.29
4310,2025-09-08,10,5,3,189.24
4311,2025-02-03,3,7,4,4474.42
4312,2024-10-08,10,2,19,11025.58
4313,2024-11-24,11,3,10,413.29
4314,2025-06-19,10,6,6,741.95
4315,2025-09-13,9,8,15,4143.41
4316,2024-04-15,3,4,6,461.44
4317,2025-03-18,10,1,18,36746.54
4318,2025-01-31,9,7,13,15380.19
4319,2024-09-25,10,4,18,1534.11
4320,2024-09-25,2,5,13,798.66
4321,2024-04-06,10,1,7,13681.93
4322,2025-05-18,9,1,15,26418.78
4323,2024-02-29,10,7,14,17475.92
4324,2024-02-08,11,1,19,38759.09
4325,2024-12-22,9,7,16,19883.63
4326,2025-08-24,4,7,12,13384.55
4327,2025-07-17,11,7,11,13076.75
4328,2025-04-02,2,3,17,620.88
4329,2024-12-05,7,1,7,12883.22
4330,2024-02-29,8,3,13,516.04
4331,2024-04-18,10,5,12,670.82
4332,2024-06-26,1,1,15,29640.29
4333,2024-02-10,7,6,3,382.83
4334,2024-07-29,8,8,12,3382.37
4335,2024-12-09,10,1,2,3931.76
4336,2024-06-18,10,7,20,25653.9
4337,2024-07-02,13,3,5,196.02
4338,2025-05-27,10,4,15,1116.71
4339,2024-06-24,10,3,11,446.22
4340,2025-06-17,10,1,1,1912.13
4341,2024-06-16,13,1,7,13809.97
4342,2024-07-04,10,2,18,10494.27
4343,2024-09-29,10,2,5,2683.53
4344,2025-08-18,5,4,15,1109.35
4345,2025-03-04,10,2,16,9415.71
4346,2024-01-20,13,7,10,11749.5
4347,2025-05-02,10,2,12,6576.9
4348,2024-11-27,10,7,10,11097.83
4349,2025-06-25,4,7,17,20495.7
4350,2025-09-09,9,4,19,1390.05
4351,2025-02-21,12,4,7,515.87
4352,2024-03-26,9,7,12,15086.29
4353,2025-05-01,3,1,13,24433.86
4354,2025-01-03,10,1,13,25264.61
4355,2024-10-30,2,5,19,1134.81
4356,2025-01-24,7,2,1,525.38
4357,2025-07-13,7,3,4,151.64
4358,2025-08-10,8,4,19,1543.43
4359,2024-07-20,6,5,1,56.18
4360,2025-05-11,8,7,12,13705.08
4361,2024-06-23,1,2,1,563.25
4362,2025-08-28,7,7,8,9880.93
4363,2024-10-13,10,4,6,448.97
4364,2024-12-22,5,4,20,1701.27
4365,2025-06-10,9,1,20,35004.66
4366,2025-04-27,10,8,7,2259.99
4367,2024-08-20,10,4,16,1266.85
4368,2024-08-03,9,7,2,2510.17
4369,2024-06-09,2,7,10,12797.36
4370,2024-09-28,13,2,1,530.16
4371,2025-04-25,8,5,9,566.19
4372,2025-09-12,9,1,11,19654.94
4373,2024-09-06,8,2,18,9394.04
4374,2025-05-09,8,4,15,1142.04
4375,2025-02-20,8,6,20,2462.07
4376,2024-09-01,3,1,17,34145.46
4377,2024-10-13,7,3,9,375.17
4378,2024-09-23,9,6,6,835.52
4379,2024-09-21,1,4,17,1332.66
4380,2024-06-18,12,7,20,23196.43
4381,2025-02-09,2,8,13,3749.96
4382,2025-08-14,3,2,14,7170.81
4383,2024-02-15,10,7,11,14211.72
4384,2024-12-21,12,2,19,11103.49
4385,2024-08-19,6,4,7,527.93
4386,2025-04-24,10,1,4,7978.74
4387,2024-01-01,11,3,19,721.88
4388,2024-12-31,2,1,3,5409.29
4389,2024-11-29,13,2,12,6650.12
4390,2025-06-16,9,2,7,4097.16
4391,2024-02-07,7,2,19,9754.89
4392,2024-06-26,12,7,18,21385.8
4393,2024-12-15,9,1,10,19325.2
4394,2025-04-20,10,6,1,128.8
4395,2024-11-02,3,4,7,580.67
4396,2025-02-03,3,3,2,78.78
4397,2024-07-25,10,4,16,1339.39
4398,2024-12-17,9,6,13,1584.3
4399,2024-10-12,2,3,14,571.25
4400,2025-03-18,12,7,19,24611.75
4401,2024-08-28,10,3,4,146.46
4402,2024-03-02,2,2,5,2904.64
4403,2025-07-23,9,4,7,514.01
4404,2025-05-12,10,3,2,77.12
4405,2024-08-07,10,7,18,22146.41
4406,2025-07-07,2,1,19,37258.06
4407,2024-10-22,9,5,12,654.85
4408,2025-05-17,11,7,1,1203.62
4409,2024-04-02,10,1,9,16421.33
4410,2024-02-13,9,2,20,10979.23
4411,2025-05-28,11,5,14,834.45
4412,2024-09-19,11,1,19,37120.74
4413,2025-08-11,9,7,5,6184.62
4414,2024-11-08,9,6,19,2511.34
4415,2025-09-20,2,3,20,799.71
4416,2025-08-22,13,8,14,3984.38
4417,2025-03-05,6,7,13,15861.63
4418,2024-06-08,2,5,16,889.47
4419,2024-12-01,6,7,17,19813.03
4420,2025-06-01,10,3,20,818.27
4421,2025-05-19,7,7,14,15477.18
4422,2024-04-20,11,7,18,21926.58
4423,2024-10-27,10,2,13,6988.07
4424,2024-12-14,10,1,6,10597.16
4425,2025-09-03,4,3,11,404.84
4426,2024-05-08,11,7,2,2208.26
4427,2025-07-02,6,7,3,3572.71
4428,2024-02-25,10,1,12,24276.3
4429,2025-05-24,4,2,17,8992.82
4430,2025-02-24,11,4,10,810.71
4431,2025-04-26,3,2,5,2930.06
4432,2025-07-31,5,2,9,5264.16
4433,2025-07-16,11,8,17,4873.52
4434,2024-06-09,11,8,16,4870.46
4435,2024-08-19,10,2,4,2170.38
4436,2024-06-23,9,2,17,8749.2
4437,2025-04-05,7,5,6,380.81
4438,2025-05-27,10,7,7,8640.96
4439,2025-09-15,10,6,5,636.44
4440,2025-01-02,9,4,16,1329.52
4441,2025-05-13,3,6,7,878.0
4442,2025-01-04,9,3,18,648.68
4443,2024-09-09,5,3,17,712.03
4444,2024-11-14,9,7,13,16120.64
4445,2025-09-13,6,8,3,932.11
4446,2024-08-25,2,4,13,1036.11
4447,2025-05-29,10,7,5,5611.47
4448,2024-08-14,12,2,9,5170.54
4449,2025-06-22,1,7,3,3471.76
4450,2025-06-05,9,5,12,731.54
4451,2024-06-20,9,8,4,1259.67
4452,2024-06-29,5,5,19,1198.63
4453,2025-02-26,1,1,2,3947.68
4454,2024-08-13,9,8,12,3737.6
4455,2025-01-19,8,2,17,9368.08
4456,2024-12-27,1,3,4,152.66
4457,2024-07-18,9,4,17,1262.97
4458,2024-02-15,12,4,4,298.82
4459,2024-08-31,9,8,1,289.91
4460,2024-08-25,13,4,13,1036.13
4461,2025-07-14,5,8,1,286.62
4462,2025-09-20,7,1,1,1951.32
4463,2024-04-29,11,3,4,165.12
4464,2025-01-12,3,4,17,1324.81
4465,2025-01-22,5,8,5,1482.4
4466,2024-06-15,11,5,12,724.29
4467,2024-05-18,10,7,13,15999.69
4468,2025-01-14,13,2,6,3137.14
4469,2025-09-29,9,5,19,1188.85
4470,2025-01-01,6,7,12,13473.97
4471,2024-02-01,7,4,15,1195.87
4472,2024-01-22,9,4,13,986.32
4473,2025-04-10,10,6,12,1606.98
4474,2025-04-21,9,5,6,329.83
4475,2024-06-09,2,7,7,8950.49
4476,2024-05-26,8,7,17,20375.1
4477,2024-09-25,9,2,7,4048.03
4478,2025-09-29,2,6,8,1077.31
4479,2025-01-17,9,5,6,350.17
4480,2024-06-11,9,8,13,3659.75
4481,2024-03-11,4,2,11,5853.43
4482,2024-05-30,4,5,16,961.89
4483,2025-02-08,1,1,17,34611.31
4484,2025-05-30,12,5,15,913.89
4485,2025-09-19,10,2,11,6503.99
4486,2025-08-18,7,7,15,18478.96
4487,2024-02-08,10,2,2,1150.87
4488,2024-11-08,4,3,2,76.3
4489,2024-11-12,3,5,12,721.64
4490,2025-05-16,7,8,20,5707.65
4491,2024-01-10,3,6,10,1326.7
4492,2025-04-02,4,3,14,502.72
4493,2024-09-12,9,7,3,3332.12
4494,2025-02-20,4,6,17,2150.37
4495,2025-06-21,11,5,7,442.66
4496,2024-10-26,5,8,2,568.15
4497,2025-07-03,10,6,20,2536.12
4498,2024-09-08,8,7,13,15897.08
4499,2025-09-15,10,6,12,1632.7
4500,2025-07-11,12,6,2,266.95
4501,2024-09-27,8,3,20,798.4
4502,2025-06-29,9,7,11,13999.38
4503,2025-07-24,5,6,9,1171.02
4504,2024-12-09,1,4,18,1357.36
4505,2024-10-21,4,2,8,4326.7
4506,2025-01-03,10,5,1,58.76
4507,2025-06-13,5,6,1,133.58
4508,2025-09-24,5,1,11,19563.33
4509,2024-10-24,9,8,19,5637.88
4510,2024-10-16,5,7,9,11131.18
4511,2024-10-16,8,1,8,14507.53
4512,2024-12-11,11,8,9,2532.15
4513,2025-04-21,10,5,3,164.35
4514,2024-12-13,1,2,20,10677.65
4515,2024-07-23,12,8,19,5822.07
4516,2024-07-06,11,7,3,3463.83
4517,2025-07-16,7,8,17,5173.47
4518,2025-06-16,7,3,14,505.09
4519,2024-10-21,9,6,14,1880.04
4520,2025-07-07,10,2,6,3346.55
4521,2025-08-18,11,2,5,2607.8
4522,2025-03-15,9,5,4,243.55
4523,2024-07-14,8,8,1,292.05
4524,2024-01-15,9,1,13,26049.81
4525,2025-06-22,5,8,2,644.7
4526,2025-04-05,6,5,17,1078.26
4527,2024-12-30,10,8,7,2077.44
4528,2025-04-10,1,5,9,541.21
4529,2025-02-25,4,8,18,5718.93
4530,2025-06-03,11,5,8,490.08
4531,2024-12-31,10,5,9,572.96
4532,2025-03-23,12,4,1,75.21
4533,2024-11-26,12,7,1,1266.19
4534,2025-02-28,10,2,12,6228.51
4535,2025-08-05,9,7,13,14840.8
4536,2025-08-01,12,6,13,1637.46
4537,2024-02-01,9,2,12,6351.02
4538,2024-05-28,9,3,1,36.61
4539,2024-09-22,2,6,1,119.13
4540,2025-09-01,3,1,13,26398.42
4541,2024-08-17,12,1,19,34565.68
4542,2024-09-16,9,8,7,2239.51
4543,2024-12-11,8,4,19,1575.77
4544,2025-06-29,6,6,8,1036.34
4545,2025-01-10,9,4,17,1422.58
4546,2024-04-23,7,2,17,9099.0
4547,2024-11-30,8,2,11,6430.58
4548,2025-08-26,3,7,20,23340.84
4549,2024-11-21,2,6,1,135.7
4550,2024-08-05,10,6,1,129.22
4551,2024-10-24,6,4,11,803.2
4552,2025-08-22,7,6,20,2661.64
4553,2025-07-15,9,2,2,1099.37
4554,2024-11-17,10,5,15,922.9
4555,2024-12-15,7,3,12,451.82
4556,2024-12-28,3,5,19,1177.0
4557,2025-02-26,1,1,10,20126.87
4558,2024-08-06,11,7,15,19141.6
4559,2024-04-04,8,4,19,1462.8
4560,2024-04-13,6,4,11,924.84
4561,2024-11-07,5,1,13,23901.46
4562,2025-09-22,9,8,13,3812.92
4563,2025-06-21,13,4,9,665.86
4564,2024-02-19,7,6,11,1431.64
4565,2025-03-02,6,6,14,1893.1
4566,2025-01-23,13,4,7,541.76
4567,2025-04-15,11,7,14,16824.12
4568,2024-09-22,1,2,1,549.24
4569,2024-06-12,9,6,11,1459.98
4570,2024-03-26,10,8,19,5455.14
4571,2024-02-16,13,4,3,243.38
4572,2025-09-05,12,6,1,138.9
4573,2025-05-21,4,2,3,1543.71
4574,2024-05-15,6,1,20,39244.96
4575,2025-04-20,13,7,8,9599.65
4576,2025-03-27,12,8,17,4830.36
4577,2025-01-24,9,5,10,632.72
4578,2025-05-17,10,7,13,14972.17
4579,2025-06-14,10,4,10,791.58
4580,2025-05-10,8,5,16,910.48
4581,2024-07-31,1,8,18,5135.72
4582,2024-12-16,11,7,8,9511.44
4583,2024-03-25,10,8,15,4733.85
4584,2024-05-20,7,8,3,872.06
4585,2025-02-23,13,6,8,964.61
4586,2024-10-21,10,4,20,1524.17
4587,2025-06-07,9,1,18,36581.54
4588,2025-09-05,7,7,17,18976.49
4589,2025-01-11,11,3,8,320.24
4590,2025-03-15,5,8,5,1424.58
4591,2024-07-02,10,5,2,127.09
4592,2024-12-28,9,5,17,1077.41
4593,2025-08-21,10,6,19,2405.92
4594,2025-04-02,8,7,12,15150.35
4595,2025-04-02,1,6,11,1320.72
4596,2025-03-10,9,7,9,11040.45
4597,2025-09-12,12,3,15,541.61
4598,2024-11-10,4,5,9,503.61
4599,2025-09-19,9,8,9,2680.95
4600,2024-02-20,6,2,19,11217.1
4601,2024-01-25,7,6,4,494.16
4602,2024-08-29,9,5,7,440.25
4603,2024-12-20,12,7,14,17365.06
4604,2025-03-30,10,1,9,16076.09
4605,2024-10-21,12,2,16,8142.02
4606,2024-03-16,5,8,10,3038.58
4607,2025-02-16,6,3,16,575.97
4608,2024-11-06,13,5,7,400.88
4609,2024-02-15,13,1,16,30282.57
4610,2024-04-17,1,2,1,557.37
4611,2024-04-29,8,8,10,2922.79
4612,2024-04-07,13,4,5,366.16
4613,2024-11-15,5,2,6,3248.55
4614,2024-02-14,4,7,3,3832.89
4615,2024-01-26,10,5,15,860.34
4616,2025-08-28,12,4,13,1048.21
4617,2024-11-22,6,1,1,2017.27
4618,2025-07-05,10,7,18,21556.55
4619,2024-11-27,2,2,6,3074.35
4620,2024-11-21,10,4,6,509.78
4621,2025-02-02,5,4,1,80.64
4622,2025-05-05,10,2,14,7477.98
4623,2025-02-06,4,2,17,8925.64
4624,2025-04-06,8,6,11,1473.31
4625,2024-02-06,2,2,11,6242.0
4626,2024-08-27,1,4,7,533.93
4627,2024-06-28,8,4,1,76.67
4628,2024-08-19,9,1,1,1922.59
4629,2024-10-23,13,4,15,1266.35
4630,2024-03-27,9,5,15,822.91
4631,2025-04-16,9,4,7,590.2
4632,2024-12-02,8,6,13,1684.83
4633,2024-10-04,7,2,16,9419.03
4634,2025-01-26,1,2,2,1130.61
4635,2025-02-11,10,4,8,653.99
4636,2025-09-27,7,8,1,300.92
4637,2024-08-17,7,5,12,745.16
4638,2024-06-13,11,8,1,307.87
4639,2025-07-18,1,5,13,727.72
4640,2025-03-17,8,3,15,548.56
4641,2024-01-29,3,7,3,3381.86
4642,2024-01-23,3,4,14,1165.89
4643,2024-08-03,9,2,15,7640.71
4644,2024-12-19,8,3,17,612.52
4645,2025-03-28,9,8,16,5069.67
4646,2025-03-30,9,7,17,19190.5
4647,2024-09-09,10,7,10,11873.31
4648,2025-03-10,13,6,13,1729.42
4649,2025-02-13,3,1,12,24119.99
4650,2024-06-14,8,8,10,3110.69
4651,2024-09-19,1,6,4,509.76
4652,2025-04-28,8,8,7,2054.0
4653,2024-04-09,10,5,17,994.86
4654,2025-02-21,7,6,18,2250.26
4655,2025-02-19,9,2,6,3215.3
4656,2025-02-24,2,7,9,10671.76
4657,2025-06-17,2,2,19,10297.86
4658,2024-09-30,10,4,3,227.34
4659,2024-02-11,10,3,17,694.6
4660,2024-07-03,6,6,6,764.53
4661,2025-04-02,10,8,9,2691.38
4662,2024-05-12,9,4,10,821.1
4663,2025-09-15,11,3,19,707.93
4664,2024-11-08,12,1,8,15356.46
4665,2025-07-06,7,1,11,20306.3
4666,2025-04-30,10,2,15,7972.34
4667,2024-08-18,6,6,7,881.29
4668,2024-03-06,6,6,2,272.74
4669,2024-05-12,9,1,7,13038.91
4670,2025-03-14,13,3,20,749.62
4671,2025-01-10,12,8,1,314.72
4672,2024-10-19,10,4,19,1535.39
4673,2024-02-28,10,1,10,17914.12
4674,2024-12-04,9,6,9,1224.44
4675,2024-01-03,11,2,17,9401.24
4676,2025-08-02,9,2,7,4125.47
4677,2025-02-09,7,6,7,907.14
4678,2024-03-13,2,8,2,634.09
4679,2024-02-22,2,7,10,12655.8
4680,2024-06-02,11,6,11,1369.92
4681,2024-05-27,3,4,11,898.07
4682,2025-04-13,3,4,19,1449.24
4683,2025-05-15,5,5,8,455.1
4684,2025-09-03,9,6,9,1155.85
4685,2024-10-30,10,4,19,1507.12
4686,2025-02-04,10,2,13,6782.87
4687,2025-05-21,2,3,1,41.57
4688,2024-12-12,8,7,17,18903.8
4689,2025-03-26,2,6,9,1090.75
4690,2024-10-14,10,1,5,9522.18
4691,2025-08-17,6,7,11,13309.67
4692,2025-03-28,10,3,19,688.78
4693,2024-08-19,4,2,19,11036.48
4694,2024-08-06,9,5,17,940.88
4695,2024-03-18,11,6,13,1784.67
4696,2024-08-07,3,6,5,593.99
4697,2025-04-22,2,5,2,111.43
4698,2024-08-19,6,7,13,15260.51
4699,2025-01-14,9,2,8,4505.89
4700,2025-09-02,13,7,10,12876.66
4701,2025-09-27,13,4,5,408.86
4702,2024-03-27,4,6,5,615.87
4703,2025-01-09,4,4,10,749.94
4704,2024-01-16,3,5,13,727.01
4705,2025-03-06,13,3,1,42.09
4706,2025-09-12,12,3,8,313.84
4707,2024-11-18,7,5,5,300.62
4708,2025-03-09,10,8,14,4340.0
4709,2025-09-14,10,8,16,5078.98
4710,2024-09-10,10,1,1,1820.34
4711,2025-06-06,11,1,20,39284.6
4712,2024-08-06,9,3,12,451.27
4713,2024-03-03,10,4,19,1423.64
4714,2025-04-29,10,4,19,1513.23
4715,2025-03-22,11,3,17,671.12
4716,2025-09-13,10,8,18,5530.39
4717,2025-09-21,12,5,6,362.54
4718,2024-11-23,10,2,17,9503.53
4719,2025-06-23,10,3,3,119.82
4720,2024-11-30,2,1,16,32734.05
4721,2024-12-07,1,5,19,1082.0
4722,2025-08-13,4,6,15,1897.19
4723,2024-04-19,2,1,11,22265.84
4724,2025-06-24,9,6,9,1207.12
4725,2024-09-07,2,4,2,164.13
4726,2024-03-28,8,6,4,550.73
4727,2024-01-29,8,5,11,608.22
4728,2025-08-23,5,6,20,2377.65
4729,2024-07-16,9,8,5,1413.76
4730,2025-04-17,11,8,2,647.33
4731,2025-04-03,4,2,5,2752.01
4732,2025-07-22,11,4,12,1015.43
4733,2025-04-05,10,3,4,145.28
4734,2025-09-01,8,8,7,1955.63
4735,2024-06-15,13,2,1,592.6
4736,2024-07-09,11,6,19,2603.4
4737,2024-07-05,12,2,17,9782.73
4738,2025-01-17,7,2,2,1171.38
4739,2024-08-20,10,1,18,31924.59
4740,2025-09-15,2,8,18,5353.01
4741,2025-05-19,6,8,1,286.06
4742,2024-06-02,6,8,9,2576.04
4743,2024-04-03,8,2,2,1151.55
4744,2024-03-04,10,2,7,3610.55
4745,2025-05-11,9,3,2,80.75
4746,2025-04-07,3,4,20,1696.31
4747,2025-04-11,3,2,16,8612.22
4748,2025-06-12,9,8,18,5750.98
4749,2024-12-05,8,6,3,369.52
4750,2024-04-21,4,2,18,10626.65
4751,2025-03-10,3,5,17,999.24
4752,2025-02-09,6,7,17,21406.9
4753,2024-11-23,10,5,4,237.46
4754,2025-09-09,9,7,10,12437.6
4755,2025-06-09,7,8,11,3305.28
4756,2024-04-04,13,6,8,1058.7
4757,2025-08-06,11,4,8,640.45
4758,2024-08-27,1,7,8,9625.44
4759,2024-01-12,13,8,3,938.55
4760,2024-08-03,1,6,12,1593.19
4761,2024-06-24,6,5,2,117.06
4762,2025-02-13,8,8,17,5405.61
4763,2025-08-21,3,3,4,162.55
4764,2025-05-31,10,1,9,15782.96
4765,2025-05-20,2,2,6,3185.98
4766,2025-03-29,9,1,9,15982.9
4767,2025-09-22,9,7,16,17915.35
4768,2024-05-06,8,5,10,620.56
4769,2024-07-21,9,8,3,844.56
4770,2024-11-27,10,4,8,597.32
4771,2024-08-07,6,1,15,27319.5
4772,2024-11-03,9,8,9,2743.51
4773,2024-06-20,10,5,8,473.01
4774,2025-03-03,12,3,9,345.61
4775,2024-01-26,11,2,4,2346.77
4776,2024-12-26,10,5,8,444.5
4777,2024-09-22,7,6,4,516.83
4778,2025-02-14,12,8,2,554.07
4779,2024-11-25,4,3,12,497.08
4780,2024-01-31,11,6,7,885.65
4781,2025-03-30,4,2,11,5805.01
4782,2025-07-01,12,3,1,38.25
4783,2024-10-21,9,1,2,3713.22
4784,2025-04-01,5,7,15,18443.48
4785,2024-09-28,4,5,5,286.31
4786,2024-10-25,13,6,20,2609.26
4787,2024-05-01,10,2,18,9526.58
4788,2024-11-12,10,6,18,2497.07
4789,2025-03-13,7,2,9,5218.89
4790,2024-08-24,1,4,5,375.71
4791,2025-06-26,9,4,11,921.26
4792,2024-09-09,12,8,11,3060.06
4793,2024-03-21,10,8,7,2053.2
4794,2025-08-12,7,5,16,942.84
4795,2025-08-11,9,5,19,1075.31
4796,2024-02-22,8,7,19,22917.0
4797,2024-08-15,8,8,12,3776.39
4798,2025-02-13,10,6,10,1321.63
4799,2024-04-29,1,5,1,58.7
4800,2025-09-17,10,7,2,2243.55
4801,2025-09-25,11,4,5,416.64
4802,2024-11-13,3,3,12,480.61
4803,2024-12-06,4,7,2,2291.56
4804,2024-07-02,10,5,8,485.14
4805,2024-07-21,5,3,15,590.32
4806,2024-07-10,2,8,19,6074.22
4807,2024-09-09,10,6,20,2519.75
4808,2024-04-12,8,4,4,315.65
4809,2025-07-16,11,8,4,1205.58
4810,2025-04-06,12,3,7,277.35
4811,2025-08-14,9,2,15,8114.64
4812,2025-05-23,5,1,9,17715.58
4813,2024-03-30,3,7,8,9607.13
4814,2024-09-18,13,3,18,726.54
4815,2025-03-18,10,6,19,2394.73
4816,2025-09-17,13,8,14,4193.53
4817,2025-03-03,6,5,7,440.14
4818,2025-07-26,4,3,15,586.87
4819,2025-05-12,4,6,4,478.11
4820,2024-11-14,3,5,7,439.04
4821,2025-04-14,7,7,11,12601.41
4822,2024-09-22,5,1,12,21626.78
4823,2024-03-03,9,1,19,38899.03
4824,2025-07-04,9,4,4,340.39
4825,2025-07-31,5,2,10,5505.1
4826,2024-05-14,10,6,20,2637.34
4827,2024-05-06,9,1,1,1931.66
4828,2025-01-25,10,2,6,3527.88
4829,2025-05-16,5,3,8,316.8
4830,2024-10-28,1,4,7,515.43
4831,2025-05-31,9,8,12,3378.23
4832,2024-02-01,3,1,18,34322.97
4833,2024-01-05,9,2,15,8019.2
4834,2024-08-04,13,1,2,3763.79
4835,2025-03-18,9,8,11,3215.88
4836,2024-01-07,7,2,10,5345.29
4837,2024-11-12,12,7,14,17128.0
4838,2024-05-27,8,6,4,519.32
4839,2024-04-25,6,4,18,1369.76
4840,2025-04-05,10,7,5,5621.8
4841,2024-06-06,6,4,19,1598.09
4842,2025-08-18,10,7,15,17298.46
4843,2025-04-03,10,7,19,22839.19
4844,2025-08-05,13,6,15,1864.02
4845,2024-02-23,10,7,15,18406.39
4846,2024-03-24,8,4,19,1489.0
4847,2024-11-22,1,3,9,355.21
4848,2025-05-09,7,3,9,378.08
4849,2024-01-18,8,5,2,117.67
4850,2024-03-06,9,8,12,3538.89
4851,2025-08-06,12,3,2,82.16
4852,2024-06-25,13,3,16,669.21
4853,2024-04-13,7,8,6,1940.83
4854,2024-01-30,10,8,17,5395.82
4855,2024-09-29,3,5,6,344.96
4856,2025-02-05,10,1,11,22282.29
4857,2025-03-20,1,4,1,75.24
4858,2025-08-11,5,7,11,13525.75
4859,2024-11-09,13,5,20,1253.64
4860,2025-07-18,11,1,16,31848.6
4861,2024-07-30,7,5,8,452.93
4862,2025-06-02,10,2,16,9475.24
4863,2024-10-12,8,7,8,9605.74
4864,2025-07-23,12,8,16,5030.39
4865,2024-07-18,7,7,14,15783.77
4866,2025-04-30,6,5,6,353.38
4867,2024-03-02,2,8,6,1776.46
4868,2024-05-22,10,3,7,282.34
4869,2025-06-12,12,3,4,151.36
4870,2025-04-15,3,3,1,37.69
4871,2025-08-18,7,8,16,4470.58
4872,2024-04-08,13,7,13,14369.64
4873,2025-07-02,9,2,13,7348.97
4874,2025-03-20,9,8,13,4169.7
4875,2024-10-10,11,8,13,3617.25
4876,2025-03-30,12,3,19,733.39
4877,2024-06-01,9,1,10,19212.49
4878,2024-04-25,9,8,5,1492.32
4879,2024-05-19,8,6,2,254.46
4880,2025-01-10,10,4,17,1328.34
4881,2024-10-07,9,5,14,873.69
4882,2024-07-12,11,2,9,4741.12
4883,2024-06-04,9,4,8,664.44
4884,2024-04-09,12,5,1,58.06
4885,2024-09-14,9,6,5,665.28
4886,2024-04-03,2,4,14,1125.22
4887,2025-04-20,9,6,3,414.09
4888,2024-06-11,9,2,8,4271.26
4889,2025-08-13,8,4,7,580.24
4890,2024-09-21,12,7,9,10054.01
4891,2024-09-03,10,1,4,7717.54
4892,2025-05-28,12,7,5,5773.19
4893,2025-03-09,8,3,19,704.95
4894,2025-01-10,3,6,4,514.78
4895,2024-12-08,10,1,3,5981.99
4896,2025-08-23,11,2,20,11435.01
4897,2024-08-25,10,3,1,37.05
4898,2024-03-31,3,6,3,391.47
4899,2025-05-03,7,5,9,523.95
4900,2024-10-13,8,4,8,642.28
4901,2025-01-02,6,3,13,476.84
4902,2025-09-05,1,1,16,29479.18
4903,2025-01-05,6,5,6,329.15
4904,2024-06-04,13,1,16,29314.58
4905,2025-02-17,10,4,6,475.17
4906,2025-07-27,9,8,1,282.71
4907,2025-06-04,2,1,15,28413.07
4908,2025-04-03,10,4,5,411.21
4909,2024-06-25,8,6,9,1150.01
4910,2024-09-22,13,6,11,1375.86
4911,2025-08-27,4,7,14,16606.44
4912,2025-02-05,10,3,20,750.83
4913,2024-04-29,2,1,4,7240.74
4914,2025-03-10,9,7,6,7168.38
4915,2025-02-24,12,3,10,409.49
4916,2025-07-28,9,3,20,825.54
4917,2025-08-16,10,2,5,2958.63
4918,2025-04-14,7,8,3,964.65
4919,2025-05-08,8,3,6,216.54
4920,2025-03-20,10,2,2,1010.84
4921,2024-10-15,12,7,9,10437.3
4922,2025-05-30,11,7,19,21314.92
4923,2025-09-19,10,1,15,29074.08
4924,2024-11-14,10,4,11,821.34
4925,2024-12-24,12,8,18,5244.14
4926,2025-08-15,4,6,7,836.47
4927,2024-02-28,8,3,11,429.99
4928,2024-12-05,8,6,10,1269.87
4929,2024-05-18,10,8,1,287.58
4930,2024-06-22,4,5,13,749.05
4931,2024-10-27,11,5,3,172.3
4932,2024-09-07,9,8,7,2037.36
4933,2025-09-24,7,8,13,3942.98
4934,2025-01-28,12,7,11,13810.51
4935,2025-03-12,10,4,8,626.71
4936,2025-07-05,10,5,5,275.57
4937,2025-07-30,6,5,11,633.75
4938,2025-07-03,4,3,8,311.23
4939,2024-08-07,13,5,7,383.75
4940,2025-01-15,4,8,5,1422.95
4941,2025-02-28,4,3,10,414.49
4942,2024-05-18,10,1,3,5894.16
4943,2024-08-20,8,3,18,675.08
4944,2025-03-16,9,6,7,917.95
4945,2025-08-24,10,5,16,929.33
4946,2025-09-03,8,3,10,377.74
4947,2025-02-21,10,4,14,1181.97
4948,2025-01-27,6,7,17,19286.22
4949,2025-05-02,9,6,19,2325.81
4950,2025-01-31,10,7,13,15763.65
4951,2025-08-13,3,8,6,1796.5
4952,2025-06-27,8,3,16,670.02
4953,2024-05-26,10,4,9,726.7
4954,2024-10-29,2,6,4,552.11
4955,2024-10-11,9,7,17,20060.07
4956,2025-05-18,10,8,20,6448.29
4957,2025-08-03,5,1,8,15629.97
4958,2025-08-11,7,7,20,24795.94
4959,2025-03-28,5,4,8,669.3
4960,2024-04-16,9,4,9,707.46
4961,2025-03-15,10,4,16,1358.15
4962,2025-03-07,9,1,3,5948.48
4963,2025-06-11,2,4,4,316.06
4964,2025-03-05,5,2,12,6221.08
4965,2025-06-19,8,4,3,229.08
4966,2024-03-15,9,3,8,293.14
4967,2024-06-02,11,3,20,760.99
4968,2024-07-11,10,8,16,4904.14
4969,2025-04-09,1,1,4,7785.79
4970,2024-03-14,9,6,7,949.35
4971,2024-08-23,5,4,17,1431.03
4972,2024-03-09,6,8,10,2968.97
4973,2025-03-04,12,8,1,282.4
4974,2025-08-09,11,1,2,3872.89
4975,2024-12-31,11,4,10,806.07
4976,2025-07-02,3,7,1,1108.8
4977,2024-06-21,5,2,18,9460.53
4978,2024-06-02,9,3,12,441.61
4979,2024-03-22,2,7,15,18184.32
4980,2025-09-05,10,3,13,506.52
4981,2024-03-18,8,2,4,2302.53
4982,2025-06-28,9,3,20,718.48
4983,2024-12-24,12,3,14,540.97
4984,2024-02-12,9,2,16,9045.09
4985,2025-03-13,1,1,12,23852.44
4986,2025-05-31,2,6,1,127.91
4987,2024-07-21,6,5,14,882.71
4988,2024-12-17,5,8,20,5992.45
4989,2025-05-01,13,8,13,3758.1
4990,2025-08-24,5,6,1,120.42
4991,2024-11-22,9,8,8,2565.06
4992,2024-01-29,11,4,5,364.09
4993,2024-03-02,4,1,14,28267.9
4994,2024-03-09,9,1,12,21072.41
4995,2024-03-02,10,5,16,989.61
4996,2025-03-28,5,6,15,1955.66
4997,2025-09-03,10,2,6,3501.78
4998,2024-02-25,10,1,10,19399.33
4999,2024-07-12,13,2,19,9700.73
5000,2025-09-02,5,6,14,1805.96
5001,2024-10-29,2,6,5,621.05
5002,2024-12-10,9,2,15,8132.45
5003,2024-12-09,13,1,5,10078.84
5004,2024-07-16,13,4,10,783.95
5005,2025-03-22,6,4,5,367.15
5006,2025-03-15,4,5,17,1013.28
5007,2025-04-21,9,8,6,1834.39
5008,2025-03-05,7,8,1,283.84
5009,2025-06-20,5,7,14,15981.36
5010,2025-05-23,6,5,9,500.02
5011,2024-07-03,10,7,12,13549.53
5012,2025-05-04,8,8,13,3691.6
5013,2024-09-07,13,4,8,668.09
5014,2025-03-07,2,2,14,7592.69
5015,2024-04-12,10,3,3,114.65
5016,2025-04-09,7,7,7,8267.15
5017,2024-10-31,12,4,12,941.84
5018,2024-09-26,10,5,7,397.86
5019,2024-03-13,9,5,19,1078.85
5020,2025-03-13,3,2,18,9931.77
5021,2025-05-24,7,2,12,6139.59
5022,2025-08-11,5,8,20,5686.69
5023,2024-05-27,9,8,6,1728.92
5024,2025-03-19,9,8,12,3752.45
5025,2024-07-08,1,8,11,3463.43
5026,2025-03-18,10,4,9,708.74
5027,2025-08-05,1,8,18,5116.19
5028,2024-03-12,10,2,5,2635.64
5029,2024-07-07,9,7,6,6979.44
5030,2025-03-10,12,7,1,1185.75
5031,2024-04-10,1,7,8,9983.93
5032,2025-07-26,3,2,17,9949.52
5033,2024-02-08,7,7,3,3801.31
5034,2025-02-06,2,3,11,394.83
5035,2024-10-29,1,5,2,112.1
5036,2025-08-21,9,7,17,21907.72
5037,2024-05-23,9,2,9,5136.69
5038,2024-10-02,11,7,13,15894.24
5039,2024-11-21,12,3,2,83.38
5040,2024-08-03,5,5,13,707.34
5041,2024-05-21,10,7,3,3725.8
5042,2024-12-31,12,6,20,2666.15
5043,2024-09-01,9,7,7,8931.41
5044,2025-02-22,4,4,1,76.98
5045,2025-03-24,9,4,13,1017.73
5046,2025-03-04,1,4,20,1522.51
5047,2024-01-07,5,4,19,1394.29
5048,2024-11-09,1,3,17,647.68
5049,2025-03-08,7,1,20,37488.65
5050,2025-08-10,7,8,11,3482.3
5051,2024-03-22,6,7,6,7388.11
5052,2024-08-07,2,1,5,10033.72
5053,2024-12-20,13,4,11,855.83
5054,2024-08-01,5,8,19,5545.74
5055,2024-10-30,10,6,11,1409.63
5056,2024-07-16,11,6,5,627.48
5057,2025-08-27,10,5,14,820.44
5058,2024-03-17,9,6,6,817.6
5059,2025-03-09,4,5,19,1154.3
5060,2025-07-24,4,7,16,18446.73
5061,2025-01-26,1,1,8,15592.52
5062,2024-01-02,9,2,11,6106.98
5063,2024-05-02,9,6,16,2192.44
5064,2024-09-12,10,4,20,1673.72
5065,2024-05-15,6,2,10,5165.73
5066,2024-07-29,9,3,1,38.36
5067,2024-10-24,2,8,17,5096.76
5068,2025-03-18,12,4,7,569.95
5069,2025-09-05,2,2,13,6621.16
5070,2025-05-07,10,1,17,33911.11
5071,2025-03-18,5,7,2,2463.35
5072,2025-08-16,2,8,18,5434.81
5073,2024-03-04,9,7,16,19890.79
5074,2025-08-28,10,8,8,2535.67
5075,2024-10-05,7,5,11,661.2
5076,2025-09-09,2,6,9,1105.65
5077,2024-04-06,1,7,20,22864.58
5078,2025-06-24,9,3,7,281.35
5079,2024-03-17,7,2,10,5906.19
5080,2025-06-03,9,3,13,486.75
5081,2024-11-02,7,5,4,229.2
5082,2024-08-15,11,8,14,3969.63
5083,2024-11-01,6,4,9,729.3
5084,2025-08-01,9,1,6,11545.55
5085,2025-06-25,12,6,6,794.64
5086,2025-05-28,7,4,15,1177.81
5087,2024-05-29,5,2,19,10714.55
5088,2025-09-08,11,6,3,379.82
5089,2024-03-05,10,5,11,683.91
5090,2025-09-29,8,6,5,617.99
5091,2024-03-09,7,5,5,317.58
5092,2024-10-04,9,6,9,1159.83
5093,2025-02-10,10,6,2,242.52
5094,2025-08-27,10,4,14,1104.25
5095,2025-08-08,10,1,2,3978.76
5096,2024-12-10,10,8,8,2311.62
5097,2024-07-14,8,4,10,728.39
5098,2025-06-12,10,7,9,10540.89
5099,2024-09-15,10,4,5,411.45
5100,2025-08-05,7,2,12,6777.79
5101,2025-01-01,9,6,12,1608.12
5102,2025-07-01,10,2,14,7580.96
5103,2025-09-19,9,7,8,9427.98
5104,2025-01-29,7,2,14,7214.47
5105,2025-02-09,8,4,6,446.07
5106,2024-12-26,7,7,3,3653.83
5107,2025-04-21,12,8,10,3027.86
5108,2025-02-05,9,8,19,5931.34
5109,2024-10-24,4,7,8,8921.79
5110,2024-07-21,4,3,6,243.81
5111,2024-11-02,3,1,4,7151.35
5112,2025-04-26,1,8,13,3715.17
5113,2025-01-31,9,7,8,9548.84
5114,2025-01-03,10,4,13,945.57
5115,2024-01-15,4,7,16,18297.09
5116,2024-10-03,9,5,6,369.09
5117,2024-01-04,6,1,2,3626.08
5118,2024-01-22,10,5,17,950.7
5119,2025-09-22,4,6,5,663.94
5120,2024-10-27,3,3,1,41.9
5121,2025-04-08,8,6,17,2251.32
5122,2024-03-05,6,2,4,2053.31
5123,2024-03-14,9,1,7,13585.55
5124,2024-10-14,10,5,16,894.94
5125,2024-10-28,11,5,11,598.14
5126,2025-02-23,10,5,1,62.14
5127,2025-03-08,4,2,7,3631.05
5128,2025-07-07,8,6,14,1792.02
5129,2024-02-17,11,4,2,154.69
5130,2024-11-23,2,7,11,12464.52
5131,2025-06-09,9,6,6,811.07
5132,2024-12-24,12,1,3,5540.22
5133,2024-12-17,5,2,8,4321.7
5134,2024-11-13,11,3,17,705.67
5135,2025-08-31,10,2,19,10690.54
5136,2025-01-26,11,3,19,717.87
5137,2024-08-15,10,5,11,644.64
5138,2025-07-17,2,4,18,1430.2
5139,2024-01-20,10,1,19,38106.24
5140,2025-04-27,10,4,5,423.19
5141,2025-05-09,10,4,13,1077.46
5142,2024-08-07,3,8,1,295.92
5143,2025-03-30,8,8,18,5003.93
5144,2025-03-29,1,4,7,557.48
5145,2024-05-12,10,7,13,16479.66
5146,2024-05-17,1,8,8,2321.37
5147,2025-08-04,7,8,1,298.08
5148,2024-01-04,8,6,16,2164.9
5149,2025-02-10,9,1,11,20089.0
5150,2024-07-11,7,1,19,38657.32
5151,2024-11-04,9,8,8,2483.97
5152,2025-09-12,8,2,2,1159.46
5153,2024-04-27,9,3,14,575.63
5154,2025-09-21,10,1,2,3836.62
5155,2025-07-09,10,7,4,5054.96
5156,2025-05-05,1,2,19,10717.26
5157,2024-11-20,9,6,9,1141.03
5158,2025-03-07,10,5,8,498.02
5159,2025-02-01,13,5,4,225.07
5160,2025-02-02,9,4,5,370.3
5161,2024-04-19,10,5,6,345.98
5162,2025-08-07,10,4,12,963.34
5163,2024-08-13,10,5,3,186.22
5164,2025-03-03,11,1,8,15824.8
5165,2025-04-21,10,8,13,4120.01
5166,2025-06-29,11,6,3,411.41
5167,2024-01-20,4,8,18,5156.24
5168,2025-04-15,4,2,17,8879.87
5169,2025-01-29,4,8,1,284.66
5170,2024-05-19,1,2,12,7044.84
5171,2024-04-13,4,2,3,1729.4
5172,2024-11-12,8,8,16,4470.89
5173,2025-07-22,10,3,2,82.67
5174,2025-09-13,13,6,15,1863.74
5175,2025-08-10,5,1,7,13117.84
5176,2024-12-09,9,3,9,365.58
5177,2024-10-06,7,8,3,855.27
5178,2024-10-28,13,6,4,532.05
5179,2024-09-22,4,8,10,3226.83
5180,2025-06-24,9,6,5,667.74
5181,2025-02-01,1,2,17,9131.86
5182,2025-06-22,6,7,16,20407.77
5183,2024-09-14,6,7,10,12453.17
5184,2024-09-29,10,1,20,38251.0
5185,2024-03-05,9,5,14,802.69
5186,2024-08-30,13,1,8,16217.13
5187,2024-09-14,4,4,7,577.55
5188,2025-03-03,12,3,9,366.12
5189,2024-08-28,12,6,16,2180.65
5190,2024-10-21,9,1,7,13939.78
5191,2025-05-08,12,8,3,882.37
5192,2024-10-13,3,7,19,24388.79
5193,2024-10-30,11,4,16,1167.85
5194,2025-09-26,9,8,6,1775.0
5195,2024-06-03,3,3,6,242.38
5196,2025-06-08,13,4,5,395.66
5197,2025-05-22,11,3,12,448.58
5198,2024-03-27,9,5,11,635.3
5199,2024-05-17,9,4,3,227.95
5200,2024-09-16,4,4,6,474.39
5201,2025-03-28,12,1,10,20460.14
5202,2025-09-03,7,2,14,8089.75
5203,2025-03-20,2,3,12,435.03
5204,2024-10-24,9,7,10,12884.0
5205,2024-02-20,10,3,7,252.05
5206,2024-11-13,9,5,13,762.93
5207,2024-06-17,8,4,1,83.45
5208,2024-12-01,10,3,17,691.59
5209,2025-08-01,6,1,17,33963.63
5210,2024-12-19,9,2,14,8063.55
5211,2025-04-20,11,1,8,16268.29
5212,2024-03-29,8,7,14,15936.95
5213,2024-07-31,11,5,3,171.06
5214,2024-11-21,12,7,5,5676.33
5215,2025-07-02,10,5,17,991.28
5216,2025-05-28,10,1,6,12061.79
5217,2025-02-12,10,8,9,2748.59
5218,2025-03-09,2,7,5,6385.46
5219,2024-10-29,10,5,11,699.54
5220,2025-06-27,12,7,12,13376.97
5221,2024-05-09,4,4,12,912.52
5222,2024-11-26,11,1,15,29651.52
5223,2024-05-20,10,1,12,23293.69
5224,2024-11-09,2,6,8,1103.02
5225,2024-12-19,2,8,19,5937.45
5226,2024-03-04,9,3,10,405.83
5227,2025-06-23,4,2,12,6889.61
5228,2025-07-14,10,3,4,164.6
5229,2024-04-15,11,7,20,23731.63
5230,2024-09-04,2,4,5,381.0
5231,2025-07-30,6,1,8,15965.79
5232,2024-02-16,10,8,9,2743.35
5233,2024-07-08,5,5,10,547.26
5234,2025-09-13,11,8,13,3809.38
5235,2024-07-26,11,6,17,2024.28
5236,2024-10-26,5,2,10,5539.74
5237,2025-02-11,1,6,1,125.55
5238,2025-08-26,9,8,4,1168.24
5239,2025-01-23,12,8,16,4546.86
5240,2024-07-17,5,4,19,1406.67
5241,2025-08-28,11,1,1,1807.97
5242,2025-04-04,9,5,17,986.33
5243,2024-06-17,6,5,20,1157.03
5244,2024-04-26,8,1,10,20057.09
5245,2024-05-05,9,1,7,13157.64
5246,2024-05-09,11,3,18,722.04
5247,2024-08-21,9,6,4,507.92
5248,2025-04-21,9,8,12,3388.26
5249,2024-08-10,9,1,7,13647.0
5250,2024-12-01,2,6,5,620.4
5251,2024-09-10,9,5,6,360.22
5252,2025-05-17,4,4,20,1646.45
5253,2024-04-26,10,7,2,2408.42
5254,2024-05-29,11,8,8,2319.47
5255,2024-07-18,11,8,10,2978.54
5256,2024-06-12,12,8,15,4166.6
5257,2024-02-11,13,8,18,5026.62
5258,2024-10-13,11,8,15,4307.77
5259,2024-02-03,4,5,1,57.52
5260,2025-01-13,11,2,2,1101.32
5261,2024-04-07,10,6,14,1842.09
5262,2024-12-04,10,3,4,165.93
5263,2024-11-23,9,2,14,8242.94
5264,2024-08-30,9,4,14,1061.27
5265,2024-07-24,11,8,18,5760.46
5266,2024-04-08,3,6,16,2128.15
5267,2025-09-13,11,2,6,3478.2
5268,2025-07-08,9,3,9,355.35
5269,2025-07-25,1,5,4,244.27
5270,2025-05-30,12,4,15,1225.43
5271,2024-06-21,12,4,4,317.5
5272,2024-12-16,9,2,14,7995.13
5273,2025-04-21,11,5,10,543.01
5274,2024-02-08,8,7,2,2265.21
5275,2024-02-20,8,1,15,29709.77
5276,2024-10-26,10,3,18,702.37
5277,2024-08-20,9,4,9,683.54
5278,2025-06-24,9,6,4,540.52
5279,2025-04-10,11,7,11,14238.66
5280,2024-12-25,11,4,16,1346.88
5281,2024-08-31,13,3,12,479.05
5282,2025-04-12,9,2,18,9603.43
5283,2025-03-09,9,4,1,75.93
5284,2024-10-05,10,1,10,17838.2
5285,2024-10-17,9,6,5,642.97
5286,2025-09-24,12,8,4,1188.3
5287,2024-01-12,12,5,6,382.3
5288,2025-02-21,1,5,7,413.77
5289,2025-04-27,9,3,6,247.04
5290,2024-09-16,5,2,13,7297.27
5291,2024-08-29,6,7,9,11466.65
5292,2025-06-26,7,8,17,4820.58
5293,2024-11-10,1,2,11,6241.94
5294,2025-06-19,7,2,8,4221.5
5295,2024-12-02,2,3,5,204.14
5296,2025-04-23,7,7,13,16773.47
5297,2024-07-04,10,5,6,361.21
5298,2024-10-27,9,4,11,830.58
5299,2025-05-12,12,8,18,5543.02
5300,2024-07-08,13,1,11,20732.2
5301,2025-05-29,8,7,10,11725.24
5302,2024-04-07,3,8,1,323.66
5303,2024-12-18,7,3,20,835.69
5304,2024-12-15,10,5,3,166.43
5305,2025-02-09,11,7,6,7698.56
5306,2024-05-07,8,6,14,1668.73
5307,2025-03-27,2,2,16,9206.11
5308,2024-11-17,13,2,19,9931.57
5309,2024-09-08,2,3,15,613.32
5310,2025-06-15,6,1,3,5810.4
5311,2024-04-09,13,7,3,3540.51
5312,2024-05-06,10,7,11,12668.33
5313,2025-04-01,5,8,2,623.18
5314,2024-01-04,5,2,6,3337.67
5315,2025-01-10,1,5,8,468.03
5316,2025-03-27,12,2,5,2918.15
5317,2025-08-20,5,1,17,34099.51
5318,2025-02-13,12,6,17,2032.23
5319,2024-06-22,10,1,11,22539.96
5320,2025-04-13,12,6,13,1806.04
5321,2025-03-13,10,7,19,23129.41
5322,2025-05-30,13,2,14,7933.99
5323,2025-07-31,13,2,6,3511.45
5324,2025-09-09,11,5,5,295.27
5325,2025-05-01,9,4,13,1072.57
5326,2024-07-26,9,5,19,1193.0
5327,2025-07-08,7,3,1,37.41
5328,2025-05-11,7,6,16,2135.14
5329,2024-10-14,9,2,7,3549.52
5330,2025-07-09,6,7,10,12286.55
5331,2025-01-05,3,6,7,945.52
5332,2024-06-29,9,3,9,373.09
5333,2024-12-13,5,3,14,510.95
5334,2024-09-27,11,6,16,1981.87
5335,2025-05-12,10,4,19,1439.86
5336,2024-06-24,5,5,5,303.28
5337,2025-01-27,12,2,19,9883.56
5338,2024-10-07,4,6,20,2544.82
5339,2025-04-09,3,7,18,20687.47
5340,2024-07-02,5,4,20,1640.55
5341,2025-09-11,10,8,18,5677.51
5342,2025-08-09,10,3,17,611.84
5343,2025-04-03,1,3,19,716.84
5344,2025-05-13,10,5,9,527.16
5345,2024-08-02,13,5,8,481.16
5346,2025-09-02,10,2,17,9230.24
5347,2024-12-01,9,1,14,26254.33
5348,2024-12-02,10,3,2,80.65
5349,2024-02-29,1,4,17,1289.35
5350,2024-05-23,1,2,18,9798.15
5351,2025-05-16,10,4,10,744.81
5352,2025-08-28,3,5,5,288.4
5353,2025-05-25,9,5,12,701.87
5354,2024-04-05,11,6,6,723.63
5355,2024-08-23,13,4,13,976.0
5356,2025-04-22,9,5,6,371.63
5357,2025-03-28,9,4,12,972.78
5358,2025-05-16,1,7,19,23535.3
5359,2025-02-11,9,4,5,404.18
5360,2025-08-24,6,2,14,7947.56
5361,2025-09-02,8,8,15,4518.24
5362,2025-05-21,9,7,7,8692.43
5363,2024-06-28,9,5,11,698.65
5364,2024-03-03,10,6,15,1833.73
5365,2025-03-06,2,5,15,844.47
5366,2024-10-20,4,7,12,13920.91
5367,2025-07-25,10,2,16,8859.83
5368,2025-06-08,1,2,1,574.39
5369,2024-12-22,8,7,20,22301.6
5370,2024-12-12,9,2,9,5231.17
5371,2025-01-27,8,2,1,563.39
5372,2025-03-07,7,8,6,1734.59
5373,2025-03-31,10,7,14,16395.65
5374,2025-06-20,4,1,12,21384.14
5375,2025-05-10,2,4,9,677.52
5376,2025-08-30,9,8,16,4798.24
5377,2025-06-04,3,6,18,2453.6
5378,2024-03-07,6,8,20,5608.46
5379,2024-03-11,12,3,17,613.13
5380,2025-03-24,9,1,16,32048.41
5381,2025-04-20,8,8,9,2689.01
5382,2025-05-14,9,3,10,406.73
5383,2025-03-22,5,1,7,12556.33
5384,2025-09-23,12,6,5,684.59
5385,2025-05-06,7,4,11,900.88
5386,2024-03-26,1,8,6,1806.51
5387,2025-06-18,11,5,14,858.93
5388,2025-04-04,2,4,13,1054.96
5389,2024-10-16,11,8,11,3244.28
5390,2025-07-19,1,6,3,395.02
5391,2025-09-25,4,1,2,3890.33
5392,2025-08-20,10,1,12,23440.0
5393,2024-12-26,12,1,10,20020.86
5394,2025-05-09,7,4,16,1314.28
5395,2025-02-19,7,3,16,666.12
5396,2025-02-14,9,7,15,17887.14
5397,2024-08-16,9,1,16,28386.78
5398,2025-02-20,9,2,11,5838.45
5399,2025-08-28,1,3,19,711.04
5400,2024-06-19,3,4,16,1327.78
5401,2024-07-15,10,5,3,173.03
5402,2025-05-09,13,5,6,365.35
5403,2025-02-11,10,2,16,8693.68
5404,2025-01-23,3,4,12,927.0
5405,2025-01-22,10,7,7,7735.72
5406,2025-01-17,12,3,20,833.46
5407,2024-05-02,11,8,4,1175.92
5408,2025-08-09,10,5,16,1010.94
5409,2025-07-09,9,7,9,11103.93
5410,2024-05-07,9,2,1,586.18
5411,2024-09-20,10,1,18,34073.62
5412,2025-08-25,7,1,11,21032.5
5413,2024-01-14,1,7,16,19490.43
5414,2024-12-19,2,4,15,1190.95
5415,2024-11-05,4,7,10,11786.23
5416,2024-07-04,11,8,9,2805.3
5417,2025-09-04,9,3,5,204.15
5418,2025-08-02,9,2,12,6061.51
5419,2025-01-18,10,4,10,851.55
5420,2024-04-11,6,6,1,123.89
5421,2025-03-03,11,7,6,7309.64
5422,2024-12-12,5,7,13,14392.12
5423,2024-08-28,3,2,15,8566.21
5424,2024-10-12,7,8,17,5122.16
5425,2024-12-23,9,6,12,1536.28
5426,2025-02-24,5,5,9,569.92
5427,2024-03-03,8,6,6,754.06
5428,2024-08-02,8,3,3,110.29
5429,2024-11-16,7,2,20,10244.57
5430,2024-12-31,6,8,19,6037.87
5431,2024-04-20,4,1,1,2026.05
5432,2024-08-08,10,8,8,2353.84
5433,2024-08-31,9,4,9,688.58
5434,2025-07-15,10,8,4,1292.29
5435,2025-08-27,12,7,11,12644.01
5436,2025-07-24,7,8,11,3528.47
5437,2024-01-24,8,3,17,629.68
5438,2025-08-15,9,8,11,3370.17
5439,2024-05-04,10,8,7,2088.26
5440,2025-02-10,9,4,19,1534.92
5441,2024-11-11,7,1,19,36078.22
5442,2025-06-17,12,1,2,3911.1
5443,2025-03-25,8,3,20,767.49
5444,2025-05-02,13,1,3,5256.93
5445,2024-05-29,13,7,12,13588.34
5446,2024-10-10,1,5,3,183.74
5447,2024-11-25,6,8,6,1736.05
5448,2025-04-25,9,8,2,646.29
5449,2024-12-16,10,4,18,1491.72
5450,2024-09-11,10,3,14,547.88
5451,2024-02-05,9,1,12,21264.2
5452,2025-02-20,8,2,5,2760.25
5453,2025-01-20,10,3,16,660.45
5454,2024-11-19,12,3,4,150.73
5455,2024-08-23,4,2,16,8420.46
5456,2024-06-06,1,6,17,2093.26
5457,2025-08-18,4,7,17,21799.81
5458,2025-01-10,8,7,2,2566.77
5459,2025-08-25,9,8,8,2490.25
5460,2024-03-31,1,8,16,5107.36
5461,2024-08-13,4,2,1,560.26
5462,2025-01-06,3,6,16,2065.27
5463,2025-03-06,1,1,5,9173.13
5464,2024-03-19,2,8,10,3038.33
5465,2025-01-02,3,2,3,1605.7
5466,2024-11-11,5,5,1,60.93
5467,2024-02-15,1,5,11,654.4
5468,2025-02-09,3,8,1,295.49
5469,2024-02-08,10,5,20,1234.68
5470,2025-03-17,10,1,8,15893.29
5471,2024-10-21,9,3,10,381.44
5472,2024-03-29,1,4,8,616.78
5473,2025-07-21,10,5,9,543.48
5474,2025-06-28,8,4,20,1462.5
5475,2024-09-22,9,1,9,17641.95
5476,2025-07-19,9,7,16,19605.4
5477,2024-01-13,9,2,15,7643.3
5478,2024-06-18,9,1,19,36087.26
5479,2024-10-23,9,2,8,4668.39
5480,2024-08-13,9,3,18,656.61
5481,2024-09-02,12,7,5,5874.9
5482,2024-09-17,8,3,15,575.87
5483,2025-05-26,3,6,16,2160.36
5484,2024-12-12,7,1,19,36932.87
5485,2024-11-29,5,4,3,246.8
5486,2024-11-03,12,3,13,542.52
5487,2025-08-10,5,2,14,7480.59
5488,2024-04-03,4,5,10,634.23
5489,2025-03-08,9,7,20,23177.5
5490,2025-03-24,11,2,8,4695.59
5491,2024-07-18,9,7,5,5540.08
5492,2024-06-06,5,7,11,13698.31
5493,2024-12-04,8,8,10,3076.75
5494,2025-07-06,12,1,6,11276.1
5495,2024-08-05,6,6,13,1566.0
5496,2024-11-07,3,2,7,3863.51
5497,2024-09-24,2,1,19,37045.16
5498,2025-09-12,7,3,16,607.95
5499,2024-12-21,2,5,17,1070.83
5500,2024-12-02,3,4,7,535.91
5501,2025-02-27,9,2,8,4147.06
5502,2024-07-11,12,3,15,580.05
5503,2024-11-10,9,2,19,10655.57
5504,2025-09-13,10,8,10,3040.11
5505,2024-07-27,9,2,7,3792.02
5506,2024-05-12,11,7,14,16812.46
5507,2025-07-24,12,6,8,1016.2
5508,2024-12-20,10,1,7,12390.44
5509,2025-05-29,12,8,15,4569.75
5510,2025-08-14,9,4,7,526.43
5511,2025-03-26,12,2,17,8609.84
5512,2025-06-21,3,7,5,6036.24
5513,2024-06-26,9,6,7,841.16
5514,2025-03-28,5,8,18,5753.45
5515,2025-06-16,11,2,1,564.26
5516,2024-11-01,4,7,12,13385.33
5517,2024-10-26,13,3,5,189.1
5518,2025-02-20,3,6,4,527.42
5519,2025-07-20,12,2,8,4277.7
5520,2024-02-28,6,2,11,6393.08
5521,2024-12-17,10,7,5,6200.73
5522,2025-01-27,9,6,6,819.48
5523,2025-08-24,1,4,14,1115.26
5524,2025-06-17,12,2,10,5087.67
5525,2024-06-08,9,8,3,960.99
5526,2024-06-07,1,3,1,41.58
5527,2025-03-27,4,1,16,27988.63
5528,2024-08-07,6,6,15,1973.3
5529,2025-02-26,2,3,15,559.58
5530,2024-05-24,9,4,6,446.33
5531,2025-09-10,6,1,4,7348.94
5532,2025-01-19,13,5,16,984.91
5533,2024-03-19,9,5,12,719.35
5534,2024-12-05,10,3,9,365.24
5535,2025-02-16,9,8,12,3519.06
5536,2024-01-21,11,6,18,2226.89
5537,2025-07-23,9,8,2,611.24
5538,2024-11-15,3,2,8,4578.84
5539,2024-01-04,4,4,4,331.48
5540,2024-11-01,1,1,3,5525.98
5541,2025-04-03,13,4,11,825.28
5542,2025-09-22,11,7,2,2471.65
5543,2025-05-10,3,7,13,16443.35
5544,2024-03-26,1,3,7,255.76
5545,2024-11-18,9,5,11,645.38
5546,2025-05-21,9,6,1,130.12
5547,2024-01-08,11,6,14,1884.41
5548,2024-09-23,11,4,12,962.88
5549,2024-07-07,4,2,8,4498.93
5550,2025-06-15,13,7,16,20718.33
5551,2025-05-10,1,5,19,1061.38
5552,2024-11-13,6,5,19,1039.18
5553,2024-06-05,3,8,20,6412.77
5554,2025-06-07,10,3,13,546.35
5555,2025-08-13,9,2,13,7497.47
5556,2024-12-06,2,2,3,1532.81
5557,2024-05-12,10,5,12,751.82
5558,2024-03-11,10,4,15,1104.3
5559,2025-07-28,5,1,14,26170.35
5560,2024-08-28,1,6,16,2143.35
5561,2025-08-02,10,2,16,8648.12
5562,2024-10-11,4,1,4,7114.14
5563,2024-06-26,2,2,15,7790.09
5564,2024-12-01,7,7,9,9957.11
5565,2025-05-28,10,6,10,1363.43
5566,2025-04-21,12,3,10,363.49
5567,2024-07-29,10,5,3,186.52
5568,2024-08-28,6,7,14,15844.4
5569,2024-04-20,13,1,14,28264.35
5570,2024-03-10,2,5,13,712.37
5571,2025-02-15,7,6,20,2435.03
5572,2024-10-14,3,8,10,2963.85
5573,2024-07-04,13,5,19,1173.46
5574,2024-09-01,11,2,4,2263.12
5575,2025-08-21,2,4,10,807.79
5576,2025-03-08,10,1,16,30594.61
5577,2024-12-10,8,6,15,2011.69
5578,2025-05-23,5,1,9,16014.89
5579,2025-09-12,10,8,10,3162.15
5580,2024-06-27,13,8,8,2373.9
5581,2025-03-26,9,6,5,679.69
5582,2025-03-27,11,8,11,3061.76
5583,2024-06-21,1,2,17,9075.37
5584,2024-11-18,10,6,6,782.01
5585,2025-08-27,1,6,16,2203.26
5586,2024-07-26,10,7,13,15613.29
5587,2025-07-25,9,3,10,363.6
5588,2025-02-15,11,1,13,23413.16
5589,2025-08-02,1,1,13,24696.09
5590,2024-05-07,10,2,15,8810.2
5591,2025-01-21,10,3,7,261.71
5592,2024-12-11,3,1,7,13333.63
5593,2024-11-06,8,8,4,1287.93
5594,2025-06-06,9,8,7,1980.38
5595,2025-04-15,11,3,4,160.4
5596,2025-02-22,4,8,20,5748.92
5597,2025-03-18,9,5,5,287.56
5598,2025-09-28,3,6,8,1106.69
5599,2024-01-04,10,6,12,1594.83
5600,2024-12-16,11,4,13,993.38
5601,2024-11-25,7,3,8,313.03
5602,2025-04-05,12,3,19,699.34
5603,2025-03-23,10,4,7,513.25
5604,2024-10-02,10,1,6,12065.71
5605,2025-09-05,11,5,4,223.56
5606,2024-05-29,11,1,18,34095.02
5607,2025-07-29,11,8,2,642.35
5608,2024-08-20,9,2,8,4377.97
5609,2025-01-25,8,4,16,1287.86
5610,2024-04-08,11,3,5,191.12
5611,2025-09-27,9,8,3,881.62
5612,2024-11-19,9,5,20,1188.39
5613,2025-01-13,4,5,15,939.93
5614,2024-03-27,10,8,2,616.43
5615,2024-08-21,7,5,1,58.43
5616,2024-01-19,12,6,11,1453.06
5617,2024-06-14,5,2,4,2294.05
5618,2024-05-27,10,4,17,1448.81
5619,2025-05-02,9,8,16,4870.32
5620,2024-09-12,9,6,8,1026.14
5621,2024-08-13,6,4,7,574.55
5622,2024-10-26,10,8,2,613.88
5623,2025-05-23,5,2,19,10912.94
5624,2024-03-25,2,6,11,1474.3
5625,2024-06-15,3,4,9,732.07
5626,2024-03-13,9,4,16,1278.61
5627,2024-03-29,9,3,2,82.94
5628,2024-12-30,1,3,4,153.28
5629,2025-04-12,3,7,18,20805.18
5630,2025-07-25,12,1,14,28479.03
5631,2025-02-20,6,4,13,1077.46
5632,2024-04-14,1,8,6,1917.08
5633,2024-09-15,9,1,8,14739.34
5634,2025-08-17,9,7,18,22843.12
5635,2024-08-02,8,8,18,5641.74
5636,2024-08-13,4,6,9,1078.44
5637,2024-03-19,12,6,11,1400.8
5638,2025-01-27,4,2,13,7303.71
5639,2025-02-15,5,1,3,5445.49
5640,2024-08-19,1,1,13,25200.8
5641,2024-07-18,10,7,12,13960.69
5642,2024-01-17,12,1,1,1836.07
5643,2024-07-16,9,4,10,819.3
5644,2024-05-21,8,5,18,1075.76
5645,2024-11-04,6,7,2,2239.93
5646,2024-12-02,6,2,3,1775.53
5647,2024-04-05,11,6,6,796.45
5648,2024-04-13,9,1,10,18200.82
5649,2025-07-19,12,2,16,8442.09
5650,2024-12-08,11,7,7,8828.14
5651,2024-02-11,13,4,6,489.21
5652,2024-12-02,3,5,13,717.87
5653,2024-08-02,9,5,12,737.58
5654,2025-05-19,5,5,3,189.5
5655,2025-08-03,2,2,8,4647.75
5656,2025-05-12,10,8,20,6304.34
5657,2025-05-13,6,2,9,5269.44
5658,2025-08-17,13,1,1,1921.62
5659,2025-05-20,9,7,8,10186.7
5660,2025-05-13,9,8,18,4983.8
5661,2024-12-06,10,8,14,4403.49
5662,2024-06-15,9,6,8,994.71
5663,2024-03-30,9,2,14,7227.05
5664,2024-11-14,11,7,14,17322.01
5665,2025-02-23,9,4,12,896.99
5666,2025-02-03,10,4,4,313.39
5667,2025-08-21,1,6,14,1878.83
5668,2024-01-29,7,7,7,8798.5
5669,2025-06-25,8,1,10,20070.82
5670,2024-12-08,11,2,9,4572.64
5671,2024-11-30,12,3,12,505.14
5672,2024-09-24,13,5,20,1138.87
5673,2025-04-11,12,6,15,2031.67
5674,2025-03-06,9,5,18,1022.76
5675,2025-03-29,9,7,7,8053.28
5676,2024-05-31,10,6,1,139.31
5677,2025-05-31,10,3,16,666.79
5678,2025-04-20,10,8,13,3944.79
5679,2024-12-18,13,5,6,367.33
5680,2024-10-21,5,7,20,24154.78
5681,2024-11-28,10,5,9,534.48
5682,2025-09-09,11,5,7,425.68
5683,2025-02-19,8,2,14,7507.55
5684,2024-11-30,9,3,9,350.49
5685,2025-09-27,9,7,7,8997.87
5686,2025-07-12,10,3,11,436.37
5687,2025-02-21,7,8,17,4742.57
5688,2024-02-22,10,1,17,30027.39
5689,2024-08-22,10,1,5,9052.15
5690,2024-05-27,13,3,9,357.94
5691,2025-04-14,10,6,20,2626.72
5692,2025-02-01,6,5,2,113.23
5693,2025-01-20,13,2,9,4889.33
5694,2025-09-17,10,1,7,13987.21
5695,2025-09-19,13,7,14,17283.78
5696,2024-06-22,13,5,7,416.81
5697,2025-07-26,10,5,6,355.69
5698,2025-04-27,5,6,2,267.71
5699,2024-05-28,8,3,3,126.27
5700,2024-10-20,7,6,12,1473.17
5701,2024-05-04,11,5,17,962.25
5702,2025-01-23,9,8,19,6051.17
5703,2025-01-04,11,2,6,3481.12
5704,2024-12-23,9,8,18,5299.39
5705,2024-01-21,7,3,20,764.67
5706,2024-08-26,11,5,4,245.2
5707,2024-12-28,3,5,1,56.77
5708,2025-06-14,9,3,20,814.39
5709,2024-07-14,1,3,14,534.16
5710,2025-03-01,4,6,11,1312.28
5711,2025-08-07,10,1,4,7862.5
5712,2024-11-15,5,2,8,4375.94
5713,2025-04-25,13,8,9,2729.04
5714,2024-09-24,13,8,8,2210.62
5715,2025-04-16,13,8,7,2084.26
5716,2025-06-18,10,2,1,513.66
5717,2024-05-22,3,3,6,250.82
5718,2025-09-20,8,4,17,1317.49
5719,2024-11-05,8,3,11,453.38
5720,2024-09-12,10,5,16,881.09
5721,2024-02-03,10,5,11,602.54
5722,2025-08-18,10,6,20,2772.78
5723,2025-03-05,2,3,16,614.64
5724,2025-04-17,5,8,16,4882.14
5725,2024-07-19,9,6,13,1583.0
5726,2024-07-30,4,7,9,11244.31
5727,2025-03-25,10,7,4,5015.32
5728,2024-07-20,2,3,16,651.67
5729,2025-01-25,11,2,13,6629.44
5730,2024-03-12,9,6,12,1649.67
5731,2024-12-15,9,6,2,248.2
5732,2024-08-16,13,3,20,839.02
5733,2024-10-22,10,1,17,32483.51
5734,2024-03-03,11,4,15,1217.06
5735,2025-07-27,8,5,20,1264.46
5736,2024-07-18,8,2,10,5182.44
5737,2025-09-16,10,2,15,8437.1
5738,2025-08-07,4,6,19,2440.18
5739,2025-05-13,10,7,14,17437.59
5740,2024-04-16,9,2,11,5592.36
5741,2024-03-15,11,8,12,3748.48
5742,2025-07-26,1,8,16,4841.16
5743,2024-09-29,9,2,17,9519.86
5744,2024-02-16,8,3,3,118.95
5745,2025-01-20,5,2,9,4708.02
5746,2024-05-07,7,8,6,1870.65
5747,2024-06-08,13,8,9,2823.18
5748,2025-02-03,4,1,12,23127.12
5749,2025-04-09,10,7,19,23655.51
5750,2024-02-01,4,3,11,446.53
5751,2024-06-22,2,1,18,34399.22
5752,2025-03-23,10,7,6,7450.77
5753,2024-07-09,2,6,11,1446.03
5754,2024-08-28,7,7,3,3562.9
5755,2024-10-23,11,6,18,2455.62
5756,2024-10-10,13,3,12,448.79
5757,2024-06-03,3,1,20,35842.01
5758,2024-02-16,9,1,13,25139.05
5759,2025-06-12,9,4,18,1421.55
5760,2025-08-14,10,5,4,245.62
5761,2024-11-11,6,5,17,968.85
5762,2025-07-10,10,4,1,82.24
5763,2025-04-17,6,7,1,1240.11
5764,2025-03-06,12,7,9,10912.72
5765,2024-10-02,10,5,10,586.93
5766,2025-06-28,6,4,2,152.0
5767,2025-01-06,1,8,14,4040.66
5768,2025-04-07,10,6,2,274.39
5769,2025-08-21,6,8,11,3193.76
5770,2025-05-28,9,3,16,604.78
5771,2024-12-20,10,8,6,1755.21
5772,2025-04-12,13,6,3,375.83
5773,2024-06-03,3,8,3,841.23
5774,2025-03-31,13,6,1,133.53
5775,2025-03-02,10,5,3,177.36
5776,2024-08-10,3,1,16,29208.95
5777,2025-05-06,7,6,14,1829.25
5778,2025-06-13,3,7,20,22638.33
5779,2025-08-02,9,8,8,2404.2
5780,2025-01-29,3,6,6,817.44
5781,2024-02-21,8,7,2,2376.55
5782,2025-07-08,4,4,20,1667.3
5783,2024-08-25,13,2,19,9966.74
5784,2025-07-20,8,4,14,1079.45
5785,2024-08-21,10,6,20,2776.06
5786,2025-01-19,3,1,18,34639.54
5787,2024-10-08,5,2,18,9799.38
5788,2024-10-26,5,1,5,9036.92
5789,2024-06-18,11,4,4,324.16
5790,2024-09-02,9,3,16,575.69
5791,2024-07-12,11,7,13,15422.14
5792,2024-12-19,3,1,6,11328.57
5793,2024-10-31,8,7,17,18862.47
5794,2024-06-06,2,3,7,259.46
5795,2024-02-01,9,3,10,387.76
5796,2024-09-25,9,7,5,5620.14
5797,2025-07-24,10,7,7,8270.66
5798,2024-05-24,10,2,14,7740.65
5799,2024-10-06,12,7,17,20990.56
5800,2024-05-14,9,5,6,346.61
5801,2024-08-31,12,7,18,22554.69
5802,2024-05-12,6,8,20,5945.15
5803,2024-03-01,4,1,20,38259.95
5804,2024-07-21,12,8,18,5463.52
5805,2024-07-29,13,4,7,531.32
5806,2024-10-05,10,3,13,471.3
5807,2025-09-27,10,7,14,17465.8
5808,2025-08-18,9,8,10,2866.83
5809,2025-01-22,11,4,15,1189.56
5810,2024-09-08,12,4,15,1110.47
5811,2025-01-04,9,5,3,172.29
5812,2025-09-03,2,8,7,2172.04
5813,2025-09-13,11,6,13,1806.38
5814,2024-08-01,10,4,7,582.65
5815,2024-11-19,10,1,12,23332.29
5816,2024-04-26,9,1,15,28580.04
5817,2025-08-04,10,6,15,1919.22
5818,2024-04-12,9,8,17,5232.36
5819,2024-04-19,12,5,5,283.82
5820,2024-11-22,9,1,15,26944.61
5821,2025-02-26,1,1,4,7370.47
5822,2024-12-30,8,4,18,1400.88
5823,2024-07-06,3,4,18,1459.86
5824,2024-05-10,10,5,14,845.72
5825,2024-10-27,8,2,2,1049.98
5826,2025-03-13,1,5,7,412.38
5827,2025-06-29,9,7,5,5981.8
5828,2024-10-19,1,2,5,2886.39
5829,2024-10-13,11,7,3,3476.01
5830,2025-07-13,1,2,14,7553.47
5831,2024-09-01,7,5,8,437.17
5832,2025-07-20,11,3,16,646.68
5833,2024-05-11,11,6,6,813.8
5834,2025-01-18,9,8,7,1950.98
5835,2024-04-06,13,6,13,1695.66
5836,2024-02-27,9,7,3,3809.97
5837,2025-03-29,5,3,12,433.07
5838,2024-05-05,9,7,9,10359.7
5839,2025-05-21,8,3,14,561.17
5840,2024-08-30,4,8,16,4932.03
5841,2024-10-26,3,6,19,2598.93
5842,2025-08-08,9,8,11,3225.63
5843,2025-08-19,9,3,2,75.01
5844,2024-09-01,13,3,8,289.52
5845,2025-08-29,10,1,8,15501.13
5846,2024-12-16,10,5,10,564.25
5847,2025-02-13,6,8,17,5041.73
5848,2025-03-14,6,1,10,20500.44
5849,2024-04-22,10,7,9,11514.55
5850,2025-06-05,11,4,10,739.79
5851,2025-03-05,10,2,1,507.91
5852,2024-08-11,4,3,19,749.29
5853,2024-04-23,3,3,14,533.38
5854,2025-09-13,1,3,10,390.98
5855,2024-09-27,9,2,12,6869.46
5856,2024-06-30,10,6,13,1636.83
5857,2025-05-26,6,5,9,493.27
5858,2024-12-28,1,4,3,253.68
5859,2025-03-17,5,8,18,5615.58
5860,2024-09-03,1,8,7,2266.93
5861,2025-01-02,2,2,3,1563.33
5862,2025-09-14,9,6,9,1116.9
5863,2025-02-07,10,8,2,598.81
5864,2024-01-28,7,1,13,26395.9
5865,2024-11-15,4,5,7,388.55
5866,2025-09-07,9,1,9,17743.77
5867,2025-09-29,10,4,15,1204.77
5868,2024-09-04,10,4,20,1602.48
5869,2024-10-12,11,5,12,682.75
5870,2025-02-09,10,6,15,2081.47
5871,2024-05-18,11,1,4,7498.05
5872,2025-02-19,9,3,16,666.78
5873,2025-06-29,13,2,12,6738.5
5874,2024-06-14,13,8,19,6101.99
5875,2024-06-20,6,8,11,3509.48
5876,2024-11-03,2,8,13,3813.12
5877,2024-01-24,1,1,6,11391.65
5878,2025-05-26,7,8,2,625.77
5879,2025-08-29,5,1,14,25281.29
5880,2025-08-06,12,7,20,22879.46
5881,2025-02-02,11,3,16,602.73
5882,2024-06-02,8,8,11,3138.66
5883,2024-05-16,5,4,18,1420.18
5884,2024-09-02,9,2,10,5807.2
5885,2024-07-27,10,2,19,10775.61
5886,2025-09-13,9,7,6,7353.21
5887,2024-01-09,9,3,16,618.68
5888,2024-11-19,12,7,17,19849.73
5889,2025-04-01,12,3,12,437.2
5890,2025-08-27,2,7,15,16936.07
5891,2024-04-04,5,6,14,1785.67
5892,2025-06-15,10,7,1,1289.98
5893,2024-07-28,5,1,3,5242.16
5894,2024-09-13,7,5,15,866.61
5895,2025-07-02,8,8,7,2175.64
5896,2025-09-15,2,1,11,19226.95
5897,2025-06-07,11,3,8,299.2
5898,2025-07-22,10,3,4,151.27
5899,2024-10-31,2,7,11,12609.28
5900,2025-07-02,10,6,7,942.88
5901,2025-02-15,13,2,14,7254.27
5902,2025-06-13,7,6,2,257.13
5903,2024-10-18,8,1,8,15030.27
5904,2025-02-03,5,2,15,8441.76
5905,2024-12-01,9,4,4,320.77
5906,2024-02-04,12,7,2,2419.01
5907,2024-03-06,3,4,1,79.17
5908,2024-08-24,9,3,9,366.59
5909,2025-09-22,10,7,6,7138.93
5910,2025-08-27,5,1,19,37310.81
5911,2024-12-12,6,6,1,121.07
5912,2025-06-12,4,8,5,1554.44
5913,2024-10-08,10,2,9,4559.76
5914,2025-09-01,10,7,10,12841.35
5915,2025-06-18,3,4,15,1105.32
5916,2024-08-03,10,4,4,309.61
5917,2024-12-01,9,4,4,335.31
5918,2024-04-04,10,4,13,1077.47
5919,2025-08-07,9,5,14,856.88
5920,2025-05-25,10,2,11,5650.8
5921,2025-08-10,9,2,3,1679.22
5922,2025-07-05,9,1,20,37983.24
5923,2024-02-19,8,2,10,5321.61
5924,2024-11-05,10,2,4,2187.89
5925,2025-02-22,3,1,14,28238.91
5926,2024-02-02,10,6,18,2193.3
5927,2025-03-02,9,6,16,1957.21
5928,2024-02-27,2,2,17,9877.82
5929,2025-01-23,8,3,10,396.91
5930,2024-07-24,13,5,19,1204.45
5931,2024-06-19,13,2,20,11107.52
5932,2025-07-15,8,4,9,760.17
5933,2024-11-15,10,8,2,603.02
5934,2024-05-18,9,4,20,1620.12
5935,2024-06-10,5,3,3,112.15
5936,2024-08-25,11,8,13,3963.66
5937,2024-10-01,13,4,20,1591.54
5938,2025-06-15,5,4,16,1236.01
5939,2024-12-16,3,6,6,813.11
5940,2024-06-25,5,5,5,275.93
5941,2025-05-10,10,7,11,14135.91
5942,2024-06-09,4,1,1,1874.79
5943,2025-05-26,10,1,10,19846.6
5944,2024-02-12,11,3,17,650.17
5945,2024-11-13,4,4,15,1094.62
5946,2025-03-06,7,8,7,2059.86
5947,2025-01-11,11,3,14,514.87
5948,2024-03-17,8,8,12,3801.13
5949,2025-07-09,10,8,1,323.43
5950,2024-03-27,12,5,15,881.71
5951,2025-04-14,9,7,7,8717.33
5952,2025-09-23,9,8,1,301.2
5953,2025-07-09,5,3,18,750.86
5954,2025-06-10,10,4,20,1552.28
5955,2025-05-13,11,8,13,3756.37
5956,2025-03-04,12,3,6,221.02
5957,2024-06-15,5,7,9,11105.18
5958,2025-01-28,10,2,7,3853.95
5959,2025-07-27,7,7,19,23137.88
5960,2024-07-24,2,7,17,19419.76
5961,2024-03-08,3,7,1,1162.78
5962,2025-04-16,10,2,2,1053.28
5963,2024-09-24,9,7,6,6988.01
5964,2025-02-25,2,4,11,822.85
5965,2025-04-01,11,7,1,1204.85
5966,2024-11-25,6,3,7,281.91
5967,2024-10-28,1,6,18,2382.31
5968,2024-07-29,11,8,5,1567.1
5969,2025-07-14,10,8,16,5071.62
5970,2025-09-04,10,2,19,9723.23
5971,2024-08-20,9,5,8,437.76
5972,2025-09-12,6,7,17,21104.93
5973,2024-04-16,10,1,3,5980.24
5974,2024-11-27,9,4,4,296.94
5975,2025-04-11,6,1,7,12351.35
5976,2024-03-09,9,8,1,290.8
5977,2024-12-16,6,2,3,1655.71
5978,2024-10-28,1,5,4,231.51
5979,2025-07-24,2,2,1,555.57
5980,2024-01-22,12,2,15,8369.35
5981,2024-03-03,8,3,5,185.48
5982,2025-03-25,13,3,1,41.19
5983,2025-07-08,11,5,1,54.99
5984,2025-02-26,2,4,13,950.73
5985,2024-12-14,1,5,12,656.86
5986,2024-01-10,10,4,12,906.85
5987,2024-04-09,8,3,14,513.86
5988,2025-07-05,9,7,4,4788.75
5989,2025-03-27,11,6,4,491.8
5990,2024-10-17,4,3,10,419.67
5991,2025-07-05,7,7,14,16363.02
5992,2025-06-09,5,6,16,1990.67
5993,2024-08-30,9,1,1,1988.76
5994,2025-04-05,9,1,3,5891.49
5995,2024-04-16,7,1,1,1815.49
5996,2025-09-22,12,6,17,2269.0
5997,2024-10-12,10,3,2,72.98
5998,2025-02-15,3,3,1,36.47
5999,2025-01-02,12,1,13,25651.29
6000,2024-12-11,7,8,11,3099.35
